"","Id","Date","Price"
"1","1",2005-01-02,230.3
"2","1",2005-09-06,84.39
"3","1",2006-01-18,131.07
"4","1",2006-04-05,86.43
"5","1",2006-07-02,11.49
"6","1",2006-10-04,246.51
"7","1",2006-10-17,48.6
"8","2",2005-01-02,61.11
"9","2",2005-01-16,18.75
"10","2",2006-04-06,15.49
"11","2",2006-07-20,21.49
"12","2",2006-09-08,11.77
"13","3",2005-01-02,19.99
"14","3",2005-06-02,50.67
"15","3",2006-06-11,43.5
"16","3",2006-08-31,29.77
"17","3",2006-09-26,27.13
"18","3",2006-12-24,102.36
"19","3",2007-04-19,43.3
"20","3",2007-07-07,33.51
"21","3",2008-06-15,4.79
"22","4",2005-01-02,15.96
"23","4",2005-06-13,14.99
"24","4",2005-07-03,39.25
"25","5",2005-01-02,46.88
"26","5",2005-05-13,11.77
"27","6",2005-01-02,13.49
"28","6",2005-09-20,9.99
"29","6",2005-10-16,12.77
"30","6",2005-12-21,6.79
"31","7",2005-01-02,13.97
"32","7",2005-09-26,41.31
"33","7",2006-11-11,28.49
"34","7",2006-11-14,20.35
"35","7",2007-10-15,93.97
"36","7",2008-06-05,11.77
"37","7",2008-08-04,27.33
"38","7",2010-03-15,22.99
"39","7",2010-09-07,43.3
"40","7",2010-10-15,12.99
"41","8",2005-01-02,11.58
"42","8",2005-04-30,24.48
"43","8",2005-05-03,120.43
"44","9",2005-01-02,38.47
"45","9",2005-03-30,7.98
"46","9",2007-02-02,14.96
"47","9",2007-04-14,42.48
"48","9",2007-06-12,19.74
"49","9",2007-07-11,16.99
"50","9",2007-11-06,58.46
"51","9",2008-08-21,13.99
"52","9",2009-02-20,79.21
"53","9",2010-11-08,45.47
"54","10",2005-01-02,14.37
"55","10",2005-06-26,38.86
"56","10",2006-11-30,48.94
"57","10",2009-10-24,14.37
"58","11",2005-01-02,26.94
"59","12",2005-01-02,10.77
"60","13",2005-01-02,43.34
"61","13",2010-06-04,88.18
"62","14",2005-01-02,79.2
"63","14",2005-06-03,64.74
"64","14",2009-10-23,15.76
"65","15",2005-01-02,34.74
"66","15",2008-11-16,64.45
"67","16",2005-01-02,9.77
"68","16",2005-04-28,65.97
"69","16",2005-05-03,53.29
"70","16",2005-06-02,32.47
"71","16",2005-09-30,27.98
"72","16",2005-10-10,13.77
"73","16",2005-11-06,28.7
"74","16",2005-11-27,33.72
"75","16",2006-06-15,12.99
"76","16",2006-10-17,57.5
"77","16",2006-11-21,118.23
"78","16",2007-02-12,121.15
"79","16",2007-02-14,74.73
"80","16",2007-03-22,51.67
"81","16",2007-06-05,37.71
"82","16",2007-09-06,71.63
"83","16",2007-11-11,92.81
"84","16",2007-12-08,9.58
"85","16",2007-12-20,41.47
"86","16",2008-02-24,9.49
"87","16",2008-06-21,11.77
"88","16",2008-09-02,29.06
"89","16",2009-02-13,35.48
"90","16",2009-03-12,40.98
"91","16",2009-08-19,53.46
"92","16",2009-12-28,19.95
"93","16",2010-01-06,43.13
"94","16",2010-02-02,15.38
"95","16",2010-10-17,35.93
"96","16",2010-10-26,62.58
"97","16",2010-11-01,132.67
"98","16",2010-12-19,43.89
"99","17",2005-01-02,59.54
"100","17",2005-02-18,14.79
"101","18",2005-01-02,15.36
"102","18",2005-10-29,42.71
"103","19",2005-01-02,30.36
"104","19",2005-04-02,43.47
"105","19",2006-01-14,17.7
"106","19",2006-07-28,12.77
"107","19",2006-10-28,12.99
"108","19",2007-01-31,70.42
"109","19",2007-03-28,12.25
"110","19",2007-06-30,24.98
"111","19",2008-03-20,43.09
"112","19",2008-08-09,21.49
"113","19",2008-09-19,29.33
"114","19",2009-01-19,29.73
"115","19",2009-05-25,12.97
"116","19",2009-10-09,31.05
"117","19",2009-12-26,43.69
"118","19",2010-05-14,31.35
"119","19",2010-06-04,9.98
"120","19",2010-06-12,14.37
"121","19",2010-08-30,35.47
"122","19",2010-10-09,47.46
"123","20",2005-01-02,29.33
"124","21",2005-01-02,90.96
"125","21",2005-10-11,9.97
"126","21",2005-10-22,21.49
"127","22",2005-01-02,13.99
"128","22",2005-08-22,95.2
"129","22",2005-12-02,12.49
"130","22",2006-01-07,11.77
"131","22",2006-11-03,29.66
"132","22",2006-12-20,20.75
"133","22",2006-12-24,53.98
"134","22",2007-01-12,13.99
"135","22",2007-06-05,55.1
"136","22",2007-10-13,15.36
"137","22",2007-12-08,52.98
"138","22",2008-03-25,14.99
"139","22",2008-08-18,38.77
"140","22",2008-11-08,23.49
"141","22",2009-04-08,40.53
"142","22",2009-12-21,25.48
"143","22",2010-06-23,66.96
"144","22",2010-11-13,55.27
"145","22",2010-12-06,73.62
"146","23",2005-01-02,17.3
"147","23",2005-02-08,26.14
"148","23",2005-06-05,14.96
"149","23",2005-07-10,39.47
"150","23",2006-02-23,139.7
"151","23",2006-06-19,105.76
"152","23",2006-08-01,11.77
"153","23",2007-11-28,15.99
"154","24",2005-01-02,11.77
"155","24",2005-11-29,77.21
"156","24",2006-09-24,24.97
"157","24",2006-10-18,10.49
"158","25",2005-01-02,29.92
"159","25",2005-11-30,35.99
"160","25",2006-06-02,6.78
"161","25",2008-11-13,152.89
"162","26",2005-01-02,39.91
"163","26",2005-11-19,26.99
"164","26",2008-03-03,15.36
"165","27",2005-01-02,12.97
"166","28",2005-01-02,70.07
"167","28",2005-02-15,59.96
"168","29",2005-01-02,27.98
"169","29",2005-04-23,28.49
"170","29",2005-12-29,11.77
"171","29",2006-01-03,53.96
"172","29",2006-06-01,26.13
"173","29",2006-09-14,11.77
"174","29",2007-01-20,25.97
"175","29",2007-01-25,52.71
"176","29",2007-06-01,36.28
"177","29",2007-12-12,47.41
"178","29",2008-06-15,4.79
"179","29",2009-06-09,17.9
"180","30",2005-01-02,20.54
"181","30",2005-02-15,125.69
"182","31",2005-01-02,12.77
"183","31",2005-01-10,21.76
"184","31",2005-01-25,15.36
"185","31",2005-02-01,9.49
"186","31",2005-04-04,57.51
"187","31",2005-07-01,13.97
"188","31",2005-10-02,29.92
"189","31",2005-10-22,13.99
"190","31",2005-10-22,13.76
"191","31",2006-10-21,38.5
"192","31",2006-10-23,67.57
"193","31",2006-10-31,149.92
"194","31",2006-12-03,11.77
"195","31",2006-12-24,35.95
"196","31",2007-08-13,34.71
"197","31",2007-10-23,72.99
"198","31",2007-11-18,27.14
"199","31",2007-12-05,14.96
"200","31",2008-06-02,14.96
"201","31",2008-06-28,24.48
"202","31",2008-09-09,13.77
"203","31",2008-09-25,16.36
"204","31",2008-10-12,24.9
"205","31",2009-01-01,14.96
"206","31",2009-02-16,53.45
"207","31",2009-05-08,25.48
"208","31",2009-08-11,38.99
"209","31",2009-09-16,21.49
"210","31",2009-10-24,19.98
"211","31",2009-11-22,0
"212","31",2009-12-04,176.86
"213","31",2010-03-06,10.77
"214","31",2010-09-22,12.49
"215","31",2010-11-03,41.11
"216","32",2005-01-02,66.47
"217","32",2006-10-26,25.77
"218","33",2005-01-02,9.98
"219","33",2005-01-15,12.99
"220","33",2005-03-04,24.47
"221","34",2005-01-02,16.48
"222","34",2005-06-27,37.99
"223","34",2005-12-12,38.97
"224","34",2006-01-30,25.74
"225","34",2006-03-29,92.79
"226","34",2006-08-12,25.98
"227","34",2007-02-18,25.74
"228","34",2007-05-01,60.49
"229","34",2007-06-14,79.44
"230","34",2007-08-25,27.47
"231","34",2008-04-26,47.97
"232","34",2008-06-02,25.3
"233","34",2008-06-06,12.58
"234","34",2008-07-10,51.97
"235","34",2008-11-16,53.96
"236","34",2009-04-20,2.99
"237","34",2010-02-28,13.97
"238","34",2010-04-04,13.97
"239","34",2010-06-07,14.96
"240","34",2010-06-30,8.97
"241","34",2010-10-21,11.77
"242","35",2005-01-02,316.76
"243","36",2005-01-02,28.74
"244","37",2005-01-02,59.96
"245","37",2005-02-17,23.76
"246","38",2005-01-02,15.96
"247","39",2005-01-02,46.04
"248","39",2005-06-17,55.08
"249","39",2005-06-23,68.89
"250","39",2007-12-14,30.33
"251","40",2005-01-02,11.77
"252","40",2005-05-29,12.99
"253","40",2005-08-10,24.73
"254","40",2005-11-04,13.97
"255","40",2005-11-16,30.92
"256","40",2005-12-18,83.2
"257","40",2007-04-09,99.93
"258","40",2007-04-20,46.46
"259","40",2007-05-02,78.47
"260","40",2007-10-13,70.33
"261","40",2008-03-12,20.76
"262","40",2009-06-24,29.33
"263","40",2009-08-01,64.42
"264","40",2009-11-25,50.96
"265","40",2009-12-05,17.75
"266","40",2010-11-27,19.3
"267","41",2005-01-02,20.74
"268","41",2005-01-13,75.44
"269","41",2006-04-09,27.94
"270","41",2006-05-23,35.51
"271","41",2006-05-31,22.49
"272","41",2006-11-07,81.94
"273","42",2005-01-02,20.3
"274","42",2005-03-11,10.98
"275","42",2005-08-22,14.96
"276","42",2005-12-10,26.14
"277","43",2005-01-02,15.9
"278","43",2005-02-08,21.77
"279","44",2005-01-02,11.77
"280","44",2005-05-29,29.92
"281","45",2005-01-02,10.49
"282","45",2010-11-01,9.97
"283","46",2005-01-02,44.32
"284","46",2006-07-17,6.79
"285","46",2006-10-04,27.47
"286","46",2006-12-09,15.36
"287","46",2008-02-07,11.77
"288","46",2008-02-19,34.14
"289","47",2005-01-02,19.99
"290","48",2005-01-02,14.99
"291","49",2005-01-02,48.31
"292","50",2005-01-02,28.93
"293","51",2005-01-02,11.49
"294","51",2005-03-06,36.86
"295","52",2005-01-02,15.49
"296","52",2005-06-12,9.98
"297","53",2005-01-02,26.98
"298","53",2005-06-24,56.97
"299","53",2006-06-09,28.98
"300","53",2008-03-13,28.97
"301","53",2009-08-01,58.45
"302","54",2005-01-02,9.99
"303","54",2006-03-01,68.85
"304","54",2007-03-20,25.48
"305","55",2005-01-02,12.77
"306","56",2005-01-02,11.77
"307","56",2005-02-23,14.96
"308","56",2005-09-20,9.99
"309","56",2005-10-13,10.77
"310","56",2005-12-02,14.79
"311","56",2005-12-24,23.54
"312","56",2006-08-21,62.96
"313","56",2006-08-25,182.02
"314","56",2007-11-20,14.96
"315","56",2008-10-17,23.73
"316","56",2010-10-16,11.77
"317","56",2010-11-25,8.97
"318","57",2005-01-02,14.99
"319","57",2005-01-31,57.69
"320","57",2005-06-09,95.94
"321","58",2005-01-02,53.54
"322","59",2005-01-02,23.74
"323","59",2005-05-19,12.99
"324","59",2005-06-14,29.98
"325","60",2005-01-02,44.47
"326","61",2005-01-02,72.85
"327","62",2005-01-02,12.49
"328","63",2005-01-02,11.77
"329","63",2005-06-06,6.79
"330","63",2005-09-22,12.77
"331","63",2006-08-07,9.77
"332","63",2007-12-25,44.88
"333","63",2008-06-13,2.99
"334","63",2008-07-18,47.97
"335","63",2008-08-10,14.49
"336","63",2008-11-10,27.94
"337","64",2005-01-02,24.49
"338","64",2006-06-12,28.74
"339","64",2007-09-06,24.99
"340","64",2007-11-09,50.28
"341","65",2005-01-02,26.73
"342","66",2005-01-02,18.64
"343","66",2005-01-25,54.27
"344","66",2005-03-07,33.7
"345","66",2005-04-04,42.36
"346","66",2005-04-09,21.74
"347","66",2005-04-10,51.35
"348","67",2005-01-02,37.9
"349","67",2005-08-23,23.98
"350","67",2006-06-08,14.99
"351","68",2005-01-02,121.05
"352","68",2005-03-12,11.77
"353","68",2005-09-30,162.04
"354","68",2005-09-30,30.72
"355","68",2005-10-19,58.28
"356","69",2005-01-02,89.47
"357","70",2005-01-02,26.98
"358","70",2005-12-13,11.77
"359","70",2005-12-31,255.35
"360","70",2006-05-01,12.99
"361","70",2006-08-03,50.97
"362","70",2006-08-14,50.74
"363","70",2007-05-19,38.97
"364","70",2008-01-28,5.78
"365","70",2008-03-05,65.99
"366","70",2008-06-15,58.06
"367","70",2009-04-22,6.77
"368","70",2009-07-16,19.56
"369","70",2009-09-09,53.96
"370","70",2009-12-26,22.97
"371","70",2010-03-17,9.49
"372","70",2010-07-23,23.76
"373","70",2010-08-01,37.51
"374","70",2010-08-25,39.51
"375","71",2005-01-02,16
"376","71",2005-09-19,16.7
"377","71",2006-04-24,17.76
"378","71",2006-06-24,29.92
"379","71",2006-11-21,34
"380","71",2009-01-27,23.99
"381","71",2009-03-19,29.92
"382","71",2010-03-11,89.2
"383","71",2010-11-26,39.97
"384","72",2005-01-02,27.13
"385","72",2005-07-14,22.96
"386","72",2005-11-21,11.77
"387","72",2005-12-04,25.49
"388","72",2006-10-26,493.91
"389","72",2007-11-07,24.74
"390","72",2008-09-27,13.97
"391","72",2009-05-06,46.08
"392","73",2005-01-02,15.36
"393","73",2005-04-18,11.77
"394","73",2005-05-01,57.46
"395","73",2005-09-08,1554.58
"396","73",2005-10-09,37.98
"397","73",2006-01-03,12.99
"398","73",2006-05-09,140.93
"399","74",2005-01-02,170.9
"400","74",2005-11-05,35.97
"401","74",2007-01-31,11.49
"402","74",2008-03-28,27.98
"403","74",2008-09-24,13.97
"404","74",2008-12-23,34.95
"405","74",2010-09-22,62.85
"406","74",2010-10-10,15.36
"407","75",2005-01-02,86.79
"408","76",2005-01-02,111.49
"409","76",2005-08-24,85.01
"410","76",2006-04-19,16.49
"411","76",2006-05-25,14.99
"412","76",2007-07-04,106.1
"413","76",2008-10-21,14.49
"414","76",2009-01-28,23.54
"415","76",2009-01-28,22.97
"416","76",2009-02-11,27.94
"417","76",2010-05-08,23.94
"418","76",2010-11-19,11.97
"419","77",2005-01-02,61.05
"420","77",2005-06-01,44.97
"421","77",2006-07-18,16.77
"422","77",2006-07-26,32.37
"423","77",2007-05-05,31.97
"424","77",2008-03-20,14.49
"425","77",2008-12-05,26.94
"426","77",2009-05-04,43.97
"427","78",2005-01-02,30.73
"428","78",2007-07-25,15.49
"429","79",2005-01-02,70.62
"430","80",2005-01-02,11.77
"431","80",2005-01-17,13.97
"432","80",2005-04-12,11.49
"433","81",2005-01-02,12.49
"434","81",2005-04-27,38.97
"435","81",2007-12-14,28.48
"436","81",2008-03-07,21.48
"437","81",2009-11-19,26.98
"438","81",2010-08-28,77.24
"439","82",2005-01-02,29.47
"440","82",2005-01-22,26.48
"441","83",2005-01-02,95.95
"442","83",2007-04-02,14.96
"443","84",2005-01-02,12.49
"444","84",2005-01-26,10.77
"445","84",2006-01-04,13.77
"446","84",2006-08-06,38.07
"447","84",2006-12-27,85.42
"448","84",2007-12-21,29.48
"449","84",2008-10-08,18.49
"450","84",2009-01-15,128.13
"451","84",2009-09-28,9.49
"452","84",2009-11-24,9.97
"453","84",2009-11-28,56.94
"454","84",2010-01-17,14.37
"455","84",2010-01-24,29.92
"456","84",2010-02-12,18.52
"457","84",2010-06-20,12.77
"458","84",2010-09-12,22.98
"459","84",2010-10-26,24.48
"460","85",2005-01-02,12.49
"461","85",2005-10-23,93.24
"462","85",2006-01-23,23.94
"463","85",2006-11-01,54.73
"464","85",2007-06-10,28.74
"465","85",2008-04-19,12.99
"466","85",2008-06-16,30.48
"467","86",2005-01-02,29.33
"468","87",2005-01-02,24.54
"469","87",2008-06-12,55.32
"470","88",2005-01-02,23.98
"471","89",2005-01-02,14.99
"472","90",2005-01-02,69.55
"473","90",2007-02-23,32.98
"474","91",2005-01-02,48.46
"475","92",2005-01-02,59.16
"476","93",2005-01-02,14.37
"477","93",2005-03-24,47.52
"478","93",2005-06-28,43.48
"479","93",2005-07-30,28.48
"480","93",2005-10-17,65.63
"481","93",2005-10-22,12.49
"482","93",2005-10-23,12.99
"483","93",2005-11-18,45.49
"484","93",2005-11-19,29.13
"485","93",2005-11-20,25.56
"486","93",2005-11-27,52.63
"487","93",2005-12-30,31.78
"488","93",2006-01-17,28.34
"489","93",2006-05-21,31.03
"490","93",2006-06-12,26.73
"491","93",2006-07-01,21.56
"492","93",2006-09-23,14.79
"493","93",2006-10-23,12.99
"494","93",2006-10-28,15.49
"495","93",2007-01-22,83.44
"496","93",2007-01-25,7.78
"497","93",2007-02-14,28.74
"498","93",2007-03-25,155.8
"499","93",2007-04-18,20.99
"500","93",2007-05-30,26.3
"501","93",2007-08-24,23.98
"502","93",2007-10-02,69.45
"503","93",2007-10-21,37.26
"504","93",2008-01-03,7.78
"505","93",2008-02-04,22.15
"506","93",2008-02-18,77.42
"507","93",2008-03-24,13.77
"508","93",2008-06-17,12.49
"509","93",2008-07-21,27.98
"510","93",2008-08-18,11.88
"511","93",2008-08-23,35.31
"512","93",2008-09-18,63.86
"513","93",2008-09-27,36.73
"514","93",2008-10-16,13.97
"515","93",2008-10-20,12.49
"516","93",2008-11-03,48.88
"517","93",2008-11-05,21.54
"518","93",2008-11-14,38.7
"519","93",2009-05-14,8
"520","93",2009-06-26,14.37
"521","93",2009-08-11,22.48
"522","93",2009-11-07,27.56
"523","93",2010-02-24,24.74
"524","93",2010-03-28,46.47
"525","93",2010-04-29,12.49
"526","93",2010-08-01,12.97
"527","93",2010-11-13,9.49
"528","93",2010-12-13,24.99
"529","94",2005-01-02,17.99
"530","94",2005-02-05,14.96
"531","95",2005-01-02,13.97
"532","95",2005-10-04,21.47
"533","95",2006-08-07,14.99
"534","95",2007-10-27,11.77
"535","95",2008-10-28,59.28
"536","95",2009-04-12,12.77
"537","95",2009-07-19,14.99
"538","96",2005-01-02,47.97
"539","96",2007-06-04,16.36
"540","96",2008-06-15,224.28
"541","96",2008-09-16,12.97
"542","97",2005-01-02,24.98
"543","98",2005-01-02,28.49
"544","98",2005-11-07,33.14
"545","99",2005-01-02,42.49
"546","99",2005-06-18,2.99
"547","99",2005-10-07,12.99
"548","99",2006-10-03,13.99
"549","100",2005-01-02,52.63
"550","100",2007-04-26,42.97
"551","100",2008-06-01,19.56
"552","100",2008-10-25,17.9
"553","100",2009-03-11,129.98
"554","100",2009-05-02,14.37
"555","100",2009-12-03,56.47
"556","100",2009-12-04,14.96
"557","100",2010-03-16,25.37
"558","100",2010-06-08,11.77
"559","101",2005-01-02,29.98
"560","101",2005-08-14,29.96
"561","102",2005-01-02,93.57
"562","103",2005-01-02,4.79
"563","103",2005-01-05,5.79
"564","103",2005-11-20,73.02
"565","103",2006-12-22,15.36
"566","104",2005-01-02,7.49
"567","104",2005-01-10,15.49
"568","104",2005-01-27,4.79
"569","105",2005-01-02,87.4
"570","105",2005-06-23,11.77
"571","105",2007-11-03,14.96
"572","105",2009-10-07,23.76
"573","105",2009-10-30,40.7
"574","105",2009-12-01,31.13
"575","105",2009-12-12,43.89
"576","105",2010-11-25,15.49
"577","106",2005-01-02,20.55
"578","106",2005-11-30,29.33
"579","106",2006-02-05,50.94
"580","106",2006-10-13,51.96
"581","106",2007-12-06,42.97
"582","106",2010-05-06,10.97
"583","107",2005-01-02,22.74
"584","107",2005-07-22,25.16
"585","108",2005-01-02,31.14
"586","109",2005-01-02,51.15
"587","109",2005-01-11,15.36
"588","109",2005-03-30,11.77
"589","110",2005-01-02,38.9
"590","110",2005-10-14,27.94
"591","110",2005-10-19,44.88
"592","110",2005-11-24,28.48
"593","111",2005-01-02,60.23
"594","112",2005-01-02,28.48
"595","112",2005-02-03,40.7
"596","112",2005-03-23,59.74
"597","112",2006-01-31,29.37
"598","112",2007-04-07,13.97
"599","112",2008-08-30,37.96
"600","112",2010-05-06,29.27
"601","113",2005-01-02,90.2
"602","113",2005-03-12,14.96
"603","113",2006-05-30,14.96
"604","113",2006-09-09,12.99
"605","113",2006-11-30,13.97
"606","113",2007-04-14,58.95
"607","113",2008-01-20,15.36
"608","113",2009-10-12,43.94
"609","114",2005-01-02,14.96
"610","114",2005-09-12,26.77
"611","114",2006-12-15,51.68
"612","114",2007-11-23,15.49
"613","114",2008-04-30,9.99
"614","114",2009-11-07,42.47
"615","115",2005-01-02,63.85
"616","116",2005-01-02,13.49
"617","116",2005-02-19,157.86
"618","116",2005-05-19,33.76
"619","117",2005-01-02,78.98
"620","118",2005-01-02,26.48
"621","118",2005-05-29,15.56
"622","118",2006-01-19,11.77
"623","118",2006-05-22,14.79
"624","118",2006-11-26,4.79
"625","118",2007-10-23,33.4
"626","118",2009-01-17,25.74
"627","118",2009-02-01,23.54
"628","118",2009-11-27,35.31
"629","118",2010-05-14,26.87
"630","119",2005-01-02,35.51
"631","120",2005-01-02,46.48
"632","121",2005-01-02,45.88
"633","121",2006-02-01,22.96
"634","121",2007-06-11,57.1
"635","122",2005-01-02,19.49
"636","122",2005-07-03,14.96
"637","122",2006-06-27,101.82
"638","122",2006-08-19,31.98
"639","122",2006-10-08,13.97
"640","122",2007-04-04,79.94
"641","122",2007-06-05,15.49
"642","122",2008-09-04,23.98
"643","122",2008-09-25,75.53
"644","122",2009-02-04,16.31
"645","122",2009-06-25,14.42
"646","122",2009-10-26,14.96
"647","122",2009-12-05,27.55
"648","122",2010-03-25,11.49
"649","122",2010-08-29,71.45
"650","122",2010-10-14,19.3
"651","123",2005-01-02,14.99
"652","124",2005-01-02,25.74
"653","124",2006-01-30,69.95
"654","124",2009-06-17,101.41
"655","124",2009-10-03,12.99
"656","125",2005-01-02,16.79
"657","125",2008-05-30,10.77
"658","126",2005-01-02,44.73
"659","127",2005-01-02,28.93
"660","127",2005-08-18,28.99
"661","127",2005-11-26,13.97
"662","127",2006-04-16,27.3
"663","127",2007-04-05,54.35
"664","128",2005-01-02,33.72
"665","129",2005-01-02,11.77
"666","129",2005-01-05,10.99
"667","130",2005-01-02,30.98
"668","130",2005-09-16,45.68
"669","130",2005-11-30,15.99
"670","131",2005-01-02,26.73
"671","131",2005-10-27,14.96
"672","131",2005-11-15,25.98
"673","131",2008-11-11,134.9
"674","131",2010-05-14,24.99
"675","132",2005-01-02,37.97
"676","133",2005-01-02,24.47
"677","133",2005-03-18,15.96
"678","133",2005-07-03,12.99
"679","133",2005-10-09,65.64
"680","133",2006-01-13,10.77
"681","134",2005-01-02,29.92
"682","134",2006-02-21,15.36
"683","134",2006-04-09,12.49
"684","134",2007-01-03,33.96
"685","135",2005-01-02,12.49
"686","135",2006-10-03,19.99
"687","135",2007-05-26,14.99
"688","135",2007-06-15,14.87
"689","135",2008-11-26,26.73
"690","135",2009-03-13,95.43
"691","135",2010-02-02,12.49
"692","136",2005-01-02,28.93
"693","136",2005-03-03,12.99
"694","136",2005-11-12,11.49
"695","136",2006-01-07,89.43
"696","136",2006-02-02,40.97
"697","136",2006-09-13,68.77
"698","136",2006-10-11,14.37
"699","136",2006-12-06,13.97
"700","136",2007-07-24,11.77
"701","136",2007-10-03,23.98
"702","136",2007-10-08,13.97
"703","136",2008-11-04,32.94
"704","136",2008-11-06,12.25
"705","136",2008-11-13,23.98
"706","136",2009-02-09,34.97
"707","136",2009-11-12,14.37
"708","137",2005-01-02,31.8
"709","137",2005-04-07,13.97
"710","137",2005-08-21,63.48
"711","137",2006-08-15,81.41
"712","137",2006-11-05,14.49
"713","137",2010-12-12,18.99
"714","138",2005-01-02,98.5
"715","138",2005-01-19,140.68
"716","138",2005-02-18,49.91
"717","138",2005-03-29,20.98
"718","138",2005-10-21,14.96
"719","138",2005-11-20,14.49
"720","138",2005-12-16,36.33
"721","138",2006-08-24,15.49
"722","138",2006-09-01,41.9
"723","138",2006-09-04,18.48
"724","138",2006-10-28,10.98
"725","138",2006-11-15,68.45
"726","139",2005-01-02,37.48
"727","139",2005-02-27,72.31
"728","139",2006-01-26,14.79
"729","139",2006-11-20,15.76
"730","139",2008-11-14,12.77
"731","139",2008-12-03,15.36
"732","140",2005-01-02,35.97
"733","141",2005-01-02,19.98
"734","141",2005-02-12,49.96
"735","141",2005-12-05,13.96
"736","141",2006-01-27,91.73
"737","142",2005-01-02,38.51
"738","143",2005-01-02,9.98
"739","143",2005-06-01,14.99
"740","143",2005-06-04,46.28
"741","143",2005-07-27,14.37
"742","143",2005-07-29,39.48
"743","143",2005-10-17,39.47
"744","143",2006-05-14,37.54
"745","143",2006-07-27,17.76
"746","143",2007-09-07,25.98
"747","143",2008-01-04,29.76
"748","143",2008-07-20,323.68
"749","143",2009-02-11,12.77
"750","143",2010-06-03,151.98
"751","143",2010-10-14,90.41
"752","144",2005-01-02,13.97
"753","145",2005-01-02,12.99
"754","145",2006-10-23,27.48
"755","145",2007-01-16,26.73
"756","145",2007-10-10,15.36
"757","145",2008-01-21,51.11
"758","145",2008-02-04,13.99
"759","145",2010-01-18,31.51
"760","146",2005-01-02,13.97
"761","146",2005-10-15,87.04
"762","147",2005-01-02,8.77
"763","147",2005-12-25,292.66
"764","148",2005-01-02,28.47
"765","149",2005-01-02,8.77
"766","149",2006-09-26,19.54
"767","149",2006-11-05,10.77
"768","149",2007-06-20,6.49
"769","149",2008-02-18,14.99
"770","149",2008-05-03,13.97
"771","149",2008-11-08,11.77
"772","149",2009-05-11,14.37
"773","149",2010-05-28,30.33
"774","149",2010-07-22,15.96
"775","149",2010-11-21,12.77
"776","150",2005-01-02,27
"777","150",2005-05-31,20.95
"778","150",2005-07-09,29.16
"779","151",2005-01-02,19.54
"780","151",2005-04-05,32.98
"781","151",2007-01-23,28.47
"782","151",2007-03-02,9.49
"783","151",2009-09-20,14.79
"784","151",2010-03-31,62.45
"785","151",2010-09-03,42.47
"786","152",2005-01-02,52.54
"787","153",2005-01-02,30.97
"788","154",2005-01-02,77.94
"789","154",2005-01-30,26.74
"790","155",2005-01-02,60.84
"791","155",2006-01-08,37.65
"792","155",2006-12-06,12.77
"793","155",2007-11-21,33.37
"794","155",2008-12-12,24.48
"795","155",2009-07-28,29.92
"796","156",2005-01-02,15.49
"797","156",2005-07-18,12.99
"798","156",2008-09-16,39.93
"799","156",2010-10-17,65.8
"800","157",2005-01-02,26.94
"801","157",2010-11-20,23.54
"802","158",2005-01-02,14.96
"803","159",2005-01-02,36.73
"804","159",2005-11-11,50.87
"805","159",2008-10-25,101.94
"806","160",2005-01-02,41.68
"807","161",2005-01-02,14.97
"808","161",2005-10-25,14.99
"809","161",2005-12-30,8.77
"810","162",2005-01-02,34.9
"811","163",2005-01-02,15.36
"812","164",2005-01-02,28.37
"813","164",2005-01-06,46.08
"814","164",2005-02-26,9.77
"815","164",2006-06-15,42.48
"816","164",2006-06-17,151.77
"817","164",2006-06-18,13.97
"818","164",2006-10-16,9.49
"819","164",2006-12-08,13.97
"820","164",2006-12-28,33.38
"821","164",2007-10-01,19.77
"822","164",2007-10-16,27.98
"823","164",2008-05-23,14.79
"824","164",2008-07-21,15.96
"825","164",2008-08-07,30.36
"826","164",2008-08-22,29.99
"827","164",2008-10-19,13.97
"828","164",2008-12-04,12.49
"829","164",2009-06-11,42.69
"830","164",2009-07-19,24.94
"831","164",2009-09-11,54.97
"832","164",2009-10-14,66.84
"833","164",2010-05-08,22.54
"834","164",2010-07-29,230.3
"835","164",2010-08-07,84.39
"836","165",2005-01-02,131.07
"837","166",2005-01-02,86.43
"838","166",2006-12-07,11.49
"839","166",2007-06-08,246.51
"840","166",2009-01-30,48.6
"841","166",2010-07-25,61.11
"842","167",2005-01-02,18.75
"843","168",2005-01-02,15.49
"844","168",2005-06-02,21.49
"845","169",2005-01-02,11.77
"846","169",2007-07-09,19.99
"847","169",2010-01-16,50.67
"848","170",2005-01-02,43.5
"849","170",2005-05-22,29.77
"850","170",2005-06-03,27.13
"851","170",2005-11-08,102.36
"852","170",2005-11-21,43.3
"853","170",2005-11-27,33.51
"854","170",2006-06-09,4.79
"855","170",2006-09-21,15.96
"856","170",2006-10-08,14.99
"857","170",2007-05-05,39.25
"858","170",2007-08-08,46.88
"859","170",2007-10-17,11.77
"860","170",2008-11-22,13.49
"861","170",2009-06-17,9.99
"862","171",2005-01-02,12.77
"863","172",2005-01-02,6.79
"864","172",2005-02-12,13.97
"865","172",2005-07-21,41.31
"866","172",2005-07-24,28.49
"867","172",2005-12-07,20.35
"868","172",2006-05-29,93.97
"869","173",2005-01-02,11.77
"870","173",2005-06-18,27.33
"871","173",2006-02-02,22.99
"872","173",2006-11-05,43.3
"873","173",2009-08-22,12.99
"874","173",2009-10-15,11.58
"875","174",2005-01-02,24.48
"876","175",2005-01-02,120.43
"877","176",2005-01-02,38.47
"878","176",2006-10-01,7.98
"879","176",2006-11-01,14.96
"880","176",2007-10-06,42.48
"881","176",2008-01-25,19.74
"882","176",2008-05-15,16.99
"883","177",2005-01-02,58.46
"884","178",2005-01-02,13.99
"885","178",2005-11-16,79.21
"886","178",2006-06-18,45.47
"887","178",2006-08-12,14.37
"888","178",2006-11-13,38.86
"889","178",2007-06-03,48.94
"890","179",2005-01-02,14.37
"891","179",2005-10-08,26.94
"892","179",2008-10-20,10.77
"893","180",2005-01-02,43.34
"894","180",2006-06-15,88.18
"895","181",2005-01-02,79.2
"896","182",2005-01-02,64.74
"897","183",2005-01-02,15.76
"898","184",2005-01-02,34.74
"899","185",2005-01-02,64.45
"900","186",2005-01-02,9.77
"901","187",2005-01-02,65.97
"902","187",2005-03-05,53.29
"903","187",2005-06-14,32.47
"904","187",2005-08-08,27.98
"905","187",2005-10-16,13.77
"906","187",2006-10-18,28.7
"907","187",2007-05-08,33.72
"908","187",2007-12-01,12.99
"909","187",2008-02-09,57.5
"910","187",2010-05-28,118.23
"911","187",2010-07-04,121.15
"912","188",2005-01-02,74.73
"913","188",2005-08-17,51.67
"914","188",2007-08-05,37.71
"915","188",2008-07-15,71.63
"916","188",2008-12-24,92.81
"917","188",2009-06-15,9.58
"918","189",2005-01-02,41.47
"919","189",2007-05-20,9.49
"920","190",2005-01-02,11.77
"921","190",2005-06-01,29.06
"922","190",2005-06-13,35.48
"923","190",2005-07-27,40.98
"924","190",2005-08-25,53.46
"925","190",2005-09-30,19.95
"926","190",2005-12-16,43.13
"927","190",2006-04-15,15.38
"928","190",2006-04-22,35.93
"929","190",2006-06-04,62.58
"930","190",2007-09-01,132.67
"931","190",2008-06-08,43.89
"932","190",2008-06-21,59.54
"933","190",2009-03-04,14.79
"934","190",2009-07-14,15.36
"935","190",2010-01-09,42.71
"936","190",2010-05-30,30.36
"937","191",2005-01-02,43.47
"938","191",2005-06-23,17.7
"939","191",2005-08-18,12.77
"940","191",2005-09-03,12.99
"941","191",2006-05-20,70.42
"942","191",2006-08-14,12.25
"943","191",2006-09-17,24.98
"944","191",2006-10-06,43.09
"945","191",2006-10-26,21.49
"946","191",2006-11-12,29.33
"947","191",2007-03-27,29.73
"948","191",2007-08-13,12.97
"949","191",2007-10-28,31.05
"950","191",2008-03-04,43.69
"951","191",2008-06-19,31.35
"952","191",2008-08-15,9.98
"953","191",2008-08-21,14.37
"954","191",2009-11-30,35.47
"955","191",2009-12-23,47.46
"956","191",2010-04-22,29.33
"957","191",2010-06-10,90.96
"958","192",2005-01-02,9.97
"959","192",2005-04-16,21.49
"960","192",2005-05-22,13.99
"961","192",2006-03-04,95.2
"962","193",2005-01-02,12.49
"963","194",2005-01-02,11.77
"964","195",2005-01-02,29.66
"965","195",2005-03-14,20.75
"966","196",2005-01-02,53.98
"967","196",2007-05-23,13.99
"968","197",2005-01-02,55.1
"969","197",2005-03-20,15.36
"970","197",2007-03-06,52.98
"971","197",2007-04-25,14.99
"972","197",2008-10-25,38.77
"973","197",2008-12-11,23.49
"974","197",2010-11-16,40.53
"975","198",2005-01-02,25.48
"976","199",2005-01-02,66.96
"977","199",2005-01-15,55.27
"978","199",2005-02-03,73.62
"979","199",2005-06-18,17.3
"980","199",2005-06-24,26.14
"981","199",2005-09-18,14.96
"982","199",2005-11-27,39.47
"983","199",2006-02-14,139.7
"984","199",2007-03-06,105.76
"985","199",2007-05-30,11.77
"986","200",2005-01-02,15.99
"987","200",2005-03-14,11.77
"988","201",2005-01-02,77.21
"989","201",2005-02-04,24.97
"990","201",2005-03-29,10.49
"991","201",2005-05-29,29.92
"992","201",2005-06-02,35.99
"993","201",2005-06-11,6.78
"994","201",2005-06-14,152.89
"995","201",2005-08-17,39.91
"996","201",2005-08-27,26.99
"997","201",2005-09-29,15.36
"998","201",2005-11-24,12.97
"999","201",2005-11-30,70.07
"1000","201",2005-12-31,59.96
"1001","201",2006-01-19,27.98
"1002","201",2006-02-10,28.49
"1003","201",2006-02-25,11.77
"1004","201",2006-06-02,53.96
"1005","201",2006-06-04,26.13
"1006","201",2006-06-10,11.77
"1007","201",2006-06-21,25.97
"1008","201",2006-10-29,52.71
"1009","201",2006-11-02,36.28
"1010","202",2005-01-02,47.41
"1011","202",2005-05-08,4.79
"1012","202",2006-01-12,17.9
"1013","202",2006-07-05,20.54
"1014","203",2005-01-02,125.69
"1015","203",2005-08-20,12.77
"1016","204",2005-01-02,21.76
"1017","204",2006-11-14,15.36
"1018","205",2005-01-02,9.49
"1019","206",2005-01-02,57.51
"1020","206",2005-06-07,13.97
"1021","206",2006-01-01,29.92
"1022","206",2006-06-12,13.99
"1023","206",2006-09-30,13.76
"1024","206",2007-02-05,38.5
"1025","206",2008-10-11,67.57
"1026","206",2009-02-17,149.92
"1027","206",2009-10-21,11.77
"1028","206",2010-03-02,35.95
"1029","206",2010-04-04,34.71
"1030","206",2010-10-28,72.99
"1031","207",2005-01-02,27.14
"1032","207",2005-03-09,14.96
"1033","207",2005-03-30,14.96
"1034","207",2005-11-17,24.48
"1035","207",2006-03-07,13.77
"1036","207",2006-10-10,16.36
"1037","207",2007-04-08,24.9
"1038","207",2007-06-25,14.96
"1039","207",2007-07-14,53.45
"1040","207",2007-10-03,25.48
"1041","207",2007-12-16,38.99
"1042","207",2008-02-06,21.49
"1043","207",2008-04-05,19.98
"1044","207",2008-06-21,0
"1045","207",2008-10-17,176.86
"1046","207",2008-10-22,10.77
"1047","207",2008-10-29,12.49
"1048","207",2008-11-15,41.11
"1049","208",2005-01-02,66.47
"1050","209",2005-01-02,25.77
"1051","209",2005-04-28,9.98
"1052","210",2005-01-02,12.99
"1053","210",2005-06-12,24.47
"1054","211",2005-01-02,16.48
"1055","211",2006-06-04,37.99
"1056","211",2006-10-23,38.97
"1057","211",2010-05-31,25.74
"1058","211",2010-11-11,92.79
"1059","212",2005-01-02,25.98
"1060","213",2005-01-02,25.74
"1061","213",2005-01-30,60.49
"1062","213",2005-02-05,79.44
"1063","213",2005-02-20,27.47
"1064","213",2005-04-20,47.97
"1065","213",2006-05-31,25.3
"1066","213",2006-09-04,12.58
"1067","213",2006-10-21,51.97
"1068","213",2007-01-01,53.96
"1069","213",2008-04-16,2.99
"1070","213",2008-06-02,13.97
"1071","213",2008-06-18,13.97
"1072","213",2008-11-02,14.96
"1073","213",2009-03-22,8.97
"1074","213",2009-07-05,11.77
"1075","213",2009-09-15,316.76
"1076","213",2009-09-20,28.74
"1077","213",2009-11-25,59.96
"1078","214",2005-01-02,23.76
"1079","214",2005-09-20,15.96
"1080","215",2005-01-02,46.04
"1081","215",2005-11-20,55.08
"1082","215",2006-12-05,68.89
"1083","215",2007-07-23,30.33
"1084","215",2007-08-28,11.77
"1085","215",2009-01-31,12.99
"1086","215",2010-06-26,24.73
"1087","216",2005-01-02,13.97
"1088","216",2006-01-17,30.92
"1089","217",2005-01-02,83.2
"1090","217",2005-05-30,99.93
"1091","217",2005-08-29,46.46
"1092","217",2005-10-02,78.47
"1093","217",2006-04-30,70.33
"1094","217",2006-06-22,20.76
"1095","217",2006-10-20,29.33
"1096","217",2006-11-25,64.42
"1097","217",2006-12-06,50.96
"1098","217",2007-02-28,17.75
"1099","217",2007-04-01,19.3
"1100","217",2007-06-01,20.74
"1101","217",2007-06-11,75.44
"1102","217",2007-09-08,27.94
"1103","217",2007-11-25,35.51
"1104","217",2008-04-22,22.49
"1105","217",2008-06-01,81.94
"1106","217",2008-06-03,20.3
"1107","217",2008-06-09,10.98
"1108","217",2008-07-08,14.96
"1109","217",2008-08-12,26.14
"1110","217",2008-09-13,15.9
"1111","217",2008-11-04,21.77
"1112","217",2008-11-07,11.77
"1113","217",2008-11-14,29.92
"1114","217",2009-03-15,10.49
"1115","217",2009-08-14,9.97
"1116","217",2009-10-05,44.32
"1117","217",2009-11-28,6.79
"1118","217",2010-10-12,27.47
"1119","217",2010-10-14,15.36
"1120","217",2010-11-03,11.77
"1121","217",2010-11-25,34.14
"1122","218",2005-01-02,19.99
"1123","218",2005-06-26,14.99
"1124","218",2005-08-21,48.31
"1125","218",2005-08-30,28.93
"1126","218",2006-02-25,11.49
"1127","219",2005-01-02,36.86
"1128","219",2005-04-23,15.49
"1129","219",2005-08-08,9.98
"1130","220",2005-01-02,26.98
"1131","220",2005-01-12,56.97
"1132","220",2005-01-19,28.98
"1133","220",2005-03-01,28.97
"1134","220",2005-03-19,58.45
"1135","220",2005-05-09,9.99
"1136","220",2005-05-29,68.85
"1137","220",2005-05-30,25.48
"1138","220",2005-06-02,12.77
"1139","220",2005-06-11,11.77
"1140","220",2005-07-10,14.96
"1141","220",2005-08-16,9.99
"1142","221",2005-01-02,10.77
"1143","221",2005-07-18,14.79
"1144","222",2005-01-02,23.54
"1145","222",2005-10-23,62.96
"1146","223",2005-01-02,182.02
"1147","223",2007-08-31,14.96
"1148","223",2007-09-21,23.73
"1149","223",2008-04-16,11.77
"1150","223",2008-06-14,8.97
"1151","223",2008-11-25,14.99
"1152","223",2009-10-17,57.69
"1153","223",2010-01-24,95.94
"1154","224",2005-01-02,53.54
"1155","224",2005-01-22,23.74
"1156","224",2005-02-15,12.99
"1157","224",2005-03-16,29.98
"1158","224",2005-06-02,44.47
"1159","224",2005-06-05,72.85
"1160","224",2005-06-26,12.49
"1161","225",2005-01-02,11.77
"1162","225",2005-04-13,6.79
"1163","225",2009-10-17,12.77
"1164","225",2010-09-13,9.77
"1165","226",2005-01-02,44.88
"1166","226",2005-07-20,2.99
"1167","226",2007-01-31,47.97
"1168","226",2008-12-05,14.49
"1169","227",2005-01-02,27.94
"1170","227",2005-01-27,24.49
"1171","227",2005-07-16,28.74
"1172","227",2005-07-31,24.99
"1173","227",2005-10-30,50.28
"1174","227",2006-04-09,26.73
"1175","227",2006-07-07,18.64
"1176","228",2005-01-02,54.27
"1177","228",2005-02-10,33.7
"1178","228",2005-04-18,42.36
"1179","228",2005-10-16,21.74
"1180","228",2006-01-07,51.35
"1181","228",2006-07-05,37.9
"1182","228",2007-11-03,23.98
"1183","228",2007-11-14,14.99
"1184","228",2008-10-11,121.05
"1185","229",2005-01-02,11.77
"1186","230",2005-01-02,162.04
"1187","230",2005-04-16,30.72
"1188","230",2005-04-29,58.28
"1189","230",2005-05-13,89.47
"1190","231",2005-01-02,26.98
"1191","231",2005-02-28,11.77
"1192","231",2005-04-26,255.35
"1193","231",2005-06-01,12.99
"1194","231",2005-10-24,50.97
"1195","231",2006-07-04,50.74
"1196","231",2007-06-12,38.97
"1197","231",2007-08-24,5.78
"1198","231",2008-01-06,65.99
"1199","231",2008-01-10,58.06
"1200","231",2009-03-09,6.77
"1201","231",2009-03-13,19.56
"1202","231",2009-04-16,53.96
"1203","231",2009-04-28,22.97
"1204","231",2009-08-31,9.49
"1205","231",2009-12-28,23.76
"1206","231",2010-04-24,37.51
"1207","232",2005-01-02,39.51
"1208","233",2005-01-02,16
"1209","233",2005-03-27,16.7
"1210","233",2005-06-02,17.76
"1211","233",2005-08-05,29.92
"1212","233",2006-02-04,34
"1213","234",2005-01-02,23.99
"1214","234",2005-02-25,29.92
"1215","234",2006-02-18,89.2
"1216","235",2005-01-02,39.97
"1217","235",2005-08-16,27.13
"1218","235",2007-02-19,22.96
"1219","235",2007-04-08,11.77
"1220","235",2007-04-15,25.49
"1221","236",2005-01-02,493.91
"1222","237",2005-01-02,24.74
"1223","237",2005-10-29,13.97
"1224","237",2006-01-27,46.08
"1225","238",2005-01-02,15.36
"1226","238",2005-04-01,11.77
"1227","238",2005-07-07,57.46
"1228","238",2005-10-20,1554.58
"1229","238",2005-12-17,37.98
"1230","238",2006-05-29,12.99
"1231","238",2006-06-25,140.93
"1232","238",2006-08-22,170.9
"1233","238",2007-08-25,35.97
"1234","239",2005-01-02,11.49
"1235","239",2005-06-12,27.98
"1236","239",2006-10-11,13.97
"1237","239",2007-04-26,34.95
"1238","239",2007-06-02,62.85
"1239","239",2008-04-16,15.36
"1240","240",2005-01-02,86.79
"1241","240",2007-04-21,111.49
"1242","240",2007-04-27,85.01
"1243","240",2009-02-12,16.49
"1244","240",2009-08-18,14.99
"1245","241",2005-01-02,106.1
"1246","241",2005-05-02,14.49
"1247","241",2005-07-28,23.54
"1248","241",2005-10-26,22.97
"1249","241",2007-01-13,27.94
"1250","241",2007-02-14,23.94
"1251","241",2007-05-14,11.97
"1252","241",2007-09-01,61.05
"1253","241",2007-11-28,44.97
"1254","241",2008-01-24,16.77
"1255","241",2008-02-18,32.37
"1256","241",2008-05-16,31.97
"1257","241",2008-06-07,14.49
"1258","241",2008-07-29,26.94
"1259","241",2008-08-27,43.97
"1260","241",2008-12-10,30.73
"1261","241",2009-02-11,15.49
"1262","241",2009-10-16,70.62
"1263","241",2010-05-08,11.77
"1264","242",2005-01-02,13.97
"1265","242",2005-06-28,11.49
"1266","242",2005-08-20,12.49
"1267","242",2005-10-05,38.97
"1268","242",2005-12-06,28.48
"1269","242",2006-04-16,21.48
"1270","242",2006-04-18,26.98
"1271","242",2006-05-31,77.24
"1272","242",2006-08-03,29.47
"1273","242",2006-08-25,26.48
"1274","242",2006-11-02,95.95
"1275","242",2006-12-14,14.96
"1276","243",2005-01-02,12.49
"1277","244",2005-01-02,10.77
"1278","244",2005-01-08,13.77
"1279","244",2005-02-22,38.07
"1280","245",2005-01-02,85.42
"1281","245",2005-12-19,29.48
"1282","245",2006-03-12,18.49
"1283","246",2005-01-02,128.13
"1284","247",2005-01-02,9.49
"1285","247",2005-12-03,9.97
"1286","248",2005-01-02,56.94
"1287","249",2005-01-02,14.37
"1288","250",2005-01-02,29.92
"1289","250",2005-03-12,18.52
"1290","250",2005-06-27,12.77
"1291","250",2005-09-22,22.98
"1292","250",2005-10-20,24.48
"1293","250",2005-11-20,12.49
"1294","250",2006-01-24,93.24
"1295","250",2006-07-05,23.94
"1296","250",2006-09-11,54.73
"1297","250",2006-10-19,28.74
"1298","250",2006-11-20,12.99
"1299","250",2006-11-24,30.48
"1300","250",2007-03-29,29.33
"1301","250",2007-05-30,24.54
"1302","250",2007-06-14,55.32
"1303","250",2007-09-30,23.98
"1304","250",2007-10-04,14.99
"1305","250",2008-07-17,69.55
"1306","250",2009-02-03,32.98
"1307","250",2009-05-23,48.46
"1308","250",2009-10-07,59.16
"1309","250",2010-03-19,14.37
"1310","250",2010-11-20,47.52
"1311","251",2005-01-02,43.48
"1312","252",2005-01-02,28.48
"1313","252",2006-05-16,65.63
"1314","252",2006-09-18,12.49
"1315","252",2007-10-04,12.99
"1316","252",2008-03-03,45.49
"1317","252",2009-01-17,29.13
"1318","252",2009-07-13,25.56
"1319","252",2009-08-18,52.63
"1320","252",2010-01-25,31.78
"1321","253",2005-01-02,28.34
"1322","253",2005-12-07,31.03
"1323","253",2007-04-09,26.73
"1324","254",2005-01-02,21.56
"1325","254",2005-04-21,14.79
"1326","254",2005-11-30,12.99
"1327","255",2005-01-02,15.49
"1328","255",2005-02-27,83.44
"1329","255",2005-04-02,7.78
"1330","255",2005-07-11,28.74
"1331","255",2006-06-06,155.8
"1332","255",2006-10-16,20.99
"1333","255",2007-01-03,26.3
"1334","255",2007-06-04,23.98
"1335","255",2007-12-02,69.45
"1336","255",2008-01-09,37.26
"1337","255",2008-06-16,7.78
"1338","255",2008-07-11,22.15
"1339","255",2008-12-23,77.42
"1340","255",2009-02-24,13.77
"1341","255",2009-03-15,12.49
"1342","255",2009-06-07,27.98
"1343","255",2010-01-11,11.88
"1344","255",2010-09-24,35.31
"1345","256",2005-01-02,63.86
"1346","256",2006-03-03,36.73
"1347","256",2006-05-18,13.97
"1348","256",2006-05-19,12.49
"1349","256",2007-06-30,48.88
"1350","256",2008-03-14,21.54
"1351","256",2009-07-16,38.7
"1352","256",2009-10-15,8
"1353","256",2010-09-05,14.37
"1354","256",2010-10-08,22.48
"1355","257",2005-01-02,27.56
"1356","258",2005-01-02,24.74
"1357","259",2005-01-02,46.47
"1358","259",2005-03-21,12.49
"1359","259",2005-05-31,12.97
"1360","259",2005-09-20,9.49
"1361","259",2006-04-26,24.99
"1362","259",2006-05-24,17.99
"1363","259",2006-11-10,14.96
"1364","259",2006-11-13,13.97
"1365","259",2006-12-23,21.47
"1366","259",2007-06-02,14.99
"1367","259",2007-11-16,11.77
"1368","259",2007-11-28,59.28
"1369","259",2009-06-10,12.77
"1370","259",2009-11-26,14.99
"1371","259",2010-02-28,47.97
"1372","259",2010-03-14,16.36
"1373","259",2010-07-18,224.28
"1374","259",2010-11-02,12.97
"1375","259",2010-11-07,24.98
"1376","259",2010-11-21,28.49
"1377","259",2010-12-03,33.14
"1378","260",2005-01-02,42.49
"1379","260",2005-06-02,2.99
"1380","261",2005-01-02,12.99
"1381","261",2007-05-03,13.99
"1382","261",2008-11-26,52.63
"1383","261",2009-01-13,42.97
"1384","261",2009-01-24,19.56
"1385","261",2009-11-12,17.9
"1386","262",2005-01-02,129.98
"1387","262",2005-03-07,14.37
"1388","262",2005-05-17,56.47
"1389","262",2005-05-18,14.96
"1390","262",2005-05-28,25.37
"1391","262",2005-06-08,11.77
"1392","262",2005-10-20,29.98
"1393","262",2006-02-27,29.96
"1394","262",2006-10-06,93.57
"1395","262",2006-11-12,4.79
"1396","262",2006-12-31,5.79
"1397","262",2007-02-25,73.02
"1398","262",2007-04-24,15.36
"1399","262",2007-05-20,7.49
"1400","262",2007-06-11,15.49
"1401","262",2007-08-15,4.79
"1402","262",2007-11-18,87.4
"1403","262",2008-09-09,11.77
"1404","262",2008-11-23,14.96
"1405","262",2009-04-23,23.76
"1406","262",2009-05-02,40.7
"1407","262",2009-07-11,31.13
"1408","262",2009-08-14,43.89
"1409","262",2009-09-10,15.49
"1410","262",2009-09-26,20.55
"1411","262",2009-10-17,29.33
"1412","262",2010-02-22,50.94
"1413","262",2010-04-08,51.96
"1414","262",2010-07-29,42.97
"1415","262",2010-11-11,10.97
"1416","262",2010-11-18,22.74
"1417","263",2005-01-02,25.16
"1418","263",2005-11-11,31.14
"1419","263",2007-10-01,51.15
"1420","263",2009-12-28,15.36
"1421","263",2010-03-30,11.77
"1422","263",2010-04-05,38.9
"1423","264",2005-01-02,27.94
"1424","264",2006-03-09,44.88
"1425","265",2005-01-02,28.48
"1426","265",2005-02-14,60.23
"1427","265",2005-11-30,28.48
"1428","265",2006-01-16,40.7
"1429","265",2006-05-13,59.74
"1430","265",2007-06-02,29.37
"1431","265",2007-09-17,13.97
"1432","265",2007-12-01,37.96
"1433","265",2008-03-06,29.27
"1434","266",2005-01-02,90.2
"1435","266",2005-10-30,14.96
"1436","266",2005-11-24,14.96
"1437","266",2006-05-31,12.99
"1438","266",2007-11-18,13.97
"1439","266",2009-04-11,58.95
"1440","267",2005-01-02,15.36
"1441","267",2006-01-03,43.94
"1442","267",2006-06-13,14.96
"1443","267",2008-01-30,26.77
"1444","267",2008-09-21,51.68
"1445","267",2009-04-12,15.49
"1446","267",2009-05-24,9.99
"1447","267",2010-01-16,42.47
"1448","268",2005-01-02,63.85
"1449","268",2005-01-24,13.49
"1450","268",2005-09-07,157.86
"1451","268",2005-12-17,33.76
"1452","268",2008-11-01,78.98
"1453","268",2008-11-22,26.48
"1454","268",2009-11-05,15.56
"1455","268",2010-02-27,11.77
"1456","269",2005-01-02,14.79
"1457","270",2005-01-02,4.79
"1458","271",2005-01-02,33.4
"1459","272",2005-01-02,25.74
"1460","272",2005-06-09,23.54
"1461","272",2005-11-14,35.31
"1462","272",2009-05-09,26.87
"1463","272",2010-05-17,35.51
"1464","272",2010-06-13,46.48
"1465","273",2005-01-02,45.88
"1466","273",2009-04-22,22.96
"1467","273",2010-10-06,57.1
"1468","274",2005-01-02,19.49
"1469","274",2005-05-07,14.96
"1470","274",2005-05-27,101.82
"1471","275",2005-01-02,31.98
"1472","275",2005-03-30,13.97
"1473","275",2005-06-08,79.94
"1474","275",2005-09-08,15.49
"1475","275",2006-04-04,23.98
"1476","275",2006-07-12,75.53
"1477","275",2007-05-13,16.31
"1478","275",2007-06-07,14.42
"1479","276",2005-01-02,14.96
"1480","276",2005-04-05,27.55
"1481","277",2005-01-02,11.49
"1482","278",2005-01-02,71.45
"1483","278",2005-10-27,19.3
"1484","278",2005-11-29,14.99
"1485","278",2006-03-27,25.74
"1486","278",2006-06-12,69.95
"1487","278",2006-12-09,101.41
"1488","278",2007-02-15,12.99
"1489","278",2007-04-01,16.79
"1490","279",2005-01-02,10.77
"1491","279",2005-09-16,44.73
"1492","279",2007-02-16,28.93
"1493","280",2005-01-02,28.99
"1494","280",2007-07-03,13.97
"1495","280",2008-08-11,27.3
"1496","280",2009-07-12,54.35
"1497","280",2010-08-13,33.72
"1498","281",2005-01-02,11.77
"1499","282",2005-01-02,10.99
"1500","282",2006-11-07,30.98
"1501","282",2008-11-03,45.68
"1502","282",2010-07-09,15.99
"1503","283",2005-01-02,26.73
"1504","284",2005-01-02,14.96
"1505","284",2005-11-30,25.98
"1506","284",2006-04-23,134.9
"1507","284",2006-05-11,24.99
"1508","284",2006-11-17,37.97
"1509","284",2007-08-07,24.47
"1510","284",2008-02-04,15.96
"1511","284",2008-10-25,12.99
"1512","285",2005-01-02,65.64
"1513","285",2005-08-08,10.77
"1514","285",2005-11-06,29.92
"1515","285",2006-06-22,15.36
"1516","286",2005-01-02,12.49
"1517","287",2005-01-02,33.96
"1518","287",2005-05-20,12.49
"1519","287",2005-06-07,19.99
"1520","287",2005-08-24,14.99
"1521","287",2005-10-11,14.87
"1522","287",2005-10-23,26.73
"1523","287",2005-11-25,95.43
"1524","287",2006-04-29,12.49
"1525","287",2006-10-17,28.93
"1526","287",2006-10-21,12.99
"1527","287",2006-11-26,11.49
"1528","287",2007-03-29,89.43
"1529","287",2008-01-12,40.97
"1530","287",2008-06-11,68.77
"1531","287",2009-06-17,14.37
"1532","287",2009-08-18,13.97
"1533","287",2009-12-11,11.77
"1534","287",2010-11-06,23.98
"1535","288",2005-01-02,13.97
"1536","288",2005-10-10,32.94
"1537","288",2005-11-30,12.25
"1538","288",2006-11-16,23.98
"1539","288",2007-09-30,34.97
"1540","289",2005-01-02,14.37
"1541","290",2005-01-02,31.8
"1542","290",2005-08-21,13.97
"1543","290",2010-10-07,63.48
"1544","291",2005-01-02,81.41
"1545","291",2005-03-02,14.49
"1546","292",2005-01-02,18.99
"1547","292",2005-09-19,98.5
"1548","292",2005-11-27,140.68
"1549","292",2007-06-15,49.91
"1550","292",2007-10-09,20.98
"1551","292",2008-01-20,14.96
"1552","292",2008-01-24,14.49
"1553","293",2005-01-02,36.33
"1554","293",2005-06-02,15.49
"1555","293",2005-07-08,41.9
"1556","293",2006-06-04,18.48
"1557","293",2008-01-15,10.98
"1558","293",2008-02-23,68.45
"1559","293",2008-08-05,37.48
"1560","293",2009-06-08,72.31
"1561","294",2005-01-02,14.79
"1562","294",2006-06-06,15.76
"1563","294",2006-07-19,12.77
"1564","294",2006-11-28,15.36
"1565","294",2008-09-26,35.97
"1566","294",2009-04-11,19.98
"1567","294",2009-08-16,49.96
"1568","294",2009-12-10,13.96
"1569","294",2010-05-13,91.73
"1570","295",2005-01-02,38.51
"1571","296",2005-01-02,9.98
"1572","296",2005-11-18,14.99
"1573","296",2006-05-19,46.28
"1574","296",2006-12-13,14.37
"1575","296",2007-07-14,39.48
"1576","296",2007-11-18,39.47
"1577","296",2008-06-16,37.54
"1578","296",2009-05-30,17.76
"1579","296",2010-08-16,25.98
"1580","297",2005-01-02,29.76
"1581","298",2005-01-02,323.68
"1582","298",2007-07-27,12.77
"1583","298",2009-12-27,151.98
"1584","299",2005-01-02,90.41
"1585","299",2005-05-08,13.97
"1586","300",2005-01-02,12.99
"1587","301",2005-01-02,27.48
"1588","302",2005-01-02,26.73
"1589","303",2005-01-02,15.36
"1590","304",2005-01-02,51.11
"1591","304",2006-08-14,13.99
"1592","304",2007-02-09,31.51
"1593","304",2008-11-30,13.97
"1594","305",2005-01-02,87.04
"1595","306",2005-01-02,8.77
"1596","306",2005-01-17,292.66
"1597","306",2005-06-03,28.47
"1598","306",2007-03-01,8.77
"1599","306",2007-06-15,19.54
"1600","306",2007-07-16,10.77
"1601","306",2008-01-06,6.49
"1602","306",2008-10-31,14.99
"1603","306",2009-01-10,13.97
"1604","306",2009-01-26,11.77
"1605","306",2009-03-17,14.37
"1606","306",2009-11-22,30.33
"1607","306",2010-07-01,15.96
"1608","306",2010-12-13,12.77
"1609","307",2005-01-02,27
"1610","307",2005-02-02,20.95
"1611","307",2005-06-23,29.16
"1612","308",2005-01-02,19.54
"1613","308",2005-10-12,32.98
"1614","308",2005-10-25,28.47
"1615","308",2006-05-01,9.49
"1616","308",2006-09-19,14.79
"1617","309",2005-01-02,62.45
"1618","310",2005-01-02,42.47
"1619","310",2005-10-16,52.54
"1620","310",2005-12-03,30.97
"1621","310",2005-12-09,77.94
"1622","310",2006-04-11,26.74
"1623","310",2006-04-15,60.84
"1624","310",2006-09-19,37.65
"1625","310",2007-01-20,12.77
"1626","310",2007-02-08,33.37
"1627","310",2007-04-02,24.48
"1628","310",2007-05-12,29.92
"1629","310",2007-07-01,15.49
"1630","310",2007-10-11,12.99
"1631","310",2008-03-20,39.93
"1632","310",2008-06-26,65.8
"1633","310",2008-11-13,26.94
"1634","310",2009-04-08,23.54
"1635","310",2010-04-30,14.96
"1636","310",2010-08-11,36.73
"1637","310",2010-11-07,50.87
"1638","310",2010-11-20,101.94
"1639","311",2005-01-02,41.68
"1640","311",2005-01-09,14.97
"1641","311",2005-04-23,14.99
"1642","311",2005-05-03,8.77
"1643","311",2005-08-26,34.9
"1644","312",2005-01-02,15.36
"1645","312",2005-11-02,28.37
"1646","312",2006-01-14,46.08
"1647","312",2006-09-08,9.77
"1648","312",2006-10-30,42.48
"1649","313",2005-01-02,151.77
"1650","314",2005-01-02,13.97
"1651","314",2005-08-09,9.49
"1652","314",2008-11-03,13.97
"1653","314",2009-06-17,33.38
"1654","315",2005-01-02,19.77
"1655","315",2005-02-17,27.98
"1656","316",2005-01-02,14.79
"1657","316",2005-10-23,15.96
"1658","316",2007-10-11,30.36
"1659","316",2008-01-02,29.99
"1660","317",2005-01-02,13.97
"1661","317",2005-01-03,12.49
"1662","317",2005-03-02,42.69
"1663","317",2005-04-15,24.94
"1664","317",2005-06-02,54.97
"1665","317",2006-01-23,66.84
"1666","317",2006-09-16,22.54
"1667","317",2006-11-20,12.97
"1668","318",2005-01-02,230.3
"1669","318",2006-02-15,84.39
"1670","319",2005-01-02,131.07
"1671","319",2006-10-27,86.43
"1672","319",2007-08-29,11.49
"1673","320",2005-01-02,246.51
"1674","321",2005-01-02,48.6
"1675","321",2005-03-22,61.11
"1676","322",2005-01-02,18.75
"1677","322",2005-05-11,15.49
"1678","322",2005-06-12,21.49
"1679","322",2005-07-01,11.77
"1680","322",2005-07-19,19.99
"1681","322",2006-03-17,50.67
"1682","322",2006-06-11,43.5
"1683","322",2006-10-07,29.77
"1684","322",2006-11-28,27.13
"1685","322",2006-12-21,102.36
"1686","322",2007-03-18,43.3
"1687","322",2007-04-13,33.51
"1688","323",2005-01-02,4.79
"1689","323",2005-09-09,15.96
"1690","323",2005-10-06,14.99
"1691","323",2006-01-31,39.25
"1692","323",2007-01-06,46.88
"1693","323",2007-02-04,11.77
"1694","323",2007-03-19,13.49
"1695","323",2008-06-21,9.99
"1696","323",2009-11-06,12.77
"1697","323",2009-11-17,6.79
"1698","324",2005-01-02,13.97
"1699","324",2005-05-13,41.31
"1700","324",2005-08-25,28.49
"1701","324",2005-08-31,20.35
"1702","324",2005-12-15,93.97
"1703","324",2006-05-13,11.77
"1704","324",2007-01-03,27.33
"1705","324",2007-09-30,22.99
"1706","324",2007-10-13,43.3
"1707","324",2007-11-01,12.99
"1708","324",2008-12-27,11.58
"1709","324",2009-01-03,24.48
"1710","324",2009-04-23,120.43
"1711","324",2009-10-11,38.47
"1712","324",2009-11-17,7.98
"1713","324",2010-02-01,14.96
"1714","324",2010-06-27,42.48
"1715","325",2005-01-02,19.74
"1716","325",2006-02-27,16.99
"1717","325",2007-03-08,58.46
"1718","325",2009-05-18,13.99
"1719","325",2009-08-14,79.21
"1720","326",2005-01-02,45.47
"1721","326",2005-01-27,14.37
"1722","326",2005-02-18,38.86
"1723","326",2005-04-03,48.94
"1724","326",2005-04-24,14.37
"1725","326",2005-06-21,26.94
"1726","326",2005-06-23,10.77
"1727","326",2005-09-04,43.34
"1728","326",2005-10-17,88.18
"1729","326",2005-11-09,79.2
"1730","326",2005-12-04,64.74
"1731","327",2005-01-02,15.76
"1732","327",2005-02-16,34.74
"1733","327",2005-07-05,64.45
"1734","327",2005-07-31,9.77
"1735","327",2005-08-01,65.97
"1736","327",2005-08-22,53.29
"1737","327",2005-11-16,32.47
"1738","327",2006-02-24,27.98
"1739","328",2005-01-02,13.77
"1740","328",2005-04-04,28.7
"1741","328",2005-09-23,33.72
"1742","328",2006-06-10,12.99
"1743","328",2006-11-28,57.5
"1744","328",2007-04-23,118.23
"1745","329",2005-01-02,121.15
"1746","329",2005-10-01,74.73
"1747","329",2006-09-07,51.67
"1748","330",2005-01-02,37.71
"1749","330",2005-05-26,71.63
"1750","330",2005-11-29,92.81
"1751","330",2005-12-19,9.58
"1752","331",2005-01-02,41.47
"1753","332",2005-01-02,9.49
"1754","332",2006-01-11,11.77
"1755","332",2006-04-07,29.06
"1756","332",2006-10-01,35.48
"1757","332",2006-12-06,40.98
"1758","332",2007-03-27,53.46
"1759","332",2007-04-08,19.95
"1760","332",2007-08-23,43.13
"1761","332",2008-05-11,15.38
"1762","332",2009-09-07,35.93
"1763","332",2010-03-24,62.58
"1764","332",2010-04-09,132.67
"1765","332",2010-11-10,43.89
"1766","333",2005-01-02,59.54
"1767","334",2005-01-02,14.79
"1768","335",2005-01-02,15.36
"1769","336",2005-01-02,42.71
"1770","336",2005-11-20,30.36
"1771","336",2006-11-06,43.47
"1772","336",2007-01-09,17.7
"1773","336",2007-11-27,12.77
"1774","336",2008-08-09,12.99
"1775","337",2005-01-02,70.42
"1776","337",2005-12-07,12.25
"1777","338",2005-01-02,24.98
"1778","338",2005-01-14,43.09
"1779","338",2005-04-08,21.49
"1780","339",2005-01-02,29.33
"1781","339",2005-02-06,29.73
"1782","339",2005-12-18,12.97
"1783","340",2005-01-02,31.05
"1784","341",2005-01-02,43.69
"1785","341",2005-02-15,31.35
"1786","341",2005-05-09,9.98
"1787","341",2005-11-15,14.37
"1788","341",2008-11-22,35.47
"1789","341",2010-10-16,47.46
"1790","341",2010-10-17,29.33
"1791","342",2005-01-02,90.96
"1792","342",2006-12-11,9.97
"1793","342",2007-02-11,21.49
"1794","342",2007-03-16,13.99
"1795","342",2008-02-21,95.2
"1796","342",2008-09-05,12.49
"1797","342",2008-10-21,11.77
"1798","342",2008-11-26,29.66
"1799","342",2009-10-27,20.75
"1800","343",2005-01-02,53.98
"1801","344",2005-01-02,13.99
"1802","345",2005-01-02,55.1
"1803","345",2007-09-04,15.36
"1804","346",2005-01-02,52.98
"1805","347",2005-01-02,14.99
"1806","347",2005-12-03,38.77
"1807","347",2006-04-20,23.49
"1808","347",2007-01-16,40.53
"1809","347",2007-05-19,25.48
"1810","347",2009-08-04,66.96
"1811","347",2009-10-12,55.27
"1812","347",2009-10-14,73.62
"1813","347",2010-01-30,17.3
"1814","348",2005-01-02,26.14
"1815","348",2005-05-02,14.96
"1816","348",2005-08-10,39.47
"1817","349",2005-01-02,139.7
"1818","349",2005-01-12,105.76
"1819","350",2005-01-02,11.77
"1820","351",2005-01-02,15.99
"1821","351",2005-05-19,11.77
"1822","351",2005-06-05,77.21
"1823","351",2005-08-17,24.97
"1824","351",2005-11-02,10.49
"1825","351",2005-11-23,29.92
"1826","351",2006-01-22,35.99
"1827","351",2006-01-29,6.78
"1828","351",2006-02-13,152.89
"1829","351",2006-02-22,39.91
"1830","351",2006-07-07,26.99
"1831","351",2006-07-17,15.36
"1832","351",2006-07-31,12.97
"1833","351",2006-08-04,70.07
"1834","351",2006-08-13,59.96
"1835","351",2006-08-19,27.98
"1836","351",2006-09-07,28.49
"1837","352",2005-01-02,11.77
"1838","352",2005-05-10,53.96
"1839","352",2005-11-30,26.13
"1840","352",2006-10-20,11.77
"1841","352",2006-12-02,25.97
"1842","352",2007-08-27,52.71
"1843","352",2007-09-21,36.28
"1844","352",2007-10-10,47.41
"1845","352",2007-10-19,4.79
"1846","353",2005-01-02,17.9
"1847","353",2005-06-18,20.54
"1848","353",2005-12-10,125.69
"1849","353",2006-04-17,12.77
"1850","353",2007-02-21,21.76
"1851","353",2007-03-10,15.36
"1852","353",2007-03-30,9.49
"1853","353",2007-07-23,57.51
"1854","353",2007-10-25,13.97
"1855","354",2005-01-02,29.92
"1856","355",2005-01-02,13.99
"1857","356",2005-01-02,13.76
"1858","356",2005-12-24,38.5
"1859","357",2005-01-02,67.57
"1860","358",2005-01-02,149.92
"1861","358",2008-04-11,11.77
"1862","359",2005-01-02,35.95
"1863","360",2005-01-02,34.71
"1864","360",2005-10-29,72.99
"1865","360",2005-12-07,27.14
"1866","360",2006-10-29,14.96
"1867","361",2005-01-02,14.96
"1868","361",2005-02-12,24.48
"1869","362",2005-01-02,13.77
"1870","362",2005-02-02,16.36
"1871","362",2005-09-20,24.9
"1872","362",2005-11-13,14.96
"1873","362",2006-05-28,53.45
"1874","362",2006-09-03,25.48
"1875","362",2006-10-19,38.99
"1876","362",2006-12-01,21.49
"1877","362",2007-04-22,19.98
"1878","362",2007-06-11,0
"1879","362",2007-06-20,176.86
"1880","362",2007-10-29,10.77
"1881","362",2007-11-04,12.49
"1882","362",2007-11-17,41.11
"1883","362",2008-03-01,66.47
"1884","362",2008-07-09,25.77
"1885","362",2009-01-18,9.98
"1886","362",2009-08-24,12.99
"1887","362",2009-09-23,24.47
"1888","362",2009-09-25,16.48
"1889","362",2009-10-09,37.99
"1890","362",2010-02-06,38.97
"1891","362",2010-02-25,25.74
"1892","362",2010-06-19,92.79
"1893","362",2010-09-18,25.98
"1894","362",2010-11-25,25.74
"1895","362",2010-12-12,60.49
"1896","363",2005-01-02,79.44
"1897","363",2005-02-14,27.47
"1898","364",2005-01-02,47.97
"1899","364",2006-07-18,25.3
"1900","364",2006-08-14,12.58
"1901","364",2006-09-20,51.97
"1902","364",2007-02-06,53.96
"1903","364",2007-06-19,2.99
"1904","364",2007-08-31,13.97
"1905","364",2007-10-02,13.97
"1906","364",2007-11-25,14.96
"1907","364",2007-12-04,8.97
"1908","364",2008-07-14,11.77
"1909","364",2008-11-10,316.76
"1910","364",2009-03-26,28.74
"1911","364",2009-08-04,59.96
"1912","364",2010-08-17,23.76
"1913","365",2005-01-02,15.96
"1914","365",2005-05-15,46.04
"1915","365",2005-10-16,55.08
"1916","365",2005-12-17,68.89
"1917","365",2007-06-20,30.33
"1918","366",2005-01-02,11.77
"1919","366",2005-11-19,12.99
"1920","367",2005-01-02,24.73
"1921","367",2005-01-24,13.97
"1922","367",2005-05-09,30.92
"1923","367",2006-01-23,83.2
"1924","367",2006-04-01,99.93
"1925","368",2005-01-02,46.46
"1926","369",2005-01-02,78.47
"1927","369",2005-05-02,70.33
"1928","369",2005-08-30,20.76
"1929","369",2005-09-03,29.33
"1930","369",2007-05-08,64.42
"1931","369",2008-10-10,50.96
"1932","369",2008-11-09,17.75
"1933","369",2009-01-14,19.3
"1934","369",2009-05-25,20.74
"1935","370",2005-01-02,75.44
"1936","371",2005-01-02,27.94
"1937","371",2005-02-20,35.51
"1938","371",2005-03-01,22.49
"1939","371",2007-06-05,81.94
"1940","371",2009-01-16,20.3
"1941","371",2009-08-12,10.98
"1942","371",2009-11-30,14.96
"1943","371",2010-03-17,26.14
"1944","371",2010-11-07,15.9
"1945","371",2010-11-24,21.77
"1946","372",2005-01-02,11.77
"1947","372",2005-01-30,29.92
"1948","372",2005-10-05,10.49
"1949","372",2005-11-08,9.97
"1950","372",2005-11-28,44.32
"1951","372",2006-04-19,6.79
"1952","372",2006-05-19,27.47
"1953","372",2006-11-22,15.36
"1954","372",2007-06-07,11.77
"1955","372",2007-11-17,34.14
"1956","372",2007-12-13,19.99
"1957","372",2008-02-14,14.99
"1958","372",2008-09-01,48.31
"1959","372",2009-08-26,28.93
"1960","372",2010-04-29,11.49
"1961","372",2010-07-03,36.86
"1962","373",2005-01-02,15.49
"1963","374",2005-01-02,9.98
"1964","374",2006-02-25,26.98
"1965","375",2005-01-02,56.97
"1966","376",2005-01-02,28.98
"1967","376",2005-02-19,28.97
"1968","377",2005-01-02,58.45
"1969","377",2005-09-08,9.99
"1970","378",2005-01-02,68.85
"1971","379",2005-01-02,25.48
"1972","380",2005-01-02,12.77
"1973","381",2005-01-02,11.77
"1974","381",2005-08-20,14.96
"1975","381",2006-01-25,9.99
"1976","381",2006-07-04,10.77
"1977","381",2007-02-15,14.79
"1978","381",2007-03-11,23.54
"1979","381",2007-03-14,62.96
"1980","381",2008-10-13,182.02
"1981","381",2008-12-09,14.96
"1982","382",2005-01-02,23.73
"1983","383",2005-01-02,11.77
"1984","383",2005-05-11,8.97
"1985","383",2005-10-16,14.99
"1986","383",2006-11-08,57.69
"1987","384",2005-01-02,95.94
"1988","384",2005-07-15,53.54
"1989","384",2005-07-16,23.74
"1990","384",2005-10-06,12.99
"1991","384",2006-03-21,29.98
"1992","384",2006-05-01,44.47
"1993","384",2006-10-27,72.85
"1994","384",2006-11-10,12.49
"1995","384",2008-02-14,11.77
"1996","384",2008-02-27,6.79
"1997","384",2009-01-18,12.77
"1998","384",2010-10-12,9.77
"1999","385",2005-01-02,44.88
"2000","385",2005-02-10,2.99
"2001","385",2005-03-23,47.97
"2002","385",2005-03-31,14.49
"2003","386",2005-01-02,27.94
"2004","387",2005-01-02,24.49
"2005","387",2005-01-16,28.74
"2006","387",2005-05-28,24.99
"2007","387",2006-02-04,50.28
"2008","387",2006-06-25,26.73
"2009","388",2005-01-02,18.64
"2010","388",2007-08-17,54.27
"2011","388",2007-12-04,33.7
"2012","388",2009-02-14,42.36
"2013","388",2009-06-01,21.74
"2014","388",2009-06-03,51.35
"2015","388",2009-09-07,37.9
"2016","388",2009-10-10,23.98
"2017","389",2005-01-02,14.99
"2018","389",2005-10-20,121.05
"2019","389",2006-10-17,11.77
"2020","389",2006-11-05,162.04
"2021","389",2007-07-10,30.72
"2022","389",2008-06-08,58.28
"2023","389",2008-08-05,89.47
"2024","389",2009-03-20,26.98
"2025","389",2009-06-17,11.77
"2026","389",2010-01-31,255.35
"2027","389",2010-04-05,12.99
"2028","390",2005-01-02,50.97
"2029","390",2005-04-15,50.74
"2030","390",2005-08-26,38.97
"2031","391",2005-01-02,5.78
"2032","391",2005-01-05,65.99
"2033","391",2005-05-16,58.06
"2034","391",2005-09-20,6.77
"2035","391",2006-10-23,19.56
"2036","391",2007-09-03,53.96
"2037","391",2007-12-11,22.97
"2038","391",2009-12-03,9.49
"2039","391",2010-03-02,23.76
"2040","392",2005-01-02,37.51
"2041","392",2006-02-09,39.51
"2042","393",2005-01-02,16
"2043","394",2005-01-02,16.7
"2044","394",2005-03-09,17.76
"2045","394",2005-11-13,29.92
"2046","394",2006-06-26,34
"2047","394",2006-08-26,23.99
"2048","395",2005-01-02,29.92
"2049","395",2005-03-07,89.2
"2050","395",2005-07-13,39.97
"2051","395",2006-09-11,27.13
"2052","395",2006-11-11,22.96
"2053","395",2007-03-13,11.77
"2054","395",2007-06-03,25.49
"2055","395",2007-10-15,493.91
"2056","395",2007-12-22,24.74
"2057","395",2008-06-18,13.97
"2058","395",2008-09-05,46.08
"2059","395",2008-11-02,15.36
"2060","395",2009-05-30,11.77
"2061","395",2009-08-02,57.46
"2062","395",2009-11-27,1554.58
"2063","396",2005-01-02,37.98
"2064","396",2008-12-17,12.99
"2065","397",2005-01-02,140.93
"2066","397",2005-01-16,170.9
"2067","397",2005-10-05,35.97
"2068","397",2005-12-27,11.49
"2069","397",2006-01-09,27.98
"2070","397",2006-01-28,13.97
"2071","397",2007-10-21,34.95
"2072","397",2008-02-07,62.85
"2073","397",2008-11-14,15.36
"2074","398",2005-01-02,86.79
"2075","398",2005-08-17,111.49
"2076","398",2005-08-18,85.01
"2077","398",2006-05-24,16.49
"2078","398",2006-09-29,14.99
"2079","398",2006-11-09,106.1
"2080","398",2008-10-14,14.49
"2081","398",2009-03-26,23.54
"2082","398",2009-11-08,22.97
"2083","399",2005-01-02,27.94
"2084","399",2005-04-14,23.94
"2085","399",2005-11-25,11.97
"2086","400",2005-01-02,61.05
"2087","400",2007-01-01,44.97
"2088","400",2007-03-21,16.77
"2089","400",2007-09-28,32.37
"2090","401",2005-01-02,31.97
"2091","401",2005-01-16,14.49
"2092","401",2005-03-31,26.94
"2093","401",2005-04-12,43.97
"2094","401",2005-05-15,30.73
"2095","402",2005-01-02,15.49
"2096","402",2005-04-10,70.62
"2097","402",2005-06-17,11.77
"2098","402",2005-12-02,13.97
"2099","402",2006-11-22,11.49
"2100","402",2006-11-23,12.49
"2101","403",2005-01-02,38.97
"2102","403",2005-08-03,28.48
"2103","403",2006-10-20,21.48
"2104","403",2006-11-20,26.98
"2105","403",2008-04-23,77.24
"2106","404",2005-01-02,29.47
"2107","404",2006-11-02,26.48
"2108","404",2007-06-02,95.95
"2109","404",2007-06-28,14.96
"2110","404",2008-01-16,12.49
"2111","404",2008-06-13,10.77
"2112","404",2008-12-29,13.77
"2113","404",2009-02-04,38.07
"2114","405",2005-01-02,85.42
"2115","405",2005-01-18,29.48
"2116","405",2005-11-04,18.49
"2117","405",2005-11-05,128.13
"2118","405",2005-11-09,9.49
"2119","405",2006-01-18,9.97
"2120","405",2006-04-02,56.94
"2121","405",2006-09-02,14.37
"2122","405",2007-03-05,29.92
"2123","405",2007-04-10,18.52
"2124","405",2007-05-30,12.77
"2125","405",2007-06-14,22.98
"2126","405",2007-09-19,24.48
"2127","405",2007-09-27,12.49
"2128","405",2007-10-28,93.24
"2129","405",2007-11-07,23.94
"2130","405",2008-12-23,54.73
"2131","405",2010-04-11,28.74
"2132","406",2005-01-02,12.99
"2133","406",2005-04-04,30.48
"2134","407",2005-01-02,29.33
"2135","407",2005-02-18,24.54
"2136","407",2005-03-22,55.32
"2137","407",2005-03-28,23.98
"2138","407",2005-06-03,14.99
"2139","408",2005-01-02,69.55
"2140","408",2005-03-07,32.98
"2141","408",2005-03-31,48.46
"2142","408",2005-05-27,59.16
"2143","408",2006-03-04,14.37
"2144","408",2006-08-08,47.52
"2145","408",2006-10-30,43.48
"2146","408",2007-05-14,28.48
"2147","408",2007-06-18,65.63
"2148","408",2007-10-03,12.49
"2149","408",2007-10-05,12.99
"2150","408",2008-12-15,45.49
"2151","408",2009-01-01,29.13
"2152","408",2009-03-27,25.56
"2153","408",2009-09-03,52.63
"2154","408",2010-06-16,31.78
"2155","408",2010-06-19,28.34
"2156","409",2005-01-02,31.03
"2157","410",2005-01-02,26.73
"2158","410",2005-01-04,21.56
"2159","410",2005-11-08,14.79
"2160","410",2006-08-15,12.99
"2161","410",2006-12-07,15.49
"2162","410",2007-03-17,83.44
"2163","410",2007-04-08,7.78
"2164","410",2007-09-02,28.74
"2165","410",2007-10-01,155.8
"2166","410",2007-10-07,20.99
"2167","410",2007-11-04,26.3
"2168","410",2007-12-24,23.98
"2169","410",2008-02-29,69.45
"2170","410",2008-04-01,37.26
"2171","410",2008-07-18,7.78
"2172","410",2008-07-27,22.15
"2173","410",2008-11-01,77.42
"2174","410",2008-11-29,13.77
"2175","410",2008-11-30,12.49
"2176","410",2009-01-17,27.98
"2177","410",2010-03-15,11.88
"2178","410",2010-11-23,35.31
"2179","411",2005-01-02,63.86
"2180","412",2005-01-02,36.73
"2181","412",2005-05-30,13.97
"2182","412",2005-06-12,12.49
"2183","412",2005-10-04,48.88
"2184","412",2005-10-24,21.54
"2185","413",2005-01-02,38.7
"2186","413",2005-10-29,8
"2187","413",2005-12-22,14.37
"2188","413",2007-12-04,22.48
"2189","413",2008-02-03,27.56
"2190","413",2008-04-21,24.74
"2191","413",2008-08-06,46.47
"2192","413",2009-07-29,12.49
"2193","413",2009-10-22,12.97
"2194","413",2009-10-31,9.49
"2195","413",2010-12-06,24.99
"2196","414",2005-01-02,17.99
"2197","414",2005-11-21,14.96
"2198","414",2005-11-24,13.97
"2199","414",2006-04-23,21.47
"2200","414",2006-09-01,14.99
"2201","414",2006-10-17,11.77
"2202","414",2006-12-03,59.28
"2203","415",2005-01-02,12.77
"2204","416",2005-01-02,14.99
"2205","417",2005-01-02,47.97
"2206","417",2005-03-02,16.36
"2207","417",2006-10-05,224.28
"2208","417",2007-08-26,12.97
"2209","417",2007-09-04,24.98
"2210","417",2007-12-02,28.49
"2211","417",2007-12-17,33.14
"2212","417",2008-07-29,42.49
"2213","417",2009-02-05,2.99
"2214","418",2005-01-02,12.99
"2215","418",2005-05-15,13.99
"2216","418",2005-10-23,52.63
"2217","418",2007-03-21,42.97
"2218","418",2008-05-11,19.56
"2219","419",2005-01-02,17.9
"2220","419",2006-02-06,129.98
"2221","419",2006-03-30,14.37
"2222","419",2006-07-13,56.47
"2223","419",2006-07-15,14.96
"2224","419",2006-09-25,25.37
"2225","419",2006-10-24,11.77
"2226","419",2006-10-26,29.98
"2227","419",2007-04-24,29.96
"2228","419",2007-09-26,93.57
"2229","419",2008-06-07,4.79
"2230","419",2008-06-26,5.79
"2231","419",2008-07-01,73.02
"2232","419",2008-11-16,15.36
"2233","419",2009-02-25,7.49
"2234","419",2009-06-28,15.49
"2235","419",2009-07-26,4.79
"2236","419",2010-03-24,87.4
"2237","419",2010-06-15,11.77
"2238","419",2010-10-11,14.96
"2239","419",2010-11-07,23.76
"2240","420",2005-01-02,40.7
"2241","420",2005-01-16,31.13
"2242","420",2005-03-01,43.89
"2243","420",2005-03-06,15.49
"2244","420",2005-03-12,20.55
"2245","421",2005-01-02,29.33
"2246","421",2005-01-21,50.94
"2247","422",2005-01-02,51.96
"2248","422",2005-02-18,42.97
"2249","422",2005-09-01,10.97
"2250","422",2005-09-09,22.74
"2251","423",2005-01-02,25.16
"2252","423",2005-05-10,31.14
"2253","424",2005-01-02,51.15
"2254","424",2005-09-04,15.36
"2255","424",2006-06-26,11.77
"2256","424",2006-10-08,38.9
"2257","424",2006-11-11,27.94
"2258","424",2006-12-26,44.88
"2259","424",2007-03-15,28.48
"2260","424",2007-12-28,60.23
"2261","424",2009-06-10,28.48
"2262","424",2009-07-13,40.7
"2263","424",2009-10-16,59.74
"2264","424",2009-12-09,29.37
"2265","424",2010-11-16,13.97
"2266","425",2005-01-02,37.96
"2267","426",2005-01-02,29.27
"2268","426",2005-03-08,90.2
"2269","426",2005-04-13,14.96
"2270","426",2005-05-29,14.96
"2271","426",2005-06-04,12.99
"2272","426",2005-06-13,13.97
"2273","426",2005-08-17,58.95
"2274","426",2005-10-12,15.36
"2275","426",2006-09-11,43.94
"2276","426",2006-10-14,14.96
"2277","426",2007-03-14,26.77
"2278","426",2007-03-29,51.68
"2279","426",2007-12-30,15.49
"2280","426",2008-04-15,9.99
"2281","426",2008-08-12,42.47
"2282","426",2008-10-19,63.85
"2283","426",2009-08-09,13.49
"2284","426",2009-10-26,157.86
"2285","426",2010-08-04,33.76
"2286","426",2010-09-05,78.98
"2287","427",2005-01-02,26.48
"2288","428",2005-01-02,15.56
"2289","428",2005-03-24,11.77
"2290","428",2006-11-16,14.79
"2291","429",2005-01-02,4.79
"2292","430",2005-01-02,33.4
"2293","430",2005-06-08,25.74
"2294","430",2005-07-31,23.54
"2295","430",2005-08-03,35.31
"2296","431",2005-01-02,26.87
"2297","432",2005-01-02,35.51
"2298","432",2005-02-09,46.48
"2299","433",2005-01-02,45.88
"2300","433",2005-02-03,22.96
"2301","433",2005-05-03,57.1
"2302","433",2005-05-09,19.49
"2303","433",2006-07-14,14.96
"2304","433",2006-11-19,101.82
"2305","433",2007-04-02,31.98
"2306","433",2008-02-08,13.97
"2307","433",2008-07-20,79.94
"2308","433",2009-04-27,15.49
"2309","434",2005-01-02,23.98
"2310","434",2005-08-28,75.53
"2311","434",2005-10-29,16.31
"2312","434",2007-11-12,14.42
"2313","434",2008-07-12,14.96
"2314","434",2008-11-14,27.55
"2315","434",2008-11-18,11.49
"2316","434",2009-02-02,71.45
"2317","434",2009-07-20,19.3
"2318","434",2009-10-06,14.99
"2319","434",2010-04-03,25.74
"2320","434",2010-11-05,69.95
"2321","434",2010-12-15,101.41
"2322","435",2005-01-02,12.99
"2323","435",2005-07-19,16.79
"2324","435",2005-12-04,10.77
"2325","435",2006-02-14,44.73
"2326","435",2007-01-14,28.93
"2327","435",2007-09-30,28.99
"2328","435",2008-04-02,13.97
"2329","435",2008-10-16,27.3
"2330","435",2009-02-21,54.35
"2331","435",2009-03-29,33.72
"2332","435",2009-05-08,11.77
"2333","435",2009-05-27,10.99
"2334","435",2010-03-20,30.98
"2335","436",2005-01-02,45.68
"2336","436",2005-08-05,15.99
"2337","436",2005-08-21,26.73
"2338","437",2005-01-02,14.96
"2339","438",2005-01-02,25.98
"2340","438",2005-04-14,134.9
"2341","438",2005-06-09,24.99
"2342","438",2005-10-18,37.97
"2343","438",2005-10-25,24.47
"2344","438",2005-12-25,15.96
"2345","438",2006-12-03,12.99
"2346","438",2007-05-18,65.64
"2347","438",2007-10-25,10.77
"2348","438",2008-08-24,29.92
"2349","438",2008-08-26,15.36
"2350","438",2008-10-21,12.49
"2351","438",2009-01-06,33.96
"2352","438",2010-07-07,12.49
"2353","438",2010-12-07,230.3
"2354","439",2005-01-02,230.3
"2355","440",2005-01-02,84.39
"2356","440",2005-02-22,131.07
"2357","440",2005-08-03,86.43
"2358","440",2006-06-06,11.49
"2359","440",2007-10-02,246.51
"2360","441",2005-01-02,48.6
"2361","441",2005-01-21,61.11
"2362","441",2005-03-21,18.75
"2363","441",2005-05-06,15.49
"2364","441",2005-07-13,21.49
"2365","441",2005-12-30,11.77
"2366","441",2006-01-22,19.99
"2367","441",2006-03-19,50.67
"2368","441",2006-06-03,43.5
"2369","441",2006-06-09,29.77
"2370","441",2006-10-11,27.13
"2371","441",2006-11-07,102.36
"2372","441",2006-11-29,43.3
"2373","441",2006-12-08,33.51
"2374","441",2007-05-03,4.79
"2375","441",2007-08-12,15.96
"2376","441",2007-11-26,14.99
"2377","441",2008-03-02,39.25
"2378","441",2008-05-12,46.88
"2379","441",2008-07-30,11.77
"2380","441",2008-08-25,13.49
"2381","441",2008-09-24,9.99
"2382","441",2009-01-07,12.77
"2383","441",2009-07-29,6.79
"2384","441",2009-08-04,13.97
"2385","441",2009-08-25,41.31
"2386","441",2009-09-22,28.49
"2387","441",2009-10-15,20.35
"2388","441",2010-07-12,93.97
"2389","441",2010-07-25,11.77
"2390","441",2010-08-08,27.33
"2391","441",2010-08-22,22.99
"2392","441",2010-12-06,43.3
"2393","442",2005-01-02,12.99
"2394","442",2005-07-28,11.58
"2395","442",2005-07-31,24.48
"2396","442",2006-10-24,120.43
"2397","442",2006-11-16,38.47
"2398","442",2006-12-05,7.98
"2399","442",2007-02-07,14.96
"2400","442",2007-12-06,42.48
"2401","442",2008-06-01,19.74
"2402","442",2008-06-02,16.99
"2403","442",2008-07-11,58.46
"2404","442",2009-04-12,13.99
"2405","442",2009-06-15,79.21
"2406","442",2009-06-19,45.47
"2407","442",2009-08-15,14.37
"2408","442",2010-06-25,38.86
"2409","442",2010-10-27,48.94
"2410","443",2005-01-02,14.37
"2411","444",2005-01-02,26.94
"2412","445",2005-01-02,10.77
"2413","445",2005-03-01,43.34
"2414","445",2005-06-04,88.18
"2415","445",2006-02-20,79.2
"2416","446",2005-01-02,64.74
"2417","447",2005-01-02,15.76
"2418","448",2005-01-02,34.74
"2419","449",2005-01-02,64.45
"2420","449",2009-10-08,9.77
"2421","450",2005-01-02,65.97
"2422","450",2005-01-29,53.29
"2423","450",2006-06-11,32.47
"2424","450",2006-10-23,27.98
"2425","450",2007-06-12,13.77
"2426","450",2007-09-04,28.7
"2427","450",2007-12-24,33.72
"2428","450",2008-01-02,12.99
"2429","450",2008-06-18,57.5
"2430","450",2008-10-09,118.23
"2431","450",2008-10-25,121.15
"2432","450",2008-11-18,74.73
"2433","450",2008-12-22,51.67
"2434","450",2009-03-23,37.71
"2435","450",2009-10-18,71.63
"2436","450",2009-11-05,92.81
"2437","450",2009-11-27,9.58
"2438","450",2010-01-30,41.47
"2439","450",2010-03-14,9.49
"2440","450",2010-05-18,11.77
"2441","450",2010-07-17,29.06
"2442","450",2010-10-09,35.48
"2443","450",2010-10-16,40.98
"2444","451",2005-01-02,53.46
"2445","451",2006-01-19,19.95
"2446","451",2006-10-25,43.13
"2447","451",2006-11-06,15.38
"2448","451",2007-05-29,35.93
"2449","452",2005-01-02,62.58
"2450","453",2005-01-02,132.67
"2451","453",2005-03-26,43.89
"2452","453",2005-09-03,59.54
"2453","453",2005-11-03,14.79
"2454","453",2005-11-29,15.36
"2455","453",2005-12-07,42.71
"2456","453",2006-01-21,30.36
"2457","453",2006-01-27,43.47
"2458","454",2005-01-02,17.7
"2459","454",2005-03-13,12.77
"2460","454",2005-04-20,12.99
"2461","454",2005-05-28,70.42
"2462","454",2006-05-08,12.25
"2463","454",2006-08-15,24.98
"2464","454",2006-11-23,43.09
"2465","454",2007-03-10,21.49
"2466","454",2007-07-26,29.33
"2467","454",2007-11-07,29.73
"2468","454",2008-03-19,12.97
"2469","454",2008-07-02,31.05
"2470","454",2008-08-15,43.69
"2471","454",2008-10-18,31.35
"2472","454",2008-10-23,9.98
"2473","454",2008-11-26,14.37
"2474","454",2008-12-03,35.47
"2475","454",2009-03-22,47.46
"2476","454",2009-04-25,29.33
"2477","454",2009-05-04,90.96
"2478","454",2009-09-07,9.97
"2479","454",2009-11-15,21.49
"2480","454",2010-06-05,13.99
"2481","454",2010-06-22,95.2
"2482","454",2010-07-06,12.49
"2483","454",2010-09-10,11.77
"2484","454",2010-12-11,29.66
"2485","455",2005-01-02,20.75
"2486","455",2005-01-30,53.98
"2487","455",2005-10-11,13.99
"2488","455",2006-06-16,55.1
"2489","456",2005-01-02,15.36
"2490","456",2005-07-23,52.98
"2491","456",2006-07-02,14.99
"2492","456",2007-12-17,38.77
"2493","456",2008-03-25,23.49
"2494","456",2008-10-05,40.53
"2495","456",2008-10-28,25.48
"2496","456",2009-10-25,66.96
"2497","457",2005-01-02,55.27
"2498","457",2005-07-14,73.62
"2499","458",2005-01-02,17.3
"2500","458",2005-05-10,26.14
"2501","458",2005-08-09,14.96
"2502","458",2006-02-21,39.47
"2503","458",2006-10-01,139.7
"2504","458",2006-11-09,105.76
"2505","458",2007-10-29,11.77
"2506","458",2008-02-17,15.99
"2507","459",2005-01-02,11.77
"2508","460",2005-01-02,77.21
"2509","461",2005-01-02,24.97
"2510","461",2005-02-18,10.49
"2511","461",2005-05-20,29.92
"2512","461",2005-10-04,35.99
"2513","461",2005-12-29,6.78
"2514","461",2006-01-02,152.89
"2515","461",2006-03-13,39.91
"2516","462",2005-01-02,26.99
"2517","462",2005-03-03,15.36
"2518","462",2005-06-21,12.97
"2519","462",2005-09-14,70.07
"2520","462",2005-10-06,59.96
"2521","462",2006-01-21,27.98
"2522","462",2006-02-07,28.49
"2523","462",2006-10-15,11.77
"2524","462",2007-05-30,53.96
"2525","462",2008-03-27,26.13
"2526","462",2008-04-09,11.77
"2527","462",2008-12-15,25.97
"2528","462",2009-03-20,52.71
"2529","462",2009-05-03,36.28
"2530","462",2009-07-16,47.41
"2531","462",2009-08-28,4.79
"2532","462",2010-01-03,17.9
"2533","463",2005-01-02,20.54
"2534","463",2008-02-18,125.69
"2535","463",2008-06-11,12.77
"2536","464",2005-01-02,21.76
"2537","464",2005-02-22,15.36
"2538","464",2005-03-11,9.49
"2539","464",2005-06-10,57.51
"2540","464",2005-06-27,13.97
"2541","464",2005-08-09,29.92
"2542","464",2005-10-02,13.99
"2543","464",2005-10-03,13.76
"2544","464",2005-10-13,38.5
"2545","464",2005-12-23,67.57
"2546","464",2006-03-24,149.92
"2547","464",2006-04-22,11.77
"2548","464",2006-05-25,35.95
"2549","465",2005-01-02,34.71
"2550","465",2005-08-02,72.99
"2551","465",2006-05-02,27.14
"2552","465",2006-11-19,14.96
"2553","465",2006-12-02,14.96
"2554","465",2007-07-31,24.48
"2555","465",2007-11-03,13.77
"2556","465",2007-11-13,16.36
"2557","465",2008-04-17,24.9
"2558","465",2008-09-12,14.96
"2559","465",2008-12-29,53.45
"2560","465",2009-01-01,25.48
"2561","465",2009-08-05,38.99
"2562","466",2005-01-02,21.49
"2563","466",2005-04-24,19.98
"2564","467",2005-01-02,0
"2565","467",2006-09-04,176.86
"2566","468",2005-01-02,10.77
"2567","468",2005-01-24,12.49
"2568","468",2006-03-17,41.11
"2569","469",2005-01-02,66.47
"2570","469",2005-02-12,25.77
"2571","469",2006-09-23,9.98
"2572","469",2007-12-30,12.99
"2573","469",2008-06-18,24.47
"2574","469",2008-09-20,16.48
"2575","469",2008-10-06,37.99
"2576","469",2009-03-09,38.97
"2577","469",2009-11-18,25.74
"2578","469",2009-12-22,92.79
"2579","469",2010-01-08,25.98
"2580","469",2010-06-03,25.74
"2581","469",2010-11-05,60.49
"2582","470",2005-01-02,79.44
"2583","470",2007-12-07,27.47
"2584","471",2005-01-02,47.97
"2585","472",2005-01-02,25.3
"2586","472",2005-03-29,12.58
"2587","472",2005-08-03,51.97
"2588","473",2005-01-02,53.96
"2589","474",2005-01-02,2.99
"2590","474",2005-02-09,13.97
"2591","475",2005-01-02,13.97
"2592","475",2005-01-03,14.96
"2593","475",2005-05-08,8.97
"2594","475",2005-05-31,11.77
"2595","475",2005-10-04,316.76
"2596","475",2005-12-03,28.74
"2597","475",2006-01-03,59.96
"2598","475",2006-06-25,23.76
"2599","475",2006-08-12,15.96
"2600","476",2005-01-02,46.04
"2601","476",2007-02-08,55.08
"2602","477",2005-01-02,68.89
"2603","477",2005-01-12,30.33
"2604","477",2005-12-08,11.77
"2605","477",2006-02-07,12.99
"2606","478",2005-01-02,24.73
"2607","478",2005-04-01,13.97
"2608","478",2005-05-02,30.92
"2609","479",2005-01-02,83.2
"2610","480",2005-01-02,99.93
"2611","481",2005-01-02,46.46
"2612","482",2005-01-02,78.47
"2613","482",2007-11-21,70.33
"2614","482",2010-11-10,20.76
"2615","483",2005-01-02,29.33
"2616","483",2006-06-12,64.42
"2617","484",2005-01-02,50.96
"2618","484",2005-04-22,17.75
"2619","484",2007-05-13,19.3
"2620","484",2007-09-01,20.74
"2621","484",2008-03-15,75.44
"2622","484",2008-12-12,27.94
"2623","484",2009-05-17,35.51
"2624","484",2009-09-22,22.49
"2625","484",2010-07-26,81.94
"2626","485",2005-01-02,20.3
"2627","485",2005-02-10,10.98
"2628","485",2006-08-14,14.96
"2629","485",2006-08-30,26.14
"2630","485",2008-02-02,15.9
"2631","485",2009-06-07,21.77
"2632","485",2009-07-02,11.77
"2633","485",2009-10-12,29.92
"2634","486",2005-01-02,10.49
"2635","486",2005-10-16,9.97
"2636","486",2005-12-02,44.32
"2637","486",2007-02-07,6.79
"2638","486",2008-07-03,27.47
"2639","486",2008-09-17,15.36
"2640","486",2008-11-15,11.77
"2641","486",2009-06-12,34.14
"2642","486",2009-08-22,19.99
"2643","486",2009-12-10,14.99
"2644","486",2009-12-17,48.31
"2645","487",2005-01-02,28.93
"2646","487",2005-01-27,11.49
"2647","487",2005-03-04,36.86
"2648","487",2005-06-14,15.49
"2649","488",2005-01-02,9.98
"2650","489",2005-01-02,26.98
"2651","489",2005-02-15,56.97
"2652","489",2005-05-02,28.98
"2653","489",2005-07-11,28.97
"2654","489",2005-07-15,58.45
"2655","489",2005-07-18,9.99
"2656","490",2005-01-02,68.85
"2657","491",2005-01-02,25.48
"2658","491",2005-05-19,12.77
"2659","492",2005-01-02,11.77
"2660","492",2008-03-02,14.96
"2661","492",2009-07-06,9.99
"2662","492",2010-06-06,10.77
"2663","492",2010-10-17,14.79
"2664","493",2005-01-02,23.54
"2665","494",2005-01-02,62.96
"2666","494",2005-06-16,182.02
"2667","495",2005-01-02,14.96
"2668","496",2005-01-02,23.73
"2669","496",2005-01-29,11.77
"2670","496",2005-12-08,8.97
"2671","496",2006-02-03,14.99
"2672","496",2006-10-26,57.69
"2673","496",2008-08-07,95.94
"2674","496",2009-01-08,53.54
"2675","496",2010-03-05,23.74
"2676","497",2005-01-02,12.99
"2677","497",2005-02-13,29.98
"2678","497",2005-03-07,44.47
"2679","497",2005-09-28,72.85
"2680","497",2005-10-14,12.49
"2681","497",2005-11-01,11.77
"2682","497",2006-08-03,6.79
"2683","498",2005-01-02,12.77
"2684","498",2005-09-27,9.77
"2685","499",2005-01-02,44.88
"2686","499",2008-03-21,2.99
"2687","499",2009-12-02,47.97
"2688","500",2005-01-02,14.49
"2689","500",2009-06-11,27.94
"2690","500",2010-03-08,24.49
"2691","500",2010-05-06,28.74
"2692","501",2005-01-02,24.99
"2693","502",2005-01-02,50.28
"2694","502",2005-02-18,26.73
"2695","502",2005-04-24,18.64
"2696","502",2005-05-11,54.27
"2697","503",2005-01-02,33.7
"2698","503",2005-04-16,42.36
"2699","503",2008-02-02,21.74
"2700","504",2005-01-02,51.35
"2701","504",2005-03-07,37.9
"2702","504",2005-06-05,23.98
"2703","504",2006-03-08,14.99
"2704","504",2006-06-16,121.05
"2705","504",2006-08-29,11.77
"2706","504",2006-10-15,162.04
"2707","504",2007-03-03,30.72
"2708","504",2008-04-08,58.28
"2709","504",2008-06-27,89.47
"2710","504",2008-11-20,26.98
"2711","504",2009-05-31,11.77
"2712","504",2010-03-22,255.35
"2713","504",2010-10-16,12.99
"2714","505",2005-01-02,50.97
"2715","506",2005-01-02,50.74
"2716","506",2005-08-21,38.97
"2717","506",2005-11-24,5.78
"2718","506",2006-05-31,65.99
"2719","506",2006-11-29,58.06
"2720","506",2008-07-04,6.77
"2721","506",2008-07-06,19.56
"2722","506",2008-08-04,53.96
"2723","506",2008-10-16,22.97
"2724","507",2005-01-02,9.49
"2725","507",2005-06-04,23.76
"2726","507",2005-09-05,37.51
"2727","507",2006-04-01,39.51
"2728","508",2005-01-02,16
"2729","509",2005-01-02,16.7
"2730","509",2005-10-16,17.76
"2731","509",2006-05-09,29.92
"2732","509",2007-09-03,34
"2733","509",2009-10-03,23.99
"2734","509",2009-10-31,29.92
"2735","509",2009-11-09,89.2
"2736","509",2010-07-05,39.97
"2737","509",2010-07-11,27.13
"2738","509",2010-12-05,22.96
"2739","510",2005-01-02,11.77
"2740","510",2006-01-08,25.49
"2741","510",2006-09-24,493.91
"2742","510",2008-10-11,24.74
"2743","510",2008-10-11,13.97
"2744","511",2005-01-02,46.08
"2745","511",2006-01-21,15.36
"2746","511",2006-02-13,11.77
"2747","512",2005-01-02,57.46
"2748","513",2005-01-02,1554.58
"2749","513",2005-02-27,37.98
"2750","513",2005-04-20,12.99
"2751","513",2007-12-11,140.93
"2752","514",2005-01-02,170.9
"2753","515",2005-01-02,35.97
"2754","515",2005-05-13,11.49
"2755","515",2006-03-07,27.98
"2756","516",2005-01-02,13.97
"2757","517",2005-01-02,34.95
"2758","517",2007-01-12,62.85
"2759","517",2007-05-18,15.36
"2760","517",2008-01-01,86.79
"2761","517",2008-04-22,111.49
"2762","517",2008-08-24,85.01
"2763","517",2010-02-14,16.49
"2764","518",2005-01-02,14.99
"2765","518",2006-01-04,106.1
"2766","518",2006-02-24,14.49
"2767","518",2006-05-13,23.54
"2768","518",2006-05-29,22.97
"2769","518",2006-08-08,27.94
"2770","518",2006-08-18,23.94
"2771","518",2007-06-22,11.97
"2772","518",2007-09-03,61.05
"2773","518",2007-12-01,44.97
"2774","518",2008-02-28,16.77
"2775","518",2008-05-15,32.37
"2776","518",2009-02-27,31.97
"2777","518",2009-06-02,14.49
"2778","518",2009-07-27,26.94
"2779","518",2009-12-29,43.97
"2780","518",2010-11-21,30.73
"2781","519",2005-01-02,15.49
"2782","519",2005-01-22,70.62
"2783","519",2005-03-10,11.77
"2784","520",2005-01-02,13.97
"2785","520",2005-02-12,11.49
"2786","520",2005-03-21,12.49
"2787","520",2005-05-10,38.97
"2788","521",2005-01-02,28.48
"2789","521",2006-12-03,21.48
"2790","521",2007-04-30,26.98
"2791","521",2008-10-30,77.24
"2792","521",2008-12-25,29.47
"2793","522",2005-01-02,26.48
"2794","522",2005-05-29,95.95
"2795","522",2005-07-20,14.96
"2796","522",2005-11-07,12.49
"2797","522",2006-06-04,10.77
"2798","522",2006-10-18,13.77
"2799","522",2007-06-17,38.07
"2800","522",2007-10-01,85.42
"2801","522",2007-12-06,29.48
"2802","522",2009-02-25,18.49
"2803","522",2009-07-09,128.13
"2804","522",2009-12-01,9.49
"2805","522",2010-03-18,9.97
"2806","522",2010-11-03,56.94
"2807","522",2010-11-27,14.37
"2808","523",2005-01-02,29.92
"2809","524",2005-01-02,18.52
"2810","525",2005-01-02,12.77
"2811","525",2005-10-15,22.98
"2812","526",2005-01-02,24.48
"2813","527",2005-01-02,12.49
"2814","527",2008-08-20,93.24
"2815","527",2008-10-27,23.94
"2816","528",2005-01-02,54.73
"2817","528",2005-01-03,28.74
"2818","528",2006-10-15,12.99
"2819","529",2005-01-02,30.48
"2820","530",2005-01-02,29.33
"2821","530",2006-05-28,24.54
"2822","531",2005-01-02,55.32
"2823","531",2005-06-25,23.98
"2824","531",2005-07-09,14.99
"2825","531",2005-11-16,69.55
"2826","531",2005-12-19,32.98
"2827","531",2006-02-08,48.46
"2828","531",2006-10-01,59.16
"2829","531",2007-01-31,14.37
"2830","531",2007-04-21,47.52
"2831","531",2007-06-15,43.48
"2832","531",2007-07-10,28.48
"2833","531",2007-09-30,65.63
"2834","531",2007-11-15,12.49
"2835","531",2007-12-19,12.99
"2836","531",2008-03-06,45.49
"2837","531",2008-10-15,29.13
"2838","531",2008-11-05,25.56
"2839","531",2008-11-14,52.63
"2840","531",2009-03-10,31.78
"2841","531",2009-06-10,28.34
"2842","531",2009-06-22,31.03
"2843","531",2009-06-23,26.73
"2844","531",2009-07-17,21.56
"2845","531",2010-04-15,14.79
"2846","531",2010-05-07,12.99
"2847","531",2010-05-21,15.49
"2848","531",2010-12-16,83.44
"2849","532",2005-01-02,7.78
"2850","533",2005-01-02,28.74
"2851","533",2005-07-28,155.8
"2852","533",2006-02-02,20.99
"2853","533",2008-12-28,26.3
"2854","534",2005-01-02,23.98
"2855","534",2005-05-04,69.45
"2856","534",2005-08-04,37.26
"2857","534",2005-11-13,7.78
"2858","534",2006-02-23,22.15
"2859","534",2006-08-18,77.42
"2860","534",2006-10-31,13.77
"2861","534",2007-02-09,12.49
"2862","534",2007-05-13,27.98
"2863","534",2007-12-30,11.88
"2864","534",2009-03-10,35.31
"2865","534",2010-04-30,63.86
"2866","534",2010-05-21,36.73
"2867","534",2010-12-20,13.97
"2868","535",2005-01-02,12.49
"2869","535",2005-01-19,48.88
"2870","535",2005-02-06,21.54
"2871","535",2005-02-28,38.7
"2872","535",2005-04-10,8
"2873","535",2005-10-05,14.37
"2874","535",2005-11-24,22.48
"2875","535",2005-12-25,27.56
"2876","535",2006-01-20,24.74
"2877","535",2006-08-27,46.47
"2878","535",2006-10-12,12.49
"2879","535",2007-01-31,12.97
"2880","535",2007-05-21,9.49
"2881","535",2008-02-01,24.99
"2882","535",2008-03-17,17.99
"2883","535",2008-03-21,14.96
"2884","535",2008-04-12,13.97
"2885","535",2008-04-17,21.47
"2886","535",2008-07-28,14.99
"2887","535",2008-10-24,11.77
"2888","535",2008-12-09,59.28
"2889","535",2009-07-13,12.77
"2890","535",2009-10-13,14.99
"2891","535",2009-12-09,47.97
"2892","535",2010-06-23,16.36
"2893","536",2005-01-02,224.28
"2894","536",2005-02-14,12.97
"2895","536",2005-03-17,24.98
"2896","537",2005-01-02,28.49
"2897","538",2005-01-02,33.14
"2898","538",2005-04-28,42.49
"2899","538",2005-06-04,2.99
"2900","538",2005-10-30,12.99
"2901","538",2005-11-14,13.99
"2902","539",2005-01-02,52.63
"2903","539",2007-03-09,42.97
"2904","539",2007-11-07,19.56
"2905","539",2008-11-14,17.9
"2906","539",2008-11-17,129.98
"2907","539",2009-06-20,14.37
"2908","539",2010-01-04,56.47
"2909","539",2010-02-17,14.96
"2910","540",2005-01-02,25.37
"2911","540",2005-04-19,11.77
"2912","541",2005-01-02,29.98
"2913","541",2005-03-05,29.96
"2914","541",2005-07-24,93.57
"2915","541",2005-11-05,4.79
"2916","541",2005-11-14,5.79
"2917","541",2006-10-08,73.02
"2918","541",2006-10-24,15.36
"2919","541",2006-12-08,7.49
"2920","541",2007-03-17,15.49
"2921","541",2007-04-22,4.79
"2922","541",2007-07-07,87.4
"2923","541",2007-07-14,11.77
"2924","541",2007-12-05,14.96
"2925","541",2008-01-14,23.76
"2926","541",2008-04-26,40.7
"2927","541",2008-06-16,31.13
"2928","541",2008-08-15,43.89
"2929","541",2008-08-21,15.49
"2930","541",2008-09-14,20.55
"2931","541",2008-10-22,29.33
"2932","541",2008-10-29,50.94
"2933","541",2008-11-07,51.96
"2934","541",2009-02-18,42.97
"2935","541",2009-03-10,10.97
"2936","541",2009-05-17,22.74
"2937","541",2010-01-13,25.16
"2938","542",2005-01-02,31.14
"2939","542",2006-05-20,51.15
"2940","543",2005-01-02,15.36
"2941","543",2007-09-14,11.77
"2942","543",2008-06-12,38.9
"2943","544",2005-01-02,27.94
"2944","545",2005-01-02,44.88
"2945","545",2005-04-10,28.48
"2946","545",2006-06-08,60.23
"2947","546",2005-01-02,28.48
"2948","546",2005-03-12,40.7
"2949","546",2006-06-21,59.74
"2950","546",2008-04-25,29.37
"2951","547",2005-01-02,13.97
"2952","547",2005-05-24,37.96
"2953","547",2005-07-12,29.27
"2954","548",2005-01-02,90.2
"2955","549",2005-01-02,14.96
"2956","550",2005-01-02,14.96
"2957","550",2005-04-03,12.99
"2958","550",2006-02-24,13.97
"2959","550",2007-02-27,58.95
"2960","550",2007-04-26,15.36
"2961","550",2007-08-14,43.94
"2962","550",2009-01-29,14.96
"2963","550",2009-02-02,26.77
"2964","550",2009-11-16,51.68
"2965","551",2005-01-02,15.49
"2966","552",2005-01-02,9.99
"2967","553",2005-01-02,42.47
"2968","553",2005-02-03,63.85
"2969","553",2005-03-22,13.49
"2970","553",2005-06-18,157.86
"2971","553",2005-09-11,33.76
"2972","553",2006-04-07,78.98
"2973","553",2006-09-07,26.48
"2974","553",2006-12-16,15.56
"2975","553",2007-06-15,11.77
"2976","553",2007-10-17,14.79
"2977","553",2007-11-12,4.79
"2978","553",2008-04-06,33.4
"2979","553",2008-04-18,25.74
"2980","553",2008-06-19,23.54
"2981","553",2008-06-21,35.31
"2982","553",2008-08-27,26.87
"2983","553",2008-10-12,35.51
"2984","553",2009-06-19,46.48
"2985","553",2010-01-22,45.88
"2986","553",2010-04-14,22.96
"2987","553",2010-08-16,57.1
"2988","553",2010-10-06,19.49
"2989","554",2005-01-02,14.96
"2990","554",2005-11-20,101.82
"2991","555",2005-01-02,31.98
"2992","555",2005-06-14,13.97
"2993","555",2006-02-26,79.94
"2994","555",2006-10-23,15.49
"2995","555",2007-09-21,23.98
"2996","555",2007-10-23,75.53
"2997","555",2008-06-04,16.31
"2998","555",2008-11-24,14.42
"2999","555",2008-11-25,14.96
"3000","555",2009-04-17,27.55
"3001","555",2009-04-21,11.49
"3002","555",2010-05-26,71.45
"3003","556",2005-01-02,19.3
"3004","557",2005-01-02,14.99
"3005","557",2005-01-31,25.74
"3006","557",2005-02-14,69.95
"3007","557",2005-09-29,101.41
"3008","557",2006-08-05,12.99
"3009","557",2006-08-14,16.79
"3010","557",2007-09-25,10.77
"3011","557",2007-10-19,44.73
"3012","558",2005-01-02,28.93
"3013","559",2005-01-02,28.99
"3014","559",2005-04-11,13.97
"3015","560",2005-01-02,27.3
"3016","560",2005-03-04,54.35
"3017","561",2005-01-02,33.72
"3018","561",2006-06-11,11.77
"3019","561",2006-12-02,10.99
"3020","561",2007-12-03,30.98
"3021","561",2008-04-03,45.68
"3022","561",2008-09-16,15.99
"3023","561",2010-02-20,26.73
"3024","562",2005-01-02,14.96
"3025","562",2005-07-23,25.98
"3026","562",2005-12-09,134.9
"3027","562",2006-06-21,24.99
"3028","563",2005-01-02,37.97
"3029","563",2005-01-21,24.47
"3030","564",2005-01-02,15.96
"3031","565",2005-01-02,12.99
"3032","566",2005-01-02,65.64
"3033","566",2005-10-27,10.77
"3034","566",2006-09-22,29.92
"3035","566",2007-10-30,15.36
"3036","566",2007-12-12,12.49
"3037","566",2008-09-16,33.96
"3038","566",2008-10-22,12.49
"3039","566",2008-10-28,19.99
"3040","566",2008-11-04,14.99
"3041","566",2009-02-25,14.87
"3042","566",2009-06-15,26.73
"3043","567",2005-01-02,95.43
"3044","567",2005-06-10,12.49
"3045","567",2005-06-16,28.93
"3046","568",2005-01-02,12.99
"3047","568",2005-03-17,11.49
"3048","568",2005-04-06,89.43
"3049","568",2007-11-10,40.97
"3050","568",2008-02-25,68.77
"3051","568",2008-03-27,14.37
"3052","568",2010-10-17,13.97
"3053","569",2005-01-02,11.77
"3054","570",2005-01-02,23.98
"3055","571",2005-01-02,13.97
"3056","571",2005-07-27,32.94
"3057","571",2006-02-24,12.25
"3058","571",2006-06-04,23.98
"3059","571",2007-11-02,34.97
"3060","571",2008-04-13,14.37
"3061","571",2008-08-16,31.8
"3062","571",2008-11-30,13.97
"3063","571",2010-01-07,63.48
"3064","571",2010-08-05,81.41
"3065","571",2010-11-27,14.49
"3066","572",2005-01-02,18.99
"3067","572",2005-05-31,98.5
"3068","572",2005-09-20,140.68
"3069","572",2005-09-26,49.91
"3070","572",2005-10-03,20.98
"3071","572",2005-12-18,14.96
"3072","572",2006-01-24,14.49
"3073","572",2006-04-29,36.33
"3074","572",2006-09-20,15.49
"3075","572",2006-11-28,41.9
"3076","572",2007-09-24,18.48
"3077","572",2007-10-29,10.98
"3078","572",2008-03-20,68.45
"3079","572",2008-04-08,37.48
"3080","572",2008-05-14,72.31
"3081","572",2009-06-28,14.79
"3082","572",2009-12-19,15.76
"3083","572",2010-08-19,12.77
"3084","572",2010-10-20,15.36
"3085","572",2010-10-21,35.97
"3086","572",2010-10-28,19.98
"3087","572",2010-11-12,49.96
"3088","573",2005-01-02,13.96
"3089","574",2005-01-02,91.73
"3090","574",2005-05-23,38.51
"3091","574",2005-12-22,9.98
"3092","574",2006-08-01,14.99
"3093","574",2007-11-07,46.28
"3094","574",2008-07-12,14.37
"3095","574",2008-09-07,39.48
"3096","574",2009-03-07,39.47
"3097","574",2009-09-04,37.54
"3098","574",2010-03-13,17.76
"3099","575",2005-01-02,25.98
"3100","575",2005-08-28,29.76
"3101","576",2005-01-02,323.68
"3102","577",2005-01-02,12.77
"3103","577",2005-05-27,151.98
"3104","577",2005-06-03,90.41
"3105","577",2005-06-05,13.97
"3106","577",2006-05-14,12.99
"3107","577",2006-11-20,27.48
"3108","577",2006-12-09,26.73
"3109","578",2005-01-02,15.36
"3110","578",2005-06-05,51.11
"3111","578",2005-12-05,13.99
"3112","578",2005-12-09,31.51
"3113","578",2006-02-25,13.97
"3114","578",2006-05-26,87.04
"3115","578",2008-06-04,8.77
"3116","579",2005-01-02,292.66
"3117","580",2005-01-02,28.47
"3118","581",2005-01-02,8.77
"3119","581",2005-01-21,19.54
"3120","581",2005-05-11,10.77
"3121","581",2005-06-27,6.49
"3122","581",2006-08-17,14.99
"3123","581",2006-10-09,13.97
"3124","581",2006-10-21,11.77
"3125","581",2007-03-02,14.37
"3126","581",2007-10-23,30.33
"3127","581",2008-12-09,15.96
"3128","582",2005-01-02,12.77
"3129","582",2005-03-29,27
"3130","582",2005-05-31,20.95
"3131","582",2005-07-15,29.16
"3132","582",2005-12-11,19.54
"3133","582",2006-01-04,32.98
"3134","582",2006-05-23,28.47
"3135","582",2006-06-10,9.49
"3136","582",2006-06-12,14.79
"3137","582",2006-10-08,62.45
"3138","582",2006-12-04,42.47
"3139","582",2007-05-04,52.54
"3140","582",2007-07-13,30.97
"3141","582",2007-08-04,77.94
"3142","583",2005-01-02,26.74
"3143","583",2005-01-28,60.84
"3144","584",2005-01-02,37.65
"3145","584",2005-01-18,12.77
"3146","584",2005-02-13,33.37
"3147","585",2005-01-02,24.48
"3148","585",2005-02-26,29.92
"3149","586",2005-01-02,15.49
"3150","586",2005-02-03,12.99
"3151","587",2005-01-02,39.93
"3152","588",2005-01-02,65.8
"3153","588",2006-08-15,26.94
"3154","588",2006-10-20,23.54
"3155","589",2005-01-02,14.96
"3156","590",2005-01-02,36.73
"3157","590",2005-02-28,50.87
"3158","591",2005-01-02,101.94
"3159","591",2009-12-03,41.68
"3160","592",2005-01-02,14.97
"3161","592",2005-03-10,14.99
"3162","592",2005-04-18,8.77
"3163","593",2005-01-02,34.9
"3164","594",2005-01-02,15.36
"3165","594",2005-12-27,28.37
"3166","594",2006-04-15,46.08
"3167","594",2006-08-18,9.77
"3168","594",2007-10-19,42.48
"3169","594",2008-04-25,151.77
"3170","595",2005-01-02,13.97
"3171","596",2005-01-02,9.49
"3172","596",2006-08-03,13.97
"3173","597",2005-01-02,33.38
"3174","597",2005-08-12,19.77
"3175","597",2007-02-06,27.98
"3176","597",2007-12-11,14.79
"3177","597",2009-03-09,15.96
"3178","597",2009-06-08,30.36
"3179","597",2010-10-18,29.99
"3180","598",2005-01-02,13.97
"3181","598",2005-07-10,12.49
"3182","599",2005-01-02,42.69
"3183","600",2005-01-02,24.94
"3184","600",2005-04-17,54.97
"3185","600",2005-06-30,66.84
"3186","600",2005-10-27,22.54
"3187","600",2006-01-09,12.97
