wk_strt_dt,yr_nbr,qtr_nbr,prd,wk_nbr,wk_in_yr_nbr,mdip_dm,mdip_inst,mdip_nsp,mdip_auddig,mdip_audtr,mdip_vidtr,mdip_viddig,mdip_so,mdip_on,mdip_em,mdip_sms,mdip_aff,mdip_sem,mdsp_dm,mdsp_inst,mdsp_nsp,mdsp_auddig,mdsp_audtr,mdsp_vidtr,mdsp_viddig,mdsp_so,mdsp_on,mdsp_sem,sales,me_ics_all,me_gas_dpg,st_ct,mrkdn_valadd_edw,mrkdn_pdm,va_pub_0.15,va_pub_0.2,va_pub_0.25,va_pub_0.3,hldy_Black Friday,hldy_Christmas Day,hldy_Christmas Eve,hldy_Columbus Day,hldy_Cyber Monday,hldy_Day after Christmas,hldy_Easter,hldy_Father's Day,hldy_Green Monday,hldy_July 4th,hldy_Labor Day,hldy_MLK,hldy_Memorial Day,hldy_Mother's Day,hldy_NYE,hldy_New Year's Day,hldy_Pre Thanksgiving,hldy_Presidents Day,hldy_Prime Day,hldy_Thanksgiving,hldy_Valentine's Day,hldy_Veterans Day,seas_prd_1,seas_prd_2,seas_prd_3,seas_prd_4,seas_prd_5,seas_prd_6,seas_prd_7,seas_prd_8,seas_prd_9,seas_prd_12,seas_week_40,seas_week_41,seas_week_42,seas_week_43,seas_week_44,seas_week_45,seas_week_46,seas_week_47,seas_week_48
2014-08-03,2014,3,7,1,27,4863885,29087520,2421933,692315,37778097,10038746,2111112,0,3271007,1514755,27281,197828,83054,678410.26,129759.66,507635.16,2700.69,254134.14,216725.59,45397.9,0.0,61364.75,355954.51,72051457.64,82.5,3.595,716.2857142857142,0.0,0.3680291832857143,1,0,0,0,0,0,0,0,0,0,0,0,0,0,0,0,0,0,0,0,0,0,0,0,0,0,0,0,0,0,0,0,1,0,0,0,0,0,0,0,0,0,0,0,0
2014-08-10,2014,3,7,2,28,20887502,8345120,3984494,475810,12063657,9847977,587184,0,4260715,2234569,27531,123688,83124,661097.71,70355.33,625719.37,5039.35,106602.98,108919.26,2903.36,0.0,132643.9,336306.72,78794770.54,82.5,3.5820000000000003,716.4285714285713,0.0,0.3609107384285714,1,0,0,0,0,0,0,0,0,0,0,0,0,0,0,0,0,0,0,0,0,0,0,0,0,0,0,0,0,0,0,0,1,0,0,0,0,0,0,0,0,0,0,0,0
2014-08-17,2014,3,7,3,29,11097724,17276800,1846832,784732,5770115,7235336,1015658,0,4405992,1616990,55267,186781,79768,1874338.43,107720.37,277532.61,2610.93,59011.42,74032.19,8110.48,0.0,76741.27,344787.96,70071185.56,82.5,3.549,717.0,0.0,0.3448316464285714,1,1,0,0,0,0,0,0,0,0,0,0,0,0,0,0,0,0,0,0,0,0,0,0,0,0,0,0,0,0,0,0,1,0,0,0,0,0,0,0,0,0,0,0,0
2014-08-24,2014,3,7,4,30,1023446,18468480,2394834,1032301,12174000,8625122,2149160,0,6638320,1897998,32470,122389,138936,306583.37,141708.61,186028.61,6032.91,178010.46,110995.66,6516.22,0.0,193043.55,365495.11,68642464.59,82.5,3.532,717.0,0.0,0.35697324128571434,1,1,0,0,0,0,0,0,0,0,0,0,0,0,0,0,0,0,0,0,0,0,0,0,0,0,0,0,0,0,0,0,1,0,0,0,0,0,0,0,0,0,0,0,0
2014-08-31,2014,3,8,1,31,21109811,26659920,3312008,400456,31656134,19785657,2408661,0,4347752,2569158,55878,209969,87531,2366274.16,160691.3,706694.09,5187.32,144097.56,225140.84,19381.12,0.0,249612.89,401789.35,86190784.65,84.60000000000002,3.5360000000000005,717.0,0.0,0.3599904535714286,0,1,0,0,0,0,0,0,0,0,0,0,0,0,1,0,0,0,0,0,0,0,0,0,0,0,0,0,0,0,0,0,0,1,0,0,0,0,0,0,0,0,0,0,0
2014-09-07,2014,3,8,2,32,5965633,6255666,3215276,461272,12367053,5628842,1526423,0,3946028,2720081,48909,211812,133999,551660.91,54611.44,420740.17,3202.0,160774.8,112061.13,19037.84,0.0,156145.21,306469.2,56120616.39,84.60000000000002,3.534,717.0,0.0,0.3445035444285714,0,1,0,0,0,0,0,0,0,0,0,0,0,0,0,0,0,0,0,0,0,0,0,0,0,0,0,0,0,0,0,0,0,1,0,0,0,0,0,0,0,0,0,0,0
2014-09-14,2014,3,8,3,33,10034343,4232000,1365872,497614,9137332,5154671,1578405,0,5218305,1825256,28031,223476,83000,1249748.19,37601.75,181439.02,1710.53,128558.88,169156.16,26129.36,650.53,368607.31,354210.28,125634433.34,84.60000000000002,3.485,717.0,0.0,0.3575708268571428,0,1,0,0,0,0,0,0,0,0,0,0,0,0,0,0,0,0,0,0,0,0,0,0,0,0,0,0,0,0,0,0,0,1,0,0,0,0,0,0,0,0,0,0,0
2014-09-21,2014,3,8,4,34,12764686,15474013,2024228,270547,20203293,7141152,1562746,0,8085311,3404726,49211,210054,142684,1200840.95,72652.65,260108.46,1880.89,77428.05,193112.18,28991.38,1138.42,178897.74,199757.92,110756935.66,84.60000000000002,3.4319999999999995,717.0,0.0,0.3514376152857143,1,1,0,0,0,0,0,0,0,0,0,0,0,0,0,0,0,0,0,0,0,0,0,0,0,0,0,0,0,0,0,0,0,1,0,0,0,0,0,0,0,0,0,0,0
2014-09-28,2014,3,8,5,35,11745748,7490000,1715439,294330,1702373,6602727,1072990,0,4540636,1616276,33132,125017,84649,679543.45,62239.3,205079.73,2264.57,22725.67,156913.77,9348.85,1628.94,255042.36,214170.0,116192534.8,84.60000000000002,3.4339999999999997,717.0,0.0,0.35016714771428564,1,1,0,0,0,0,0,0,0,0,0,0,0,0,0,0,0,0,0,0,0,0,0,0,0,0,0,0,0,0,0,0,0,1,0,0,0,0,0,0,0,0,0,0,0
2014-10-05,2014,3,9,1,36,1745214,22230560,1840733,849692,15310836,10303035,582878,0,2477379,2968828,31867,243380,95469,597511.18,91521.07,446360.8,3363.18,172517.15,202935.22,9444.96,1500.06,218050.84,281419.21,129263590.24,86.89999999999998,3.381999999999999,717.5714285714287,0.0,0.3563680398571428,0,1,0,0,0,0,0,0,0,0,0,0,0,0,0,0,0,0,0,0,0,0,0,0,0,0,0,0,0,0,0,0,0,0,1,0,0,0,0,0,0,0,0,0,0
2014-10-12,2014,3,9,2,37,38496860,23347200,4643022,394797,21191620,8598105,273923,0,2534662,3544833,9377,233819,185301,2061821.25,154363.7,730019.09,4069.05,133880.82,162216.38,4089.64,2142.88,135022.96,599789.41,142052815.71,86.89999999999998,3.2920000000000007,718.4285714285713,0.0,0.35659772128571426,0,1,0,0,0,0,0,1,0,0,0,0,0,0,0,0,0,0,0,0,0,0,0,0,0,0,0,0,0,0,0,0,0,0,1,0,0,0,0,0,0,0,0,0,0
2014-10-19,2014,3,9,3,38,8693516,6168866,3421621,298897,26066189,5925606,99815,0,3339834,2067077,34782,239262,104310,916455.19,55862.95,525253.99,1101.1,290259.06,162098.79,2463.68,11200.01,117714.42,559240.25,71754043.8,86.89999999999998,3.2049999999999987,719.0,0.0,0.3513532635714286,0,1,0,0,0,0,0,0,0,0,0,0,0,0,0,0,0,0,0,0,0,0,0,0,0,0,0,0,0,0,0,0,0,0,1,0,0,0,0,0,0,0,0,0,0
2014-10-26,2014,3,9,4,39,13093078,5038040,2080741,181167,10667948,5422289,288762,0,1753684,3277467,37056,225631,114476,484903.7,60076.42,540098.42,2025.63,69002.47,59832.14,3619.47,2800.0,152480.04,379409.92,123589119.59,86.89999999999998,3.139,719.0,0.0,0.3612373848571429,0,1,0,0,0,0,0,0,0,0,0,0,0,0,0,0,0,0,0,0,0,0,0,0,0,0,0,0,0,0,0,0,0,0,1,0,0,0,0,0,0,0,0,0,0
2014-11-02,2014,4,10,1,40,13158218,25239360,3506341,1413462,19320667,15965095,412354,0,4792056,2263147,37852,159066,246981,1885080.56,196485.15,244989.63,3516.11,129415.89,230763.73,4180.29,5035.45,267335.48,830035.46,77587533.88,88.79999999999998,3.0770000000000004,719.0,0.39271012857142856,0.3668483551428571,0,1,0,0,0,0,0,0,0,0,0,0,0,0,0,0,0,0,0,0,0,0,0,0,0,0,0,0,0,0,0,0,0,0,0,0,1,0,0,0,0,0,0,0,0
2014-11-09,2014,4,10,2,41,22875308,18962626,2595131,625282,10098277,12672081,1120862,0,9060839,3919402,19453,171538,151522,827785.48,94388.12,599363.88,3118.9,65230.29,357867.72,12972.69,8188.53,179366.52,498551.24,153818239.98,88.79999999999998,3.0249999999999995,719.0,0.3668664,0.359698224,0,1,0,0,0,0,0,0,0,0,0,0,0,0,0,0,0,0,0,0,0,0,0,0,0,1,0,0,0,0,0,0,0,0,0,0,0,1,0,0,0,0,0,0,0
2014-11-16,2014,4,10,3,42,3925463,23304040,4634825,424766,22855239,22126859,1209235,0,13492802,3994731,68106,455603,300800,1952211.28,141990.26,734726.63,3981.27,259902.69,425195.29,11651.23,11890.97,271521.12,493407.84,188168749.0,88.79999999999998,2.9780000000000006,719.0,0.4205922857142857,0.3632454445714286,1,1,0,0,0,0,0,0,0,0,0,0,0,0,0,0,0,0,0,0,0,0,0,0,0,0,0,0,0,0,0,0,0,0,0,0,0,0,1,0,0,0,0,0,0
2014-11-23,2014,4,10,4,43,17551954,62803626,6880524,929317,30785548,11391924,1321714,0,12197741,5004684,73392,644982,255541,2285885.34,590148.11,1207930.38,7509.02,179152.14,392581.65,9903.17,128992.07,397679.4,961115.1,152932619.03,88.79999999999998,2.907,719.0,0.4215165142857144,0.37076619471428574,1,1,0,0,1,0,0,0,0,0,0,0,0,0,0,0,0,0,0,0,1,0,0,1,0,0,0,0,0,0,0,0,0,0,0,0,0,0,0,1,0,0,0,0,0
2014-11-30,2014,4,11,1,44,28904901,14336186,6494165,867405,21825253,20556935,2023741,0,12513461,4792193,76833,627599,510323,768569.58,77002.53,437211.98,4127.29,119986.63,613788.36,24145.69,11609.86,260737.55,2450532.72,307377803.91,93.6,2.8640000000000003,719.0,0.4239191,0.3664146505714286,1,0,1,0,0,0,0,0,1,0,0,0,0,0,0,0,0,0,0,0,0,0,0,0,0,0,0,0,0,0,0,0,0,0,0,0,0,0,0,0,1,0,0,0,0
2014-12-07,2014,4,11,2,45,16869853,37079880,15531812,1414199,49058154,25790835,2640621,0,13022109,3011480,78243,454282,432255,1386270.56,124205.44,2198467.4,4770.47,272215.52,769348.71,34013.91,15255.99,485320.56,1893220.64,164024323.52,93.6,2.767,719.0,0.42383212857142855,0.36596201271428574,0,1,1,0,0,0,0,0,0,0,0,0,0,0,0,0,0,0,0,0,0,0,0,0,0,0,0,0,0,0,0,0,0,0,0,0,0,0,0,0,0,1,0,0,0
2014-12-14,2014,4,11,3,46,18753243,65451456,13541908,1320352,49974218,34131737,2785958,0,11720183,2725976,47346,443262,365583,937645.57,378254.74,1049608.33,5870.9,283360.76,643356.19,34543.86,14459.01,284212.27,667739.73,351597976.78,93.6,2.643,719.0,0.4019231428571429,0.3609315141428572,0,1,0,0,0,0,0,0,0,0,0,0,0,0,0,0,0,0,0,0,0,0,0,0,0,0,0,0,0,0,0,0,0,0,0,0,0,0,0,0,0,0,1,0,0
2014-12-21,2014,4,11,4,47,13738552,47443840,13237491,2423017,53068992,45802384,1099512,0,6951097,2614827,58661,415309,168718,705524.33,309908.81,2053156.13,9208.74,162091.54,753124.44,19736.64,15230.44,446930.5,604377.16,323162004.36,93.6,2.496,719.0,0.4072440714285714,0.3609206409999999,1,0,0,0,0,1,1,0,0,1,0,0,0,0,0,0,0,0,0,0,0,0,0,0,0,0,0,0,0,0,0,0,0,0,0,0,0,0,0,0,0,0,0,1,0
2014-12-28,2014,4,11,5,48,6405622,15658860,4154717,2493673,38837732,12181226,1233931,0,6224480,3348174,49829,384458,140385,685817.13,192306.4,335860.68,9257.39,194071.48,321707.92,7185.81,6909.42,235677.83,295149.0,106476773.66,93.6,2.392,719.0,0.4094028857142858,0.3636536128571429,1,0,0,0,0,0,0,0,0,0,0,0,0,0,0,0,0,0,1,1,0,0,0,0,0,0,0,0,0,0,0,0,0,0,0,0,0,0,0,0,0,0,0,0,1
2015-01-04,2014,4,12,1,49,1052324,6271680,2324881,23564,16172373,2386084,475997,0,502823,3324061,75335,332465,190386,41763.2,40592.32,566405.65,1038.24,58684.21,49883.1,4615.7,0.0,115032.31,366063.36,106622600.96,98.1,2.3080000000000003,719.0,0.3525566714285714,0.3481989258571429,1,1,0,0,0,0,0,0,0,0,0,0,0,0,0,0,0,0,0,0,0,0,0,0,0,0,0,0,0,0,0,0,0,0,0,1,0,0,0,0,0,0,0,0,0
2015-01-11,2014,4,12,2,50,15166548,3408255,2729737,292127,36577193,3548875,143581,0,552836,1643881,50603,321684,105546,1232500.13,56105.1,424603.53,2718.75,133089.32,96811.87,4298.14,840.0,69430.23,328769.77,63460787.37,98.1,2.232,719.0,0.35313865714285714,0.35010039200000004,1,0,0,0,0,0,0,0,0,0,0,0,0,0,0,0,0,0,0,0,0,0,0,0,0,0,0,0,0,0,0,0,0,0,0,1,0,0,0,0,0,0,0,0,0
2015-01-18,2014,4,12,3,51,13710067,5149760,3666240,23564,1255432,0,0,0,782401,2538628,86999,272314,103943,713458.55,57215.99,546957.34,1038.24,4149.71,0.0,0.0,2030.0,61591.26,376965.15,53503558.27,98.1,2.157,719.0,0.35043451428571426,0.347564855,1,0,0,0,0,0,0,0,0,0,0,0,0,0,0,1,0,0,0,0,0,0,0,0,0,0,0,0,0,0,0,0,0,0,0,1,0,0,0,0,0,0,0,0,0
2015-01-25,2014,4,12,4,52,2106947,48533,7548433,40396,12829465,1149715,44024,0,713263,2222585,25552,322420,117434,1241777.59,1138.73,768836.96,1038.24,74131.52,41206.7,1980.0,3480.01,86573.51,489904.63,98546829.45,98.1,2.133,719.0,0.36939258571428574,0.35154354400000004,0,1,0,0,0,0,0,0,0,0,0,0,0,0,0,0,0,0,0,0,0,0,0,0,0,0,0,0,0,0,0,0,0,0,0,1,0,0,0,0,0,0,0,0,0
2015-02-01,2015,1,1,1,1,12572913,18540968,3987674,698494,35296981,10089426,680194,0,2595046,2802195,51349,262676,121240,595721.78,154408.32,583367.9,4368.02,202897.52,164465.47,4332.01,16772.42,101755.16,277779.27,66774705.14,95.4,2.154,705.0,0.3569801142857143,0.35506516442857144,0,1,0,0,0,0,0,0,0,0,0,0,0,0,0,0,0,0,0,0,0,0,0,0,0,0,1,0,0,0,0,0,0,0,0,0,0,0,0,0,0,0,0,0,0
2015-02-08,2015,1,1,2,2,370,34247932,2673710,783216,31218700,23764353,564571,0,9047566,1733570,133039,243343,214051,525.77,213190.78,166776.31,2607.26,179236.58,253821.91,6837.11,16925.88,179574.67,469152.59,83666133.95,95.4,2.276,705.0,0.3781319428571428,0.3607813511428571,0,1,0,0,0,0,0,0,0,0,0,0,0,0,0,0,0,0,0,0,0,0,0,0,1,0,1,0,0,0,0,0,0,0,0,0,0,0,0,0,0,0,0,0,0
2015-02-15,2015,1,1,3,3,18282263,23278644,1977132,463253,16380745,15716185,226519,0,6804085,1791431,26063,293187,124958,612662.32,83472.18,520257.29,3237.4,115800.41,242028.67,2391.71,16925.88,141892.66,462573.86,73090378.47,95.4,2.358,705.0,0.3388024000000001,0.3522874527142857,0,1,0,0,0,0,0,0,0,0,0,0,0,0,0,0,0,0,0,0,0,1,0,0,0,0,1,0,0,0,0,0,0,0,0,0,0,0,0,0,0,0,0,0,0
2015-02-22,2015,1,1,4,4,1014226,7067200,2592287,249958,9065237,2679226,1120038,0,2298133,1524411,89467,147659,104399,611879.65,57029.96,188114.2,1732.45,59691.7,36742.23,15447.64,29015.79,48259.57,376657.26,111100800.22,95.4,2.415,705.0,0.33916164285714284,0.3376958202857143,0,1,0,0,0,0,0,0,0,0,0,0,0,0,0,0,0,0,0,0,0,0,0,0,0,0,1,0,0,0,0,0,0,0,0,0,0,0,0,0,0,0,0,0,0
2015-03-01,2015,1,2,1,5,8509951,13873600,2120585,395765,21938472,6309973,993366,0,2781394,1723449,52347,182776,111386,854607.36,63831.51,409654.69,2662.88,81525.47,158491.68,23496.23,62219.89,102810.14,389381.22,64745052.95,93.0,2.5560000000000005,705.0,0.3228936571428572,0.32686331742857144,1,1,0,0,0,0,0,0,0,0,0,0,0,0,0,0,0,0,0,0,0,0,0,0,0,0,0,1,0,0,0,0,0,0,0,0,0,0,0,0,0,0,0,0,0
2015-03-08,2015,1,2,2,6,11228003,3389960,4790622,240766,25167720,7214582,1820373,0,6464049,2730029,52601,172944,109930,852235.82,65880.55,733537.22,1617.19,100515.72,138813.41,25953.71,36663.57,133051.04,238865.85,70774138.17,93.0,2.57,705.0,0.34366884285714283,0.32454699842857143,1,0,1,0,0,0,0,0,0,0,0,0,0,0,0,0,0,0,0,0,0,0,0,0,0,0,0,1,0,0,0,0,0,0,0,0,0,0,0,0,0,0,0,0,0
2015-03-15,2015,1,2,3,7,29292230,10220480,3054664,555192,17222707,2895592,807798,0,3899950,3179412,52840,152907,182817,1133977.27,76448.15,256927.87,2170.91,216230.11,47919.75,11556.62,36663.57,247919.37,429769.98,130727968.55,93.0,2.5369999999999995,705.0,0.3210003857142857,0.331526858,0,1,0,0,0,0,0,0,0,0,0,0,0,0,0,0,0,0,0,0,0,0,0,0,0,0,0,1,0,0,0,0,0,0,0,0,0,0,0,0,0,0,0,0,0
2015-03-22,2015,1,2,4,8,13951362,19897280,1909596,411057,22853008,6153145,441895,0,7935008,3389875,91415,153482,110222,1499565.65,111581.11,448748.58,4373.63,269925.33,177859.05,4482.7,61587.93,138066.62,456764.82,71633710.77,93.0,2.5380000000000003,705.0,0.32376525714285714,0.3265379177142857,0,1,0,0,0,0,0,0,0,0,0,0,0,0,0,0,0,0,0,0,0,0,0,0,0,0,0,1,0,0,0,0,0,0,0,0,0,0,0,0,0,0,0,0,0
2015-03-29,2015,1,2,5,9,11632229,5304240,3125355,245246,9169475,11048906,479713,0,7167721,1818036,137757,211464,113793,371120.61,56460.64,738883.87,2840.23,104705.22,137914.11,12457.79,36164.83,221699.28,290201.72,88922739.21,93.0,2.531,705.0,0.4534235571428572,0.3474024661428571,0,1,0,0,0,0,0,0,0,0,0,0,0,0,0,0,0,0,0,0,0,0,0,0,0,0,0,1,0,0,0,0,0,0,0,0,0,0,0,0,0,0,0,0,0
2015-04-05,2015,1,3,1,10,91367,8024170,3289943,367860,10665804,8934427,427329,0,6093112,3377012,92239,156635,109229,37609.88,92636.41,517676.06,2110.24,140855.93,130098.82,8019.01,53395.3,186820.25,493406.19,65777933.97,95.9,2.499,705.0,0.36723512871428576,0.3449143367142857,0,1,0,0,0,0,0,0,0,0,1,0,0,0,0,0,0,0,0,0,0,0,0,0,0,0,0,0,1,0,0,0,0,0,0,0,0,0,0,0,0,0,0,0,0
2015-04-12,2015,1,3,2,11,17650599,16916640,2224051,343224,14763874,4305076,237779,0,3481182,3192477,93108,165370,186644,399804.51,128377.13,322266.59,1285.05,58268.0,115468.15,2828.46,25002.0,113476.08,436767.32,75016497.36,95.9,2.494,705.0,0.33828080928571425,0.3356487282857143,0,1,0,0,0,0,0,0,0,0,0,0,0,0,0,0,0,0,0,0,0,0,0,0,0,0,0,0,1,0,0,0,0,0,0,0,0,0,0,0,0,0,0,0,0
2015-04-19,2015,1,3,3,12,18020599,6355566,1067955,283860,12320062,2618388,0,0,4065952,1446695,93515,272759,104467,1835973.8,33971.91,253911.61,2421.73,79412.8,39666.81,0.0,25002.0,79661.16,398029.2,96438356.01,95.9,2.57,705.0,0.31293278,0.3242000117142857,0,1,0,0,0,0,0,0,0,0,0,0,0,0,0,0,0,0,0,0,0,0,0,0,0,0,0,0,1,0,0,0,0,0,0,0,0,0,0,0,0,0,0,0,0
2015-04-26,2015,1,3,4,13,2087021,25172952,1754369,306022,22011378,16893588,722480,0,3575143,4060529,54819,291715,204796,1281034.44,76331.89,422071.17,1698.7,148675.87,347878.27,10671.78,42860.57,144569.57,548793.02,190030036.25,95.9,2.656,704.1428571428571,0.3843857412857143,0.33820388185714284,0,0,1,0,0,0,0,0,0,0,0,0,0,0,0,0,0,0,0,0,0,0,0,0,0,0,0,0,1,0,0,0,0,0,0,0,0,0,0,0,0,0,0,0,0
2015-05-03,2015,2,4,1,14,19969804,20426100,4036099,880064,20912002,15276254,302337,0,5347309,2535613,94640,294691,123993,2004768.73,126961.41,796207.11,5366.97,296678.46,552419.57,3568.04,25070.07,183944.57,517270.05,106526801.19,90.70000000000002,2.7489999999999988,702.0,0.3734150485714285,0.33417100657142856,0,1,1,0,0,0,0,0,0,0,0,0,0,0,0,0,0,0,0,0,0,0,0,0,0,0,0,0,0,1,0,0,0,0,0,0,0,0,0,0,0,0,0,0,0
2015-05-10,2015,2,4,2,15,10093673,8076160,2656726,154599,272468,4062082,600073,0,6447126,2875774,55822,264114,178543,749867.46,44459.91,534880.08,1191.73,3115.01,125853.64,6945.9,50528.77,179219.39,233456.88,72085109.62,90.70000000000002,2.776,702.0,0.3201723815714286,0.3216597618571428,0,1,0,0,0,0,0,0,0,0,0,0,0,0,0,0,0,1,0,0,0,0,0,0,0,0,0,0,0,1,0,0,0,0,0,0,0,0,0,0,0,0,0,0,0
2015-05-17,2015,2,4,3,16,139917,20030080,1546368,542794,31197335,7562079,867165,0,7544994,2596173,145108,164662,185686,44798.89,145240.86,202411.2,2934.98,127821.61,130434.64,9184.52,42956.02,250386.35,276756.36,74421903.03,90.70000000000002,2.8270000000000004,702.0,0.33338139314285714,0.3332836354285714,0,1,0,0,0,0,0,0,0,0,0,0,0,0,0,0,0,0,0,0,0,0,0,0,0,0,0,0,0,1,0,0,0,0,0,0,0,0,0,0,0,0,0,0,0
2015-05-24,2015,2,4,4,17,15491967,15454133,887072,356980,19101601,7149488,731012,0,5495665,2983947,97583,154164,185756,609995.48,129235.37,101190.22,2083.93,169739.66,112353.17,4164.48,30183.94,191737.04,276880.6,132061381.41,90.70000000000002,2.857,702.0,0.3384572798571428,0.3354185152857143,0,1,0,0,0,0,0,0,0,0,0,0,0,0,0,0,1,0,0,0,0,0,0,0,0,0,0,0,0,1,0,0,0,0,0,0,0,0,0,0,0,0,0,0,0
2015-05-31,2015,2,5,1,18,17983967,10551200,2728023,1465192,5317032,1832453,206878,0,4906187,1572671,57211,156676,100563,1670556.37,56594.13,193328.57,4891.12,125870.48,36844.51,2564.35,34471.97,107506.03,401330.43,77690596.12,96.1,2.863,702.0,0.33703051628571423,0.33186794899999994,0,1,0,0,0,0,0,0,0,0,0,0,0,0,0,0,0,0,0,0,0,0,0,0,0,0,0,0,0,0,1,0,0,0,0,0,0,0,0,0,0,0,0,0,0
2015-06-07,2015,2,5,2,19,383404,7475463,2846213,510535,9887760,3200604,243904,0,3108679,1738660,96062,145971,164979,181565.27,35600.04,310401.44,1828.14,63921.46,89791.11,1391.14,54558.97,198010.97,232587.7,119823111.88,96.1,2.863,702.0,0.34191105000000005,0.3285358545714286,0,1,0,0,0,0,0,0,0,0,0,0,0,0,0,0,0,0,0,0,0,0,0,0,0,0,0,0,0,0,1,0,0,0,0,0,0,0,0,0,0,0,0,0,0
2015-06-14,2015,2,5,3,20,20449066,24535760,2719821,505263,57177250,12212402,430616,0,4816498,1993800,58106,167736,169972,1691872.92,104443.67,420786.19,4709.75,166127.44,445654.4,2696.43,37309.0,183171.06,234637.12,96665486.19,96.1,2.918,702.0,0.3871624568571429,0.33092120585714285,0,1,0,0,0,0,0,0,0,0,0,0,0,0,0,0,0,0,0,0,0,0,0,0,0,0,0,0,0,0,1,0,0,0,0,0,0,0,0,0,0,0,0,0,0
2015-06-21,2015,2,5,4,21,7339949,7619200,3884351,839511,41321100,4494314,423511,0,1908336,3005498,58485,226539,92794,364677.8,25456.33,439090.59,4691.41,213311.08,65555.2,3647.54,41117.21,75357.48,248228.77,63296503.58,96.1,2.895,702.0,0.33595532100000003,0.3330595847142857,0,1,0,0,0,0,0,0,0,0,0,1,0,0,0,0,0,0,0,0,0,0,0,0,0,0,0,0,0,0,1,0,0,0,0,0,0,0,0,0,0,0,0,0,0
2015-06-28,2015,2,5,5,22,376796,15206053,1345382,466480,17098141,14598947,539238,0,2633213,1904205,100827,262143,102496,394206.58,95330.99,172690.98,1515.97,97349.82,220183.82,8042.32,40889.95,102504.04,492778.15,122461146.05,96.1,2.885,702.0,0.3890806408571428,0.34786664328571426,0,1,0,0,0,0,0,0,0,0,0,0,0,1,0,0,0,0,0,0,0,0,0,0,0,0,0,0,0,0,1,0,0,0,0,0,0,0,0,0,0,0,0,0,0
2015-07-05,2015,2,6,1,23,10287435,4045520,3394227,341713,27191621,4244382,217156,0,1703343,3005755,29536,243409,152686,307507.49,31479.81,485900.45,1163.04,213310.51,122164.27,3745.66,17799.48,40324.23,346908.34,69612354.65,93.1,2.877,702.0,0.3304692185714285,0.33255945828571426,0,1,0,0,0,0,0,0,0,0,0,0,0,0,0,0,0,0,0,0,0,0,0,0,0,0,0,0,0,0,0,1,0,0,0,0,0,0,0,0,0,0,0,0,0
2015-07-12,2015,2,6,2,24,21110850,7941760,2430564,33316,24500,3588574,146072,0,947431,2263987,29576,320369,148780,2126076.39,47193.66,300446.44,447.47,600.78,57915.55,2416.12,38312.43,41422.39,332692.7,61722756.59,93.1,2.9199999999999995,702.0,0.3672393741428572,0.3357988154285714,0,1,0,0,0,0,0,0,0,0,0,0,0,0,0,0,0,0,0,0,0,0,1,0,0,0,0,0,0,0,0,1,0,0,0,0,0,0,0,0,0,0,0,0,0
2015-07-19,2015,2,6,3,25,2911197,7134120,1128890,33316,0,1799217,474365,0,1862510,1611408,102233,241003,90547,644679.25,81811.41,260724.1,447.47,0.0,45487.51,7627.03,22444.36,79214.87,359531.24,60584934.46,93.1,2.8880000000000003,702.0,0.3755175032857142,0.33701607571428577,0,1,0,0,0,0,0,0,0,0,0,0,0,0,0,0,0,0,0,0,0,0,0,0,0,0,0,0,0,0,0,1,0,0,0,0,0,0,0,0,0,0,0,0,0
2015-07-26,2015,2,6,4,26,4214418,6931680,2104050,169621,6870865,2642978,387005,0,2310358,1634332,102466,210270,158266,1031829.76,81055.5,316702.52,634.19,63711.83,28445.96,2206.71,61788.22,96888.96,203941.78,96275840.29,93.1,2.8330000000000006,702.0,0.37918329157142855,0.3439318767142857,0,1,0,0,0,0,0,0,0,0,0,0,0,0,0,0,0,0,0,0,0,0,0,0,0,0,0,0,0,0,0,1,0,0,0,0,0,0,0,0,0,0,0,0,0
2015-08-02,2015,3,7,1,27,8683704,12871040,3171811,569724,18072048,5094411,977939,10190463,1832031,1899269,29869,134911,173045,443777.53,96330.79,376926.47,1919.75,66008.57,72808.45,10462.0,15138.28,100676.48,422691.9,119468400.59,91.9,2.779,701.0,0.3676255874285714,0.3465928605714286,1,1,0,0,0,0,0,0,0,0,0,0,0,0,0,0,0,0,0,0,0,0,0,0,0,0,0,0,0,0,0,0,1,0,0,0,0,0,0,0,0,0,0,0,0
2015-08-09,2015,3,7,2,28,10515945,17869200,3606089,648395,25487420,5281683,1288560,9191713,2893497,2865203,51708,266834,108224,416160.76,77698.33,459923.73,3942.06,96550.71,114713.91,10588.33,15138.28,129329.71,482111.74,134756598.35,91.9,2.72,701.0,0.3615563122857143,0.3399562878571428,1,0,0,0,0,0,0,0,0,0,0,0,0,0,0,0,0,0,0,0,0,0,0,0,0,0,0,0,0,0,0,0,1,0,0,0,0,0,0,0,0,0,0,0,0
2015-08-16,2015,3,7,3,29,3116780,18392160,1069074,374905,12364518,2644598,568316,4305911,1845033,4300602,90609,270527,189997,1474306.52,106188.92,247435.73,2097.17,132930.04,57893.16,10309.24,15138.28,61538.94,350792.5,60062515.45,91.9,2.8030000000000004,701.0,0.32874766728571425,0.330952421,0,1,0,0,0,0,0,0,0,0,0,0,0,0,0,0,0,0,0,0,0,0,0,0,0,0,0,0,0,0,0,0,1,0,0,0,0,0,0,0,0,0,0,0,0
2015-08-23,2015,3,7,4,30,18382044,18440960,2586010,302303,10625297,4173825,685073,6177261,2669619,3050992,90671,130334,192949,527024.17,104125.45,181933.38,1800.33,70754.33,49519.84,21659.02,25951.34,137532.34,565924.44,115402404.94,91.9,2.7260000000000004,701.0,0.3266582272857143,0.3337671231428571,0,1,0,0,0,0,0,0,0,0,0,0,0,0,0,0,0,0,0,0,0,0,0,0,0,0,0,0,0,0,0,0,1,0,0,0,0,0,0,0,0,0,0,0,0
2015-08-30,2015,3,8,1,31,9429690,18127200,992132,371134,22649297,8853513,1517708,6285061,3784753,3595807,90369,145081,121488,673751.13,138373.84,121351.78,2083.53,155625.84,149631.97,14295.41,21498.85,186763.14,353038.61,69709932.62,87.20000000000002,2.602,700.1428571428571,0.3424647078571429,0.3419951562857143,0,1,0,0,0,0,0,0,0,0,0,0,0,0,0,0,0,0,0,0,0,0,0,0,0,0,0,0,0,0,0,0,0,1,0,0,0,0,0,0,0,0,0,0,0
2015-09-06,2015,3,8,2,32,11866390,26932640,5226666,500236,35078469,16669965,1414704,13530566,4622628,1981911,51604,276067,120406,1448011.1,154866.35,677627.88,3406.89,233850.55,297784.55,12318.68,32107.14,235416.66,319188.04,78474301.75,87.20000000000002,2.532,699.2857142857142,0.3554852111428572,0.34327793599999995,0,1,0,0,0,0,0,0,0,0,0,0,0,0,1,0,0,0,0,0,0,0,0,0,0,0,0,0,0,0,0,0,0,1,0,0,0,0,0,0,0,0,0,0,0
2015-09-13,2015,3,8,3,33,20469103,3741760,1617729,457722,13581129,16159271,867738,16683150,7314858,4080509,0,237400,170843,714537.48,31877.37,376522.08,3366.67,110210.79,252803.74,16795.98,44062.99,240449.22,259679.17,112460364.61,87.20000000000002,2.471,699.0,0.32958520542857145,0.3384641758571429,0,1,0,0,0,0,0,0,0,0,0,0,0,0,0,0,0,0,0,0,0,0,0,0,0,0,0,0,0,0,0,0,0,1,0,0,0,0,0,0,0,0,0,0,0
2015-09-20,2015,3,8,4,34,13874136,6598480,2903089,407002,24891261,11563607,915189,12376980,4250842,3767377,30314,125457,97667,1897878.96,31301.49,210309.57,1393.5,215694.02,169441.18,25326.78,24097.95,254665.18,490671.65,107150458.33,87.20000000000002,2.4250000000000003,699.0,0.33720129685714284,0.3374036331428571,1,1,0,0,0,0,0,0,0,0,0,0,0,0,0,0,0,0,0,0,0,0,0,0,0,0,0,0,0,0,0,0,0,1,0,0,0,0,0,0,0,0,0,0,0
2015-09-27,2015,3,8,5,35,15937469,7786240,1487952,300681,20750838,4857594,584974,11887443,4184561,1800944,65571,346460,185704,1594548.49,90190.54,200693.89,2709.81,118363.54,115539.39,10200.25,35081.44,224793.47,436150.92,123170786.72,87.20000000000002,2.418,699.0,0.4058473088571429,0.3469665232857144,1,0,0,0,0,0,0,0,0,0,0,0,0,0,0,0,0,0,0,0,0,0,0,0,0,0,0,0,0,0,0,0,0,1,0,0,0,0,0,0,0,0,0,0,0
2015-10-04,2015,3,9,1,36,7664954,10558426,1810763,946480,17091976,8033827,1875443,13810694,7050817,2343549,88956,188043,214065,343567.8,78480.18,445241.11,5348.26,180735.41,223899.32,35169.76,58472.89,140659.93,354711.69,76517878.52,90.0,2.415,699.0,0.3990674122857144,0.3515875737142857,0,1,0,0,0,0,0,0,0,0,0,0,0,0,0,0,0,0,0,0,0,0,0,0,0,0,0,0,0,0,0,0,0,0,1,0,0,0,0,0,0,0,0,0,0
2015-10-11,2015,3,9,2,37,518941,16916853,1760997,1287583,18315633,6670359,967143,21127438,7475996,3709775,30958,284347,212849,52944.7,79698.95,408122.85,4463.31,108876.61,196895.56,32244.5,62860.31,150855.55,650957.46,75542501.16,90.0,2.432,699.0,0.3919521337142857,0.3320324841428572,0,1,1,0,0,0,0,1,0,0,0,0,0,0,0,0,0,0,0,0,0,0,0,0,0,0,0,0,0,0,0,0,0,0,1,0,0,0,0,0,0,0,0,0,0
2015-10-18,2015,3,9,3,38,19133674,6178240,4421164,987746,11148561,4908848,418176,12738315,3696126,4880620,106753,187364,133164,901385.65,63215.49,375883.47,3827.12,81914.55,178526.16,17896.32,53460.31,194449.76,397281.2,78365992.28,90.0,2.374,699.0,0.39195086357142855,0.3361891184285714,0,0,1,0,0,0,0,0,0,0,0,0,0,0,0,0,0,0,0,0,0,0,0,0,0,0,0,0,0,0,0,0,0,0,1,0,0,0,0,0,0,0,0,0,0
2015-10-25,2015,3,9,4,39,6146454,5397466,3628598,778497,37765148,1072008,76415,14709056,4899782,5243782,159949,315700,133478,622406.85,26686.18,304628.15,2492.36,135149.5,5742.31,1788.4,51060.31,90629.35,784813.6,61719457.56,90.0,2.326,699.0,0.4052257478571428,0.3418015464285715,0,1,0,0,0,0,0,0,0,0,0,0,0,0,0,0,0,0,0,0,0,0,0,0,0,0,0,0,0,0,0,0,0,0,1,0,0,0,0,0,0,0,0,0,0
2015-11-01,2015,4,10,1,40,6761733,7919520,1291519,557806,24903707,2622919,795722,15538094,5203913,5006139,107141,295919,153274,831198.5,60939.19,355762.38,5600.28,156315.82,65769.09,11742.29,70799.44,212882.85,886546.61,67286939.96,91.29999999999998,2.322,700.0,0.4030776695714285,0.3483790385714285,0,1,0,0,0,0,0,0,0,0,0,0,0,0,0,0,0,0,0,0,0,0,0,0,0,0,0,0,0,0,0,0,0,0,0,0,1,0,0,0,0,0,0,0,0
2015-11-08,2015,4,10,2,41,39798714,16607733,1464441,645893,35221578,9564444,889977,23113218,10104743,4840300,108060,237152,305747,822796.09,77650.78,473359.34,3641.34,126195.5,150792.84,12599.57,133577.25,177767.77,1100921.9,132782210.09,91.29999999999998,2.3350000000000004,700.0,0.3966899911428571,0.346314078,0,1,0,0,0,0,0,0,0,0,0,0,0,0,0,0,0,0,0,0,0,0,0,0,0,1,0,0,0,0,0,0,0,0,0,0,0,1,0,0,0,0,0,0,0
2015-11-15,2015,4,10,3,42,2175294,20623840,3313629,739965,37450053,17826509,1212222,12617459,4023849,3345590,95588,436396,372921,898061.89,72104.47,599763.6,5091.19,255712.74,183583.97,15560.47,156100.75,163817.12,811097.16,95659079.48,91.29999999999998,2.281,700.0,0.4652221741428572,0.354540993,0,1,0,0,0,0,0,0,0,0,0,0,0,0,0,0,0,0,0,0,0,0,0,0,0,0,0,0,0,0,0,0,0,0,0,0,0,0,1,0,0,0,0,0,0
2015-11-22,2015,4,10,4,43,27078329,44471116,2248483,961349,27119075,17219956,8145020,37861047,13944271,4251555,167496,960237,593750,1211105.75,264412.52,488971.65,3787.01,145388.82,593434.8,51543.89,413630.65,426266.91,1372265.47,259620027.42,91.29999999999998,2.198,700.0,0.4734246091428572,0.36338660642857146,0,1,0,0,1,0,0,0,0,0,0,0,0,0,0,0,0,0,0,0,1,0,0,1,0,0,0,0,0,0,0,0,0,0,0,0,0,0,0,1,0,0,0,0,0
2015-11-29,2015,4,11,1,44,69992,11638013,3003536,877777,51825882,22838425,3502385,33460202,10620283,3686625,99595,418442,648751,17615.04,108879.89,880345.39,4424.23,121465.95,228312.8,31282.27,200107.26,371064.01,3036928.47,271343341.94,92.6,2.165,699.2857142857142,0.4590391715714285,0.3509523455714286,0,1,1,0,0,0,0,0,1,0,0,0,0,0,0,0,0,0,0,0,0,0,0,0,0,0,0,0,0,0,0,0,0,0,0,0,0,0,0,0,1,0,0,0,0
2015-12-06,2015,4,11,2,45,26886208,14782786,9847458,1188824,43985315,35814644,6486769,19599881,6222997,3802218,114430,529398,311564,1286040.13,99368.37,1631997.04,5774.23,177087.25,598284.68,46507.47,135657.9,229607.89,1366792.41,149972976.88,92.6,2.1590000000000003,699.0,0.44418001671428575,0.3512516594285714,0,0,1,0,0,0,0,0,0,0,0,0,0,0,0,0,0,0,0,0,0,0,0,0,0,0,0,0,0,0,0,0,0,0,0,0,0,0,0,0,0,1,0,0,0
2015-12-13,2015,4,11,3,46,26050362,32540293,5245112,2551758,71410087,65829561,3059765,18084911,11159964,5904758,101979,324049,309975,1500259.96,316186.53,1592941.44,12985.07,435614.54,1100083.38,51508.88,212824.77,409647.23,1206740.48,294528174.25,92.6,2.144,699.0,0.4407988391428571,0.3501701715714285,0,1,0,0,0,0,0,0,0,0,0,0,1,0,0,0,0,0,0,0,0,0,0,0,0,0,0,0,0,0,0,0,0,0,0,0,0,0,0,0,0,0,1,0,0
2015-12-20,2015,4,11,4,47,10595768,23195480,5716345,1596715,57280451,48446000,3265244,16597050,5354847,5383474,104699,409674,407619,1564824.92,273448.38,1942401.06,8414.07,210699.73,467928.46,31746.47,204504.84,197268.34,940937.9,310203159.17,92.6,2.133,699.0,0.41070949842857146,0.3508970917142857,0,1,0,0,0,1,1,0,0,1,0,0,0,0,0,0,0,0,0,0,0,0,0,0,0,0,0,0,0,0,0,0,0,0,0,0,0,0,0,0,0,0,0,1,0
2015-12-27,2015,4,11,5,48,16407931,20475440,5327672,840330,63490190,19383452,1157362,25359213,8195750,2542553,71120,502392,199664,1524537.4,140230.83,760045.35,7926.64,162479.23,330651.97,18764.8,189148.13,385946.44,390684.05,107308074.03,92.6,2.141,699.0,0.4215636297142858,0.3554963201428572,1,0,0,0,0,0,0,0,0,0,0,0,0,0,0,0,0,0,1,1,0,0,0,0,0,0,0,0,0,0,0,0,0,0,0,0,0,0,0,0,0,0,0,0,1
2016-01-03,2015,4,12,1,49,1174464,5551680,3215391,177576,13474856,4670017,225369,5255152,3591533,2027258,107141,357313,274890,40292.32,35121.48,349083.44,1781.69,86604.61,29391.83,4706.6,31050.84,62548.32,563136.6,103324675.7,92.0,2.135,699.0,0.3450169944285714,0.33926974299999996,1,1,0,0,0,0,0,0,0,0,0,0,0,0,0,0,0,0,0,0,0,0,0,0,0,0,0,0,0,0,0,0,0,0,0,1,0,0,0,0,0,0,0,0,0
2016-01-10,2015,4,12,2,50,15338517,3410120,1978130,582554,33779375,5781328,593933,7690628,2078890,2285420,122343,335606,147584,674091.2,50117.04,670600.6,3749.72,133350.59,77911.96,11893.42,26850.84,105824.95,303724.75,102028158.41,92.0,2.104,699.0,0.3376683637142857,0.34101709985714285,1,0,0,0,0,0,0,0,0,0,0,0,0,0,0,0,0,0,0,0,0,0,0,0,0,0,0,0,0,0,0,0,0,0,0,1,0,0,0,0,0,0,0,0,0
2016-01-17,2015,4,12,3,51,13753552,4571000,2395733,50909,1373556,2060232,131465,6604324,3399449,2059592,71408,349105,259905,826102.15,52157.53,401192.22,465.93,14158.56,31970.91,2745.52,48332.41,100632.82,586479.26,85073744.26,92.0,2.022,699.0,0.31946419000000004,0.3368242134285714,1,0,0,0,0,0,0,0,0,0,0,0,0,0,0,1,0,0,0,0,0,0,0,0,0,0,0,0,0,0,0,0,0,0,0,1,0,0,0,0,0,0,0,0,0
2016-01-24,2015,4,12,4,52,3436736,50773,3729007,143312,13854562,2530929,588542,8609028,3519667,3598641,61107,348020,256565,713664.74,6537.2,389151.14,1326.97,93355.97,45624.54,22787.32,48664.11,108312.81,629124.69,89894742.56,92.0,1.965,699.0,0.37481299799999995,0.3390281632857142,0,1,0,0,0,0,0,0,0,0,0,0,0,0,0,0,0,0,0,0,0,0,0,0,0,0,0,0,0,0,0,0,0,0,0,1,0,0,0,0,0,0,0,0,0
2016-01-31,2016,1,1,1,1,11199444,17950240,1139692,535797,12620367,5169316,367348,5073381,2420222,3482895,122202,235731,267863,855176.26,85593.49,293687.16,3254.94,131371.09,78792.36,11076.35,41682.57,46813.87,392987.02,117121842.21,91.70000000000002,1.932,670.7142857142858,0.3799947062857143,0.3490996592857143,0,1,0,0,0,0,0,0,0,0,0,0,0,0,0,0,0,0,0,0,0,0,0,0,0,0,1,0,0,0,0,0,0,0,0,0,0,0,0,0,0,0,0,0,0
2016-02-07,2016,1,1,2,2,26530,33392200,1792732,754125,26843644,12755967,300001,9175236,2745944,1590051,183467,171900,267211,14523.97,123776.39,226925.63,2595.5,153854.56,221543.97,13093.63,71928.29,125066.07,599271.73,75144838.55,91.70000000000002,1.8700000000000008,666.0,0.38257214071428575,0.3522348984285714,0,1,0,0,0,0,0,0,0,0,0,0,0,0,0,0,0,0,0,0,0,0,0,0,0,0,1,0,0,0,0,0,0,0,0,0,0,0,0,0,0,0,0,0,0
2016-02-14,2016,1,1,3,3,14629768,22399120,1535300,838956,25522495,6727687,514287,17258778,4388830,3591173,183749,227496,150734,859345.97,78619.3,152734.62,2105.95,102104.53,111637.9,23984.86,32794.26,125161.21,578474.12,128713899.25,91.70000000000002,1.834,666.0,0.3560851285714285,0.34913410928571426,0,1,0,0,0,0,0,0,0,0,0,0,0,0,0,0,0,0,0,0,0,1,0,0,1,0,1,0,0,0,0,0,0,0,0,0,0,0,0,0,0,0,0,0,0
2016-02-21,2016,1,1,4,4,834033,6706560,581453,190008,12930439,815,128571,7917121,1550740,1721661,35859,337356,248831,895779.6,30234.3,90273.07,912.65,51992.25,637.5,2672.65,53171.51,49166.11,347753.64,60278891.63,91.70000000000002,1.837,666.0,0.3606945308571429,0.34528771828571425,0,1,0,0,0,0,0,0,0,0,0,0,0,0,0,0,0,0,0,0,0,0,0,0,0,0,1,0,0,0,0,0,0,0,0,0,0,0,0,0,0,0,0,0,0
2016-02-28,2016,1,2,1,5,5793034,11870080,2564438,222093,9780665,4014073,0,4471399,3338259,2203907,71801,410156,250035,664221.46,30864.42,169524.39,1149.26,59080.36,117319.86,12919.29,35010.15,67901.12,332135.83,105280763.23,91.0,1.8869999999999998,666.0,0.33897167728571426,0.345783448,0,1,0,0,0,0,0,0,0,0,0,0,0,0,0,0,0,0,0,0,0,0,0,0,0,0,0,1,0,0,0,0,0,0,0,0,0,0,0,0,0,0,0,0,0
2016-03-06,2016,1,2,2,6,11796447,1980533,1241986,818261,7337649,3536585,0,12925697,4428676,2023603,71965,404477,245958,539997.89,26886.6,128557.52,1742.79,89287.27,52496.18,24899.42,66889.62,164108.97,327631.39,73654346.26,91.0,1.943,666.0,0.3662255651428572,0.3412592681428572,0,1,1,0,0,0,0,0,0,0,0,0,0,0,0,0,0,0,0,0,0,0,0,0,0,0,0,1,0,0,0,0,0,0,0,0,0,0,0,0,0,0,0,0,0
2016-03-13,2016,1,2,3,7,13350563,8667520,738230,340912,13713822,9550059,222887,17867288,2873882,3605966,123540,154482,230228,1203379.72,42651.45,177216.46,1803.28,92602.41,132866.08,14608.69,45194.35,186111.3,318500.57,113440995.99,91.0,2.062,666.0,0.32127043857142856,0.3375722465714285,0,1,1,0,0,0,0,0,0,0,0,0,0,0,0,0,0,0,0,0,0,0,0,0,0,0,0,1,0,0,0,0,0,0,0,0,0,0,0,0,0,0,0,0,0
2016-03-20,2016,1,2,4,8,11336574,13272420,798918,611986,37553390,5967637,454666,12775774,7312422,2058934,108302,200242,139800,771055.79,138091.22,257625.1,5037.4,140467.86,174787.45,23148.4,48185.41,256106.6,326868.18,143654952.89,91.0,2.109,666.0,0.3432335998571429,0.3422873087142857,0,1,0,0,0,0,0,0,0,0,0,0,0,0,0,0,0,0,0,0,0,0,0,0,0,0,0,1,0,0,0,0,0,0,0,0,0,0,0,0,0,0,0,0,0
2016-03-27,2016,1,2,5,9,10051043,10932400,1906245,187660,13372955,11498396,3059850,25495715,3187898,2065029,72418,433080,244419,515298.67,74644.37,333428.48,1562.77,87405.74,203735.64,27773.64,84822.31,188684.46,639233.61,67122312.16,91.0,2.169,666.0,0.44479601142857145,0.3528548988571429,0,0,0,0,0,0,0,0,0,0,1,0,0,0,0,0,0,0,0,0,0,0,0,0,0,0,0,1,0,0,0,0,0,0,0,0,0,0,0,0,0,0,0,0,0
2016-04-03,2016,1,3,1,10,80237,11165320,532425,583469,25595815,7979241,1021502,13562380,4424511,1857414,124447,178438,241190,33248.64,76426.96,57403.78,3082.06,100660.4,154940.51,22836.32,62899.01,178406.61,350410.01,110779367.43,89.0,2.185,666.0,0.3628012064285714,0.3426659421428572,0,1,0,0,0,0,0,0,0,0,0,0,0,0,0,0,0,0,0,0,0,0,0,0,0,0,0,0,1,0,0,0,0,0,0,0,0,0,0,0,0,0,0,0,0
2016-04-10,2016,1,3,2,11,10251591,14500000,1671525,600555,15126643,6322487,765689,18530766,2928424,3995677,124624,196394,143124,668008.06,63592.54,238522.75,3254.49,179457.19,186989.53,22751.65,33626.64,191432.67,352443.72,68204099.72,89.0,2.173,666.0,0.37966806171428574,0.3423637632857143,0,1,0,0,0,0,0,0,0,0,0,0,0,0,0,0,0,0,0,0,0,0,0,0,0,0,0,0,1,0,0,0,0,0,0,0,0,0,0,0,0,0,0,0,0
2016-04-17,2016,1,3,3,12,21754676,8407200,343849,301275,10010126,708905,226327,12392513,2272952,4591259,124666,161601,229602,1405607.13,42108.75,45974.35,3872.77,65682.11,21026.8,5066.21,39486.13,83276.05,333097.79,99556654.51,89.0,2.24,666.0,0.33905760100000004,0.3352828357142857,0,1,0,0,0,0,0,0,0,0,0,0,0,0,0,0,0,0,0,0,0,0,0,0,0,0,0,0,1,0,0,0,0,0,0,0,0,0,0,0,0,0,0,0,0
2016-04-24,2016,1,3,4,13,1673939,11707033,718770,640040,27298583,9158776,4795287,27386278,5629804,4677717,72756,430263,311971,884510.2,103235.86,119487.21,3253.14,183663.98,189185.21,42619.55,70134.16,281805.76,1029188.95,165602892.66,89.0,2.265,666.0,0.3879555668571428,0.344733895,0,0,1,0,0,0,0,0,0,0,0,0,0,0,0,0,0,0,0,0,0,0,0,0,0,0,0,0,1,0,0,0,0,0,0,0,0,0,0,0,0,0,0,0,0
2016-05-01,2016,2,4,1,14,14401712,19523760,1195878,490068,21658631,25459356,1113307,15837673,6082258,7566862,72867,247386,309305,610727.06,106551.47,370121.5,1477.29,151302.63,285824.04,12043.9,157479.95,218474.52,936173.91,174368273.52,94.70000000000002,2.342,666.0,0.3921257294285713,0.3431081867142857,0,1,1,0,0,0,0,0,0,0,0,0,0,0,0,0,0,0,0,0,0,0,0,0,0,0,0,0,0,1,0,0,0,0,0,0,0,0,0,0,0,0,0,0,0
2016-05-08,2016,2,4,2,15,3729185,4816746,2151541,145897,4024620,2776544,674659,20886635,2279980,1711938,125109,245793,133130,619188.55,44409.03,239094.99,424.91,14476.74,37358.91,11316.3,68736.91,90809.23,529071.88,66646331.64,94.70000000000002,2.325,666.0,0.30579847057142856,0.33154353242857143,0,1,0,0,0,0,0,0,0,0,0,0,0,0,0,0,0,1,0,0,0,0,0,0,0,0,0,0,0,1,0,0,0,0,0,0,0,0,0,0,0,0,0,0,0
2016-05-15,2016,2,4,3,16,15737780,4830466,309053,323562,15030944,3099086,555441,13173638,4232897,3661036,125169,279973,133031,869680.29,24506.87,89494.17,830.32,93462.97,87611.37,12133.34,71041.2,96751.37,570225.96,67617395.77,94.70000000000002,2.345,666.0,0.33932706,0.3357064188571429,0,1,0,0,0,0,0,0,0,0,0,0,0,0,0,0,0,0,0,0,0,0,0,0,0,0,0,0,0,1,0,0,0,0,0,0,0,0,0,0,0,0,0,0,0
2016-05-22,2016,2,4,4,17,25093592,18535680,867983,856939,50488073,8430773,1998739,37010983,6987477,3508764,109705,163812,140717,852681.36,77355.24,66580.69,4205.89,116023.47,231118.11,19085.78,154024.32,128465.64,390653.44,126107351.85,94.70000000000002,2.403,666.0,0.364639553,0.3421686288571429,0,1,0,0,0,0,0,0,0,0,0,0,0,0,0,0,0,0,0,0,0,0,0,0,0,0,0,0,0,1,0,0,0,0,0,0,0,0,0,0,0,0,0,0,0
2016-05-29,2016,2,5,1,18,4677320,14318826,903984,663620,19355663,10245019,605482,38405897,3649258,3860842,36688,173042,145996,199935.92,113228.22,230020.87,3212.28,151978.85,149066.02,15418.54,181307.48,228372.45,700650.64,143648301.55,93.5,2.44,666.0,0.3690759142857143,0.3352982457142857,0,1,0,0,0,0,0,0,0,0,0,0,0,0,0,0,1,0,0,0,0,0,0,0,0,0,0,0,0,0,1,0,0,0,0,0,0,0,0,0,0,0,0,0,0
2016-06-05,2016,2,5,2,19,5133453,11522933,450830,544695,8163820,7801550,633520,17590256,3311484,3793611,73431,270084,111803,1185013.81,56830.19,78757.55,1519.26,94834.08,64743.12,4777.13,101870.24,230154.82,450757.16,68397609.52,93.5,2.482,666.0,0.35902677242857145,0.3232385551428571,0,1,0,0,0,0,0,0,0,0,0,0,0,0,0,0,0,0,0,0,0,0,0,0,0,0,0,0,0,0,1,0,0,0,0,0,0,0,0,0,0,0,0,0,0
2016-06-12,2016,2,5,3,20,30946754,27158800,924164,648392,22870014,16531630,835748,33332567,6439595,4156056,73648,241528,123214,648159.69,96239.69,192386.66,1290.66,93982.99,289070.67,8657.06,151361.53,271001.15,302832.01,97823796.06,93.5,2.499,666.0,0.4094972951428572,0.32097735642857145,0,1,0,0,0,0,0,0,0,0,0,0,0,0,0,0,0,0,0,0,0,0,0,0,0,0,0,0,0,0,1,0,0,0,0,0,0,0,0,0,0,0,0,0,0
2016-06-19,2016,2,5,4,21,7667115,3923360,834117,307173,6813106,8089195,777085,15668672,4422361,2272198,63049,140431,111246,902120.46,36827.56,145213.25,870.35,45044.44,103734.98,9514.33,56615.66,181033.27,309246.43,105193697.87,93.5,2.4550000000000005,666.0,0.36830647842857145,0.3212078452857143,0,1,0,0,0,0,0,0,0,0,0,1,0,0,0,0,0,0,0,0,0,0,0,0,0,0,0,0,0,0,1,0,0,0,0,0,0,0,0,0,0,0,0,0,0
2016-06-26,2016,2,5,5,22,370362,14663120,738996,1493893,23488560,8875378,1353335,19153422,2754118,3158506,74138,149291,210201,232204.77,122887.36,98080.9,2655.24,125124.81,220477.36,24161.78,55889.29,183526.61,344055.36,113971716.44,93.5,2.432,666.0,0.3647492061428571,0.3195659062857143,0,1,0,0,0,0,0,0,0,0,0,0,0,0,0,0,0,0,0,0,0,0,0,0,0,0,0,0,0,0,1,0,0,0,0,0,0,0,0,0,0,0,0,0,0
2016-07-03,2016,2,6,1,23,8658886,10927360,1056653,1341138,18823332,8335053,621211,19334929,3841297,2522318,127287,176128,210103,443815.63,54874.87,163660.23,3810.3,104323.95,204858.38,16767.59,73716.15,129993.71,528415.73,71210800.01,90.0,2.3960000000000004,666.0,0.3707988878571428,0.3164140567142857,0,1,0,0,0,0,0,0,0,0,0,0,0,1,0,0,0,0,0,0,0,0,0,0,0,0,0,0,0,0,0,1,0,0,0,0,0,0,0,0,0,0,0,0,0
2016-07-10,2016,2,6,2,24,29415873,7948160,751882,26775,0,2950029,627663,19374791,2883259,3407812,191128,422382,217762,571661.59,72642.59,179295.28,1.62,240.02,80911.84,11027.88,131574.69,104305.18,305692.65,66022045.4,90.0,2.3589999999999995,666.0,0.423340372,0.3192964487142857,0,1,1,0,0,0,0,0,0,0,0,0,0,0,0,0,0,0,0,0,0,0,1,0,0,0,0,0,0,0,0,1,0,0,0,0,0,0,0,0,0,0,0,0,0
2016-07-17,2016,2,6,3,25,7482325,5123680,593156,15618,0,4336213,387612,15270679,4896812,1992901,191097,145670,119649,603827.5,33639.15,205032.92,1.62,240.02,50928.56,5596.5,82994.03,99005.46,266723.19,104938423.34,90.0,2.336,666.0,0.37878900542857147,0.31564548414285715,0,1,1,0,0,0,0,0,0,0,0,0,0,0,0,0,0,0,0,0,0,0,0,0,0,0,0,0,0,0,0,1,0,0,0,0,0,0,0,0,0,0,0,0,0
2016-07-24,2016,2,6,4,26,2058181,6751360,359681,479115,8547120,2881422,273174,17384693,4952017,3553617,63562,138821,120052,943683.3,38895.42,70239.92,690.42,29001.8,31712.56,1998.86,141695.22,105276.17,278239.6,57017204.54,90.0,2.289,665.7142857142858,0.3732389121428572,0.3151366048571429,0,1,0,0,0,0,0,0,0,0,0,0,0,0,0,0,0,0,0,0,0,0,0,0,0,0,0,0,0,0,0,1,0,0,0,0,0,0,0,0,0,0,0,0,0
2016-07-31,2016,3,7,1,27,14302045,19346880,1837297,1242134,31957210,10963571,1424222,7890973,2557209,1932665,0,174716,225111,670909.25,68521.18,288903.67,4781.07,117107.56,225332.22,24169.71,36145.37,209646.52,293616.01,77125173.33,89.79999999999998,2.267,665.8571428571429,0.3620935788571428,0.3124336482857143,0,1,0,0,0,0,0,0,0,0,0,0,0,0,0,0,0,0,0,0,0,0,0,0,0,0,0,0,0,0,0,0,1,0,0,0,0,0,0,0,0,0,0,0,0
2016-08-07,2016,3,7,2,28,732119,28120000,488205,1225524,16418374,3190106,408780,15515687,2722090,3452843,30021,161845,133969,151868.09,127497.59,141862.45,2635.51,73230.66,105608.64,13561.62,74160.46,219626.23,593073.38,64000886.49,89.79999999999998,2.256,666.0,0.3568087325714285,0.3133054964285714,0,1,0,0,0,0,0,0,0,0,0,0,0,0,0,0,0,0,0,0,0,0,0,0,0,0,0,0,0,0,0,0,1,0,0,0,0,0,0,0,0,0,0,0,0
2016-08-14,2016,3,7,3,29,4691898,7004666,381584,723537,12027456,4679169,700766,13633161,2464220,3862175,0,158896,207439,464688.65,54198.95,71360.01,4733.63,151341.73,71656.65,7910.94,35890.76,114844.22,485503.95,102923206.78,89.79999999999998,2.256,666.0,0.32641653285714284,0.31105245157142863,0,1,0,0,0,0,0,0,0,0,0,0,0,0,0,0,0,0,0,0,0,0,0,0,0,0,0,0,0,0,0,0,1,0,0,0,0,0,0,0,0,0,0,0,0
2016-08-21,2016,3,7,4,30,16513335,14053106,199786,539952,9863938,5283015,1438526,9840897,2744583,2373950,29968,299366,217860,984331.81,58450.28,52271.95,1925.28,64767.54,133754.87,28188.01,38741.95,237628.07,602316.44,108513225.54,89.79999999999998,2.299,666.0,0.3506057227142857,0.31060208442857146,0,1,0,0,0,0,0,0,0,0,0,0,0,0,0,0,0,0,0,0,0,0,0,0,0,0,0,0,0,0,0,0,1,0,0,0,0,0,0,0,0,0,0,0,0
2016-08-28,2016,3,8,1,31,4975480,15995233,782846,575490,13924645,17501746,1268483,15862857,3322611,3712149,89579,280582,225913,724748.75,149618.38,108934.87,3913.15,85270.01,283034.42,25219.45,18034.83,282179.52,384969.2,115056568.23,91.20000000000002,2.341,666.0,0.349823531,0.3118976254285714,0,1,0,0,0,0,0,0,0,0,0,0,0,0,0,0,0,0,0,0,0,0,0,0,0,0,0,0,0,0,0,0,0,1,0,0,0,0,0,0,0,0,0,0,0
2016-09-04,2016,3,8,2,32,11450638,10624366,1109071,1058502,38792775,14316891,859424,13785700,3610561,4922169,29739,234087,245616,764365.96,126800.4,150019.15,2219.16,235586.48,133937.18,29129.07,33498.98,327533.99,414857.75,75518111.47,91.20000000000002,2.329,666.0,0.3695344794285714,0.3118612737142857,0,1,0,0,0,0,0,0,0,0,0,0,0,0,1,0,0,0,0,0,0,0,0,0,0,0,0,0,0,0,0,0,0,1,0,0,0,0,0,0,0,0,0,0,0
2016-09-11,2016,3,8,3,33,17703287,9440000,1591579,729799,16521120,9687659,309255,27047436,6392028,2362242,59446,299722,133168,592454.74,18272.73,109076.14,2412.83,149704.32,124984.72,6045.4,43443.48,318266.31,348335.87,68229325.69,91.20000000000002,2.31,666.0,0.3511885492857143,0.3119541752857143,0,1,1,0,0,0,0,0,0,0,0,0,0,0,0,0,0,0,0,0,0,0,0,0,0,0,0,0,0,0,0,0,0,1,0,0,0,0,0,0,0,0,0,0,0
2016-09-18,2016,3,8,4,34,16743886,1116546,435356,713041,18006481,18787002,1420937,23866452,3567678,3401374,87036,279734,220093,2409895.71,47097.8,125286.26,2283.2,69372.99,225935.41,42407.39,25507.12,169059.04,529179.6,62915357.98,91.20000000000002,2.3330000000000006,666.0,0.3452695204285714,0.3100401325714285,0,1,1,0,0,0,0,0,0,0,0,0,0,0,0,0,0,0,0,0,0,0,0,0,0,0,0,0,0,0,0,0,0,1,0,0,0,0,0,0,0,0,0,0,0
2016-09-25,2016,3,8,5,35,9699946,6269440,497086,1096023,11924315,7660482,1737117,19347362,7153109,3686232,44845,417657,235782,682478.84,50618.94,91954.89,3004.15,126336.4,218553.47,41556.29,24143.12,317086.17,329883.3,80091189.52,91.20000000000002,2.334,666.0,0.4017879702857143,0.3122973351428571,0,1,0,0,0,0,0,0,0,0,0,0,0,0,0,0,0,0,0,0,0,0,0,0,0,0,0,0,0,0,0,0,0,1,0,0,0,0,0,0,0,0,0,0,0
2016-10-02,2016,3,9,1,36,10220766,7493546,1119198,570838,10671612,6030900,3026814,15841223,6334927,3991684,65060,300084,256567,534123.27,66543.96,176858.46,1680.04,67202.89,104187.31,39173.61,54446.19,161783.92,399601.15,68618219.82,87.20000000000002,2.354,666.0,0.3880021815714286,0.31195166785714284,0,1,0,0,0,0,0,0,0,0,0,0,0,0,0,0,0,0,0,0,0,0,0,0,0,0,0,0,0,0,0,0,0,0,1,0,0,0,0,0,0,0,0,0,0
2016-10-09,2016,3,9,2,37,104473,4034986,680384,573660,11601477,6126512,1057131,28576006,4100627,2549363,58865,190749,262409,47215.59,78224.04,84466.07,1677.08,73362.0,98747.49,37100.35,135520.23,323700.52,434219.88,69966642.38,87.20000000000002,2.381,665.0,0.3834666391428571,0.3095028207142857,0,1,1,0,0,0,0,1,0,0,0,0,0,0,0,0,0,0,0,0,0,0,0,0,0,0,0,0,0,0,0,0,0,0,1,0,0,0,0,0,0,0,0,0,0
2016-10-16,2016,3,9,3,38,18781989,1464960,645470,952863,14464914,5349411,690477,25425196,3152295,4758826,45372,212139,261459,1312056.51,54778.4,128694.67,1844.36,97071.01,98926.85,11189.24,113743.06,152512.73,684083.01,121312405.05,87.20000000000002,2.3670000000000004,665.0,0.38895766,0.30879607442857143,0,1,1,0,0,0,0,0,0,0,0,0,0,0,0,0,0,0,0,0,0,0,0,0,0,0,0,0,0,0,0,0,0,0,1,0,0,0,0,0,0,0,0,0,0
2016-10-23,2016,3,9,4,39,9196016,5086320,520631,1154758,12497583,8170862,909946,24843108,2924623,5289180,45048,200581,286416,402987.61,56047.11,54539.93,1791.58,74023.88,55822.6,16340.84,112340.19,141006.24,484586.59,110198692.88,87.20000000000002,2.353,665.0,0.395245706,0.31026082128571425,0,1,0,0,0,0,0,0,0,0,0,0,0,0,0,0,0,0,0,0,0,0,0,0,0,0,0,0,0,0,0,0,0,0,1,0,0,0,0,0,0,0,0,0,0
2016-10-30,2016,4,10,1,40,2437155,13633280,590083,1154960,13631538,5268543,1273274,12800682,6250798,4625198,50403,174326,168175,640132.7,86783.97,83652.66,6510.16,78879.26,71784.79,21744.06,259463.61,175959.56,521756.19,109784965.94,93.79999999999998,2.341,665.0,0.3886845525714286,0.3105258767142858,0,1,0,0,0,0,0,0,0,0,0,0,0,0,0,0,0,0,0,0,0,0,0,0,0,0,0,0,0,0,0,0,0,0,0,0,1,0,0,0,0,0,0,0,0
2016-11-06,2016,4,10,2,41,1528064,19770753,1946706,897990,15172313,9538565,1838613,15128584,7934499,4974057,0,188075,193217,1325468.33,101439.84,216329.27,2942.76,159031.12,243147.27,32183.29,275269.3,399241.56,1182797.08,69495018.46,93.79999999999998,2.345,665.0,0.3951444670000001,0.3121473985714286,0,1,0,0,0,0,0,0,0,0,0,0,0,0,0,0,0,0,0,0,0,0,0,0,0,1,0,0,0,0,0,0,0,0,0,0,0,1,0,0,0,0,0,0,0
2016-11-13,2016,4,10,3,42,23342889,17420880,1332313,1636545,22798185,15035080,1926157,28763568,9600362,7208236,59420,624761,463373,1366941.5,124240.64,115733.1,3408.55,145433.84,356995.7,67821.64,338496.73,508278.98,1138013.94,174019427.77,93.79999999999998,2.298,665.0,0.4592679732857143,0.31271393157142857,0,1,0,0,0,0,0,0,0,0,0,0,0,0,0,0,0,0,0,0,0,0,0,0,0,0,0,0,0,0,0,0,0,0,0,0,0,0,1,0,0,0,0,0,0
2016-11-20,2016,4,10,4,43,600592,34793593,1084460,788270,46492646,21575270,2238728,33623249,12731320,4806636,51357,615488,721016,59313.96,419609.64,361914.91,2899.89,139059.45,297054.69,56508.06,573355.55,444669.29,3134565.13,265788168.07,93.79999999999998,2.269,665.0,0.4903494388571429,0.3124568655714285,0,1,0,0,1,0,0,0,0,0,0,0,0,0,0,0,0,0,0,0,1,0,0,1,0,0,0,0,0,0,0,0,0,0,0,0,0,0,0,1,0,0,0,0,0
2016-11-27,2016,4,11,1,44,17763947,21120000,1375156,980233,45982295,9754115,1194568,25037684,6301751,4382768,43609,916174,470108,2355608.33,63230.35,111781.5,3958.38,88746.1,348645.15,46452.99,232823.24,573219.18,2441061.22,151062046.75,98.20000000000002,2.268,665.0,0.4792376715714286,0.315499675,0,1,0,1,0,0,0,0,1,0,0,0,0,0,0,0,0,0,0,0,0,0,0,0,0,0,0,0,0,0,0,0,0,0,0,0,0,0,0,0,1,0,0,0,0
2016-12-04,2016,4,11,2,45,20367188,27053760,1001139,1308323,79965564,34771458,3768973,16348500,9503382,7996149,60654,651720,395089,1105873.6,102413.37,213650.51,8808.28,148687.84,407887.51,81714.58,327829.09,528740.65,2852133.42,259719662.78,98.20000000000002,2.3209999999999997,665.0,0.4434823672857142,0.31236907757142857,0,0,0,1,0,0,0,0,0,0,0,0,0,0,0,0,0,0,0,0,0,0,0,0,0,0,0,0,0,0,0,0,0,0,0,0,0,0,0,0,0,1,0,0,0
2016-12-11,2016,4,11,3,46,23124243,49426560,1319864,1139090,65942853,32430617,2781485,35946512,8824776,7688429,104686,401884,382260,906122.25,164451.2,126884.88,7548.02,111669.22,656573.33,104352.44,143930.42,283347.03,1419968.89,154023467.97,98.20000000000002,2.347,665.0,0.4522185268571429,0.3153660412857143,0,1,0,0,0,0,0,0,0,0,0,0,1,0,0,0,0,0,0,0,0,0,0,0,0,0,0,0,0,0,0,0,0,0,0,0,0,0,0,0,0,0,1,0,0
2016-12-18,2016,4,11,4,47,21222184,14164640,980960,1612325,90665385,27819882,2831593,27756427,4571644,4935546,157543,252038,288060,2028217.51,123762.13,383258.47,9768.67,152060.54,535978.7,37679.55,298601.25,412173.88,749881.58,189536481.14,98.20000000000002,2.375,665.0,0.39715165357142856,0.31689603257142857,0,1,0,0,0,0,1,0,0,0,0,0,0,0,0,0,0,0,0,0,0,0,0,0,0,0,0,0,0,0,0,0,0,0,0,0,0,0,0,0,0,0,0,1,0
2016-12-25,2016,4,11,5,48,1886123,16551920,1046397,2986863,44792662,21614564,1505214,19743057,4665063,5463466,31043,537476,274201,216536.92,119702.92,279412.64,10100.42,297860.4,228445.2,18915.88,244872.65,198045.53,502699.22,99669934.27,98.20000000000002,2.419,665.0,0.42001827442857137,0.31669318500000004,0,1,0,0,0,1,0,0,0,1,0,0,0,0,0,0,0,0,1,0,0,0,0,0,0,0,0,0,0,0,0,0,0,0,0,0,0,0,0,0,0,0,0,0,1
2017-01-01,2016,4,12,1,49,2083452,5153280,646958,382035,21063047,2363279,10703,14135987,4548081,2014989,106187,284257,221129,212827.47,31615.0,165686.71,2437.52,105422.49,35981.87,102.29,65304.96,94902.09,420628.98,104023957.59,98.5,2.485,665.0,0.3742154238571429,0.3112616281428572,0,1,0,0,0,0,0,0,0,0,0,0,0,0,0,0,0,0,0,1,0,0,0,0,0,0,0,0,0,0,0,0,0,0,0,1,0,0,0,0,0,0,0,0,0
2017-01-08,2016,4,12,2,50,7517249,2883346,413912,112608,3216804,2817202,392551,24035827,1887793,3512453,93005,420219,295307,1007081.94,40626.16,89072.07,1034.04,36460.48,72210.89,7903.7,63554.96,69863.29,549775.19,96574619.29,98.5,2.496,665.0,0.3658828985714286,0.30900924628571425,0,1,0,0,0,0,0,0,0,0,0,0,0,0,0,0,0,0,0,0,0,0,0,0,0,0,0,0,0,0,0,0,0,0,0,1,0,0,0,0,0,0,0,0,0
2017-01-15,2016,4,12,3,51,20870480,7487480,610307,146508,16100998,0,179773,20536036,1989898,1892353,106404,360400,293265,985800.74,47913.78,81406.52,608.26,54133.36,0.0,4462.5,136631.61,78790.65,371673.24,52057906.0,98.5,2.467,665.0,0.369938923,0.3113470178571429,0,1,0,0,0,0,0,0,0,0,0,0,0,0,0,1,0,0,0,0,0,0,0,0,0,0,0,0,0,0,0,0,0,0,0,1,0,0,0,0,0,0,0,0,0
2017-01-22,2016,4,12,4,52,814642,71040,496728,537495,8944727,2773300,104867,34156906,2291893,3477362,78828,331536,290764,869958.33,4907.5,63944.57,2658.66,45821.71,27014.37,6019.4,137187.29,164161.88,692021.67,84864091.63,98.5,2.436,665.0,0.3404619352857143,0.3102791578571429,0,1,0,0,0,0,0,0,0,0,0,0,0,0,0,0,0,0,0,0,0,0,0,0,0,0,0,0,0,0,0,0,0,0,0,1,0,0,0,0,0,0,0,0,0
2017-01-29,2017,1,1,1,1,3736310,15332640,150596,621402,17763315,6956005,534472,14617236,1143036,2757936,0,430638,177026,321094.17,70816.51,34731.11,1836.49,56184.09,72855.59,9554.24,85844.85,98321.84,721381.49,100451183.71,96.29999999999998,2.408,665.0,0.3905513794285714,0.3124724914285714,0,1,1,0,0,0,0,0,0,0,0,0,0,0,0,0,0,0,0,0,0,0,0,0,0,0,1,0,0,0,0,0,0,0,0,0,0,0,0,0,0,0,0,0,0
2017-02-05,2017,1,1,2,2,15521000,5362793,402146,1790321,27626338,18678447,1275661,19686273,1418622,2473221,39727,366727,180195,793715.64,67345.18,93142.22,3100.03,187228.53,159550.42,24650.77,53001.49,65595.46,380430.11,66227975.58,96.29999999999998,2.405,665.0,0.3753444857142857,0.3149133812857143,0,0,1,0,0,0,0,0,0,0,0,0,0,0,0,0,0,0,0,0,0,0,0,0,0,0,1,0,0,0,0,0,0,0,0,0,0,0,0,0,0,0,0,0,0
2017-02-12,2017,1,1,3,3,341673,22473840,576676,448813,14006382,13587369,1117010,20879692,2170201,4411017,79866,196277,275437,157192.64,146432.88,83437.88,2679.96,149665.62,102169.53,23861.78,51093.86,93605.84,353315.55,109866157.77,96.29999999999998,2.418,665.0,0.35848464814285713,0.3169228142857143,0,1,0,0,0,0,0,0,0,0,0,0,0,0,0,0,0,0,0,0,0,0,0,0,1,0,1,0,0,0,0,0,0,0,0,0,0,0,0,0,0,0,0,0,0
2017-02-19,2017,1,1,4,4,628242,24108960,65703,937480,22513861,9884673,923347,9713671,2095554,2299294,35030,213114,162355,354843.36,104715.05,7833.19,2780.04,135220.5,102781.25,9836.83,83089.04,92512.09,653517.83,109305541.44,96.29999999999998,2.414,665.0,0.3343111304285714,0.3132819458571429,0,1,0,0,0,0,0,0,0,0,0,0,0,0,0,0,0,0,0,0,0,1,0,0,0,0,1,0,0,0,0,0,0,0,0,0,0,0,0,0,0,0,0,0,0
2017-02-26,2017,1,2,1,5,6296679,3749920,329261,981499,21701059,8699474,1065834,6759156,1438829,4506850,80363,430690,277198,380885.17,26963.29,73577.39,2625.97,68060.55,85245.27,11707.63,65827.95,77863.21,636753.88,64020794.79,96.9,2.427,665.0,0.312269764,0.3133261537142857,0,1,0,0,0,0,0,0,0,0,0,0,0,0,0,0,0,0,0,0,0,0,0,0,0,0,0,1,0,0,0,0,0,0,0,0,0,0,0,0,0,0,0,0,0
2017-03-05,2017,1,2,2,6,4618072,3661653,1000002,499702,8551063,6848111,86792,18152445,1938151,3441951,40398,157257,152916,595291.09,35033.42,80075.92,2324.0,80065.86,146962.03,3868.07,53907.14,227815.82,583264.98,90067292.47,96.9,2.4520000000000004,665.0,0.3238454298571428,0.3132485062857143,0,1,0,0,0,0,0,0,0,0,0,0,0,0,0,0,0,0,0,0,0,0,0,0,0,0,0,1,0,0,0,0,0,0,0,0,0,0,0,0,0,0,0,0,0
2017-03-12,2017,1,2,3,7,13913698,2700600,144422,980298,20328989,9660466,261978,22470056,2169953,6121253,70646,213281,282254,337251.26,16822.56,31330.42,2594.08,109302.59,71861.31,9609.29,65567.41,264341.8,769217.81,127073880.4,96.9,2.4340000000000006,665.0,0.3544526807142857,0.3142367837142857,0,1,0,1,0,0,0,0,0,0,0,0,0,0,0,0,0,0,0,0,0,0,0,0,0,0,0,1,0,0,0,0,0,0,0,0,0,0,0,0,0,0,0,0,0
2017-03-19,2017,1,2,4,8,16419465,8354160,98862,1747887,16406064,5290809,1111291,21570072,2414101,6981623,63836,157677,287859,1474481.78,35924.52,18177.57,4905.79,160122.2,120443.66,25306.58,60383.86,284508.48,461027.02,67672459.41,96.9,2.4330000000000003,662.7142857142858,0.3591750468571428,0.3155474534285715,0,1,0,1,0,0,0,0,0,0,0,0,0,0,0,0,0,0,0,0,0,0,0,0,0,0,0,1,0,0,0,0,0,0,0,0,0,0,0,0,0,0,0,0,0
2017-03-26,2017,1,2,5,9,3943989,10453680,539045,1650612,19693114,8574120,1695731,20320837,4530518,2400071,40449,341336,169653,345688.18,105262.19,118178.53,4378.56,71526.49,66199.08,21423.35,93006.99,158879.82,703230.01,124073331.44,96.9,2.4280000000000004,651.8571428571429,0.3892302070000001,0.31759730471428577,0,1,0,0,0,0,0,0,0,0,0,0,0,0,0,0,0,0,0,0,0,0,0,0,0,0,0,1,0,0,0,0,0,0,0,0,0,0,0,0,0,0,0,0,0
2017-04-02,2017,1,3,1,10,18122190,5492480,359992,1477679,15273740,5939590,4847003,9755086,2950798,4323430,23753,193774,275759,587199.26,24994.76,117617.59,4874.89,121327.42,198491.68,56138.94,129480.69,281687.62,717622.37,112436155.09,97.0,2.471,601.0,0.37075423671428576,0.3160745915714286,0,1,1,0,0,0,0,0,0,0,0,0,0,0,0,0,0,0,0,0,0,0,0,0,0,0,0,0,1,0,0,0,0,0,0,0,0,0,0,0,0,0,0,0,0
2017-04-09,2017,1,3,2,11,159171,18226400,184975,1956534,47023313,7762717,866703,10663744,5391207,4454014,65739,186739,148408,67191.78,70981.43,67898.37,5521.59,180033.45,65282.2,16491.06,132336.46,270906.27,630647.79,68505073.43,97.0,2.5340000000000003,601.0,0.3554865588571429,0.3176018938571428,0,1,1,0,0,0,0,0,0,0,0,0,0,0,0,0,0,0,0,0,0,0,0,0,0,0,0,0,1,0,0,0,0,0,0,0,0,0,0,0,0,0,0,0,0
2017-04-16,2017,1,3,3,12,16798271,1809920,170538,1089217,12519695,2523071,967064,17079985,4389780,3956380,66168,191458,247047,1148043.82,19711.54,7763.45,2848.39,72725.66,30639.02,20255.34,70831.2,242894.34,366495.04,89370191.65,97.0,2.546,601.0,0.35262477757142857,0.3133648317142857,0,1,0,0,0,0,0,0,0,0,1,0,0,0,0,0,0,0,0,0,0,0,0,0,0,0,0,0,1,0,0,0,0,0,0,0,0,0,0,0,0,0,0,0,0
2017-04-23,2017,1,3,4,13,2682953,9300640,192466,376559,4239424,2759814,805565,12173851,4170864,2268818,81883,351815,291945,660338.72,45647.24,35660.82,1390.93,25088.19,37274.77,19030.86,86829.12,237939.99,510237.91,135435178.34,97.0,2.5590000000000006,601.0,0.33993180742857143,0.3133532982857143,0,1,0,1,0,0,0,0,0,0,0,0,0,0,0,0,0,0,0,0,0,0,0,0,0,0,0,0,1,0,0,0,0,0,0,0,0,0,0,0,0,0,0,0,0
2017-04-30,2017,2,4,1,14,848102,4762544,261384,1027668,10542486,5910725,867957,21064047,5016139,3033045,41136,242197,354093,877154.1,39307.69,52021.47,3548.7,90468.93,201340.57,32809.68,61858.01,304838.68,1202894.7,82601539.99,97.1,2.522,601.8571428571429,0.3847045628571428,0.3162963364285714,0,0,0,1,0,0,0,0,0,0,0,0,0,0,0,0,0,0,0,0,0,0,0,0,0,0,0,0,0,1,0,0,0,0,0,0,0,0,0,0,0,0,0,0,0
2017-05-07,2017,2,4,2,15,9366780,18313610,557248,1204664,11506755,22661437,2238972,12009046,2849127,3453806,125296,373964,172365,508618.45,61208.05,120315.17,3765.4,133871.26,251405.41,30105.29,153491.86,293172.92,755784.64,88817326.0,97.1,2.4839999999999995,602.0,0.3706747611428572,0.3149529575714286,0,1,0,1,0,0,0,0,0,0,0,0,0,0,0,0,0,0,0,0,0,0,0,0,0,0,0,0,0,1,0,0,0,0,0,0,0,0,0,0,0,0,0,0,0
2017-05-14,2017,2,4,3,16,9460767,7508010,227421,417326,7235628,3537250,563369,14882425,3302839,3657683,85008,335238,135351,1228916.78,36542.61,68792.51,1209.4,74527.5,100948.27,11171.54,92318.08,130837.84,504709.72,110955881.78,97.1,2.4809999999999994,602.0,0.3306519731428572,0.3132421381428571,0,1,0,0,0,0,0,0,0,0,0,0,0,0,0,0,0,1,0,0,0,0,0,0,0,0,0,0,0,1,0,0,0,0,0,0,0,0,0,0,0,0,0,0,0
2017-05-21,2017,2,4,4,17,6224167,5420943,664547,2609025,34850822,5690823,1240821,27180232,4248529,4365830,42605,188538,149792,462110.32,52510.69,48855.03,4671.22,216540.78,126678.67,14977.91,143538.32,141746.68,676881.4,66713703.48,97.1,2.51,602.0,0.3329236648571429,0.3179217714285714,0,1,0,0,0,0,0,0,0,0,0,0,0,0,0,0,0,0,0,0,0,0,0,0,0,0,0,0,0,1,0,0,0,0,0,0,0,0,0,0,0,0,0,0,0
2017-05-28,2017,2,5,1,18,1658950,11615671,543017,1132405,13370539,5085041,1058968,10395381,3378050,2365790,49979,296810,163119,245933.3,56545.36,30124.17,6730.72,60987.3,82369.17,11403.0,140559.87,197599.31,488594.32,126855437.7,95.0,2.5160000000000005,602.0,0.34861332,0.3212221035714285,0,1,0,0,0,0,0,0,0,0,0,0,0,0,0,0,1,0,0,0,0,0,0,0,0,0,0,0,0,0,1,0,0,0,0,0,0,0,0,0,0,0,0,0,0
2017-06-04,2017,2,5,2,19,1495678,17882420,189079,1377335,24560204,10246674,1200578,21672816,6044440,4379173,75351,269141,151305,722389.05,87484.46,24938.28,4435.52,91044.83,81592.07,12830.7,158190.64,357704.95,370510.88,62043461.44,95.0,2.525,602.0,0.3359436997142857,0.3184314875714285,0,1,0,0,0,0,0,0,0,0,0,0,0,0,0,0,0,0,0,0,0,0,0,0,0,0,0,0,0,0,1,0,0,0,0,0,0,0,0,0,0,0,0,0,0
2017-06-11,2017,2,5,3,20,23270306,21044251,203961,2180080,31121155,15707896,1093677,19363536,6711841,5365366,129866,232519,166690,527098.78,111906.61,36235.89,7716.68,119288.03,489600.39,34380.74,173940.66,423806.0,781041.25,87506384.26,95.0,2.479,602.0,0.36969858257142857,0.3213155667142857,0,1,0,0,0,0,0,0,0,0,0,0,0,0,0,0,0,0,0,0,0,0,0,0,0,0,0,0,0,0,1,0,0,0,0,0,0,0,0,0,0,0,0,0,0
2017-06-18,2017,2,5,4,21,5010430,3184910,71741,915183,12807292,3222605,168094,17090955,5090040,4516274,60496,287830,141185,569171.64,30788.2,6764.13,3146.88,118251.89,33450.42,5709.74,89624.25,189096.01,671720.53,103684251.87,95.0,2.4330000000000003,602.0,0.3556531601428571,0.3233189627142857,0,1,0,0,0,0,0,0,0,0,0,1,0,0,0,0,0,0,0,0,0,0,0,0,0,0,0,0,0,0,1,0,0,0,0,0,0,0,0,0,0,0,0,0,0
2017-06-25,2017,2,5,5,22,22376,8576005,486227,1115065,37912084,6393256,1077849,16285659,6023860,3926128,0,212243,144357,18125.4,84124.87,66689.5,5648.49,187124.6,66769.64,12844.2,167519.91,178468.3,411612.21,102726814.42,95.0,2.404,601.7142857142858,0.3558861517142858,0.32262241142857145,0,1,0,0,0,0,0,0,0,0,0,0,0,0,0,0,0,0,0,0,0,0,0,0,0,0,0,0,0,0,1,0,0,0,0,0,0,0,0,0,0,0,0,0,0
2017-07-02,2017,2,6,1,23,1368278,8950170,407578,1918127,49081957,7164229,595891,16386966,5001583,2626600,110507,369127,147498,367222.52,41986.8,64350.92,7574.07,146068.5,80983.44,10929.89,147600.18,111767.86,698709.17,68125799.04,93.4,2.376,600.0,0.3786232407142857,0.3219629057142857,0,1,0,0,0,0,0,0,0,0,0,0,0,1,0,0,0,0,0,0,0,0,0,0,0,0,0,0,0,0,0,1,0,0,0,0,0,0,0,0,0,0,0,0,0
2017-07-09,2017,2,6,2,24,0,3184908,96474,1041585,8899991,2479444,858889,12406768,3099193,3388026,51837,486766,151217,14752.73,45865.28,19187.11,4205.75,88244.91,50895.19,17100.23,75520.86,210932.49,625994.6,107831379.52,93.4,2.411,600.0,0.410519625,0.32582842414285723,0,1,1,0,0,0,0,0,0,0,0,0,0,0,0,0,0,0,0,0,0,0,1,0,0,0,0,0,0,0,0,1,0,0,0,0,0,0,0,0,0,0,0,0,0
2017-07-16,2017,2,6,3,25,20102588,4094884,61136,1344765,16850413,1464075,343555,20315594,2591509,4781771,133957,279829,127055,885887.34,26992.01,4465.39,3811.05,58469.19,10691.23,6840.09,76186.31,204585.88,287412.84,55684791.55,93.4,2.392,600.0,0.3570682980000001,0.32300545985714285,0,1,1,0,0,0,0,0,0,0,0,0,0,0,0,0,0,0,0,0,0,0,0,0,0,0,0,0,0,0,0,1,0,0,0,0,0,0,0,0,0,0,0,0,0
2017-07-23,2017,2,6,4,26,2114043,3224481,86114,1470359,27014803,1548828,72803,20649130,4383652,3298068,134569,149959,234368,629135.52,31054.83,7298.93,8321.18,88317.56,9015.84,1591.3,99915.69,121218.53,362756.02,54010896.88,93.4,2.426,600.0,0.3541021442857143,0.32254978314285715,0,1,0,0,0,0,0,0,0,0,0,0,0,0,0,0,0,0,0,0,0,0,0,0,0,0,0,0,0,0,0,1,0,0,0,0,0,0,0,0,0,0,0,0,0
2017-07-30,2017,3,7,1,27,7145681,7410880,234047,772513,12068845,8514437,1700995,17047572,2980056,2393465,90355,317737,266311,598897.06,69033.34,91445.93,2867.47,130388.08,93093.76,17910.58,72887.43,170322.05,725328.85,114221272.29,96.79999999999998,2.467,600.0,0.3444428657142858,0.3240530054285714,0,1,0,0,0,0,0,0,0,0,0,0,0,0,0,0,0,0,0,0,0,0,0,0,0,0,0,0,0,0,0,0,1,0,0,0,0,0,0,0,0,0,0,0,0
2017-08-06,2017,3,7,2,28,42549,16080320,283869,3845767,15472071,7529256,1777880,19102693,2180328,3290906,136259,176123,137423,27535.35,94850.81,95247.24,11583.65,82796.98,91874.26,17506.1,80951.06,126712.69,363711.72,103941494.7,96.79999999999998,2.4920000000000004,600.0,0.3125870435714286,0.32452406042857146,0,1,0,0,0,0,0,0,0,0,0,0,0,0,0,0,0,0,0,0,0,0,0,0,0,0,0,0,0,0,0,0,1,0,0,0,0,0,0,0,0,0,0,0,0
2017-08-13,2017,3,7,3,29,2561516,8767080,137751,4121562,15980903,7644453,1198511,21336541,2689212,4448338,53568,311712,220319,416588.81,45136.16,51437.66,7090.0,60809.35,110345.99,21142.23,156494.62,251938.23,503028.6,98364761.95,96.79999999999998,2.497,600.0,0.32592045542857145,0.32255059428571425,0,1,0,0,0,0,0,0,0,0,0,0,0,0,0,0,0,0,0,0,0,0,0,0,0,0,0,0,0,0,0,0,1,0,0,0,0,0,0,0,0,0,0,0,0
2017-08-20,2017,3,7,4,30,6986180,3389120,86686,982267,14494493,586364,495734,16935867,3173951,2155335,53894,173078,217686,1480877.13,18277.13,8872.59,3557.31,53411.44,18500.86,8600.36,55762.92,293888.82,302972.74,54894314.06,96.79999999999998,2.474,600.0,0.3131446557142857,0.3214999311428572,0,1,1,0,0,0,0,0,0,0,0,0,0,0,0,0,0,0,0,0,0,0,0,0,0,0,0,0,0,0,0,0,1,0,0,0,0,0,0,0,0,0,0,0,0
2017-08-27,2017,3,8,1,31,124529,10040480,341126,1011541,13844407,5543955,1165757,13150950,2977995,3452070,139211,208170,141947,200165.66,38284.43,39760.28,2014.37,77073.28,61601.13,26458.5,72825.65,132608.18,689333.62,60948305.59,95.1,2.5130000000000003,600.0,0.34522776200000005,0.3241552878571429,0,1,1,0,0,0,0,0,0,0,0,0,0,0,0,0,0,0,0,0,0,0,0,0,0,0,0,0,0,0,0,0,0,1,0,0,0,0,0,0,0,0,0,0,0
2017-09-03,2017,3,8,2,32,10762050,14297440,690525,2515725,18770521,6626743,669764,13265432,5617299,3910423,93286,354804,140722,682308.96,83378.03,58682.36,10126.81,106850.65,106269.31,14655.77,112427.4,189047.83,394051.38,110656088.05,95.1,2.7939999999999996,600.0,0.33010543242857143,0.3276293445714286,0,1,0,0,0,0,0,0,0,0,0,0,0,0,1,0,0,0,0,0,0,0,0,0,0,0,0,0,0,0,0,0,0,1,0,0,0,0,0,0,0,0,0,0,0
2017-09-10,2017,3,8,3,33,5162781,4068400,254234,2356612,13668708,22695842,2080152,30719116,3436609,3920627,117037,353269,134326,1089033.55,21273.97,69394.22,10907.01,87561.47,307363.43,25783.84,257022.85,352016.27,324989.33,101276096.59,95.1,2.8000000000000003,600.0,0.3426488928571429,0.3278410315714286,0,1,0,0,0,0,0,0,0,0,0,0,0,0,0,0,0,0,0,0,0,0,0,0,0,0,0,0,0,0,0,0,0,1,0,0,0,0,0,0,0,0,0,0,0
2017-09-17,2017,3,8,4,34,15953241,2964360,205237,766219,12449539,18197792,945857,41509297,8572098,2530633,56460,212929,267677,685057.87,31630.99,20181.59,2823.25,77424.79,146448.06,21807.68,190000.6,515940.59,449599.33,133894724.3,95.1,2.75,600.0,0.3521919027142858,0.3288641202857142,0,0,0,1,0,0,0,0,0,0,0,0,0,0,0,0,0,0,0,0,0,0,0,0,0,0,0,0,0,0,0,0,0,1,0,0,0,0,0,0,0,0,0,0,0
2017-09-24,2017,3,8,5,35,10770796,7262400,265495,645437,10397006,4900277,895548,12412641,6853575,4922803,57599,186210,135246,1397182.79,33537.81,56407.08,1972.63,54585.4,100435.81,22159.97,105901.41,227941.12,358332.95,107223097.12,95.1,2.701,600.0,0.33712270085714285,0.3284679232857143,0,1,0,1,0,0,0,0,0,0,0,0,0,0,0,0,0,0,0,0,0,0,0,0,0,0,0,0,0,0,0,0,0,1,0,0,0,0,0,0,0,0,0,0,0
2017-10-01,2017,3,9,1,36,4635606,4675440,1044617,3368574,20718802,9610129,1174254,16983692,6678384,4524516,29454,343732,143514,310038.63,59782.8,134029.68,6711.52,181921.64,114104.82,29120.69,97785.99,357118.61,652846.69,66027466.0,100.70000000000002,2.6819999999999995,600.0,0.3987123022857143,0.33384696814285714,0,1,0,0,0,0,0,0,0,0,0,0,0,0,0,0,0,0,0,0,0,0,0,0,0,0,0,0,0,0,0,0,0,0,1,0,0,0,0,0,0,0,0,0,0
2017-10-08,2017,3,9,2,37,223045,8911466,289703,1802537,45775039,3190653,1298726,25640899,6193518,3669463,153628,320999,260456,605842.94,46051.72,82650.95,6219.26,173960.97,22128.32,33453.52,227013.91,311120.08,711275.6,113532226.32,100.70000000000002,2.622,600.0,0.38830340757142856,0.3319915807142857,0,1,1,0,0,0,0,1,0,0,0,0,0,0,0,0,0,0,0,0,0,0,0,0,0,0,0,0,0,0,0,0,0,0,1,0,0,0,0,0,0,0,0,0,0
2017-10-15,2017,3,9,3,38,20243276,6844000,489302,1225799,18906392,4378348,1053281,11322218,3423142,2313385,60542,238346,155206,1003884.52,20072.78,63166.69,3634.65,98608.04,79226.73,14296.37,212804.78,292374.5,741559.76,115884633.74,100.70000000000002,2.605,600.0,0.35595201285714284,0.32958914800000005,0,0,1,0,0,0,0,0,0,0,0,0,0,0,0,0,0,0,0,0,0,0,0,0,0,0,0,0,0,0,0,0,0,0,1,0,0,0,0,0,0,0,0,0,0
2017-10-22,2017,3,9,4,39,1015737,7789040,119447,1117614,28565270,6711264,1179333,17022387,3860566,2689014,158860,276585,318290,287489.81,35351.41,41165.43,3472.0,143582.56,39247.87,29651.49,94820.48,322162.74,614044.77,62538333.33,100.70000000000002,2.594,600.0,0.35015354485714284,0.3343422464285713,0,1,0,0,0,0,0,0,0,0,0,0,0,0,0,0,0,0,0,0,0,0,0,0,0,0,0,0,0,0,0,0,0,0,1,0,0,0,0,0,0,0,0,0,0
2017-10-29,2017,4,10,1,40,4416184,5153297,141087,553710,8079267,2781628,984293,20249200,8661740,2954284,93667,363905,199017,1408679.23,15279.26,38543.59,1675.15,64705.36,29543.12,24837.91,215549.45,272728.15,710020.66,104560110.54,98.5,2.602,600.0,0.3659099908571428,0.3329849735714286,0,1,0,0,0,0,0,0,0,0,0,0,0,0,0,0,0,0,0,0,0,0,0,0,0,0,0,0,0,0,0,0,0,0,0,0,1,0,0,0,0,0,0,0,0
2017-11-05,2017,4,10,2,41,10327892,9443398,233446,2861249,25030228,7565700,1507370,16662543,9075498,3545026,93840,409548,236784,419971.02,96647.72,66534.32,5316.39,172294.82,100603.78,21709.21,428902.43,499330.01,821685.68,87707645.19,98.5,2.673,600.0,0.3954645831428572,0.3385126074285715,0,1,0,0,0,0,0,0,0,0,0,0,0,0,0,0,0,0,0,0,0,0,0,0,0,1,0,0,0,0,0,0,0,0,0,0,0,1,0,0,0,0,0,0,0
2017-11-12,2017,4,10,3,42,914857,11366261,555042,1785579,33165593,9837342,10788194,35741246,5416213,3884873,162109,379249,280454,974373.19,75091.86,43385.67,5648.4,176407.68,328126.91,87157.59,285339.89,304305.37,1074628.03,90804140.6,98.5,2.7060000000000004,600.0,0.4592079780000001,0.3426666747142857,0,1,0,0,0,0,0,0,0,0,0,0,0,0,0,0,0,0,0,0,0,0,0,0,0,0,0,0,0,0,0,0,0,0,0,0,0,0,1,0,0,0,0,0,0
2017-11-19,2017,4,10,4,43,354083,26107600,938727,2016339,41383234,18649121,1299338,58821663,7302001,5098790,64381,669626,477467,61446.45,168458.94,160905.89,9110.77,122408.8,410842.55,55893.26,411024.47,396876.12,2242504.74,171018479.04,98.5,2.6830000000000003,600.0,0.5122549824285714,0.3424477542857143,0,1,0,0,1,0,0,0,0,0,0,0,0,0,0,0,0,0,0,0,1,0,0,1,0,0,0,0,0,0,0,0,0,0,0,0,0,0,0,1,0,0,0,0,0
2017-11-26,2017,4,11,1,44,23053924,6853943,254836,2865443,29560035,8253306,1399662,16975659,5868681,4878909,171901,954219,790102,1005581.59,69843.38,39602.32,9360.42,127204.39,318413.54,37435.1,427677.86,383876.63,2459696.73,240828463.28,95.9,2.648,599.8571428571429,0.4671578211428571,0.34515617614285715,0,1,0,1,0,0,0,0,1,0,0,0,0,0,0,0,0,0,0,0,0,0,0,0,0,0,0,0,0,0,0,0,0,0,0,0,0,0,0,0,1,0,0,0,0
2017-12-03,2017,4,11,2,45,13728763,8363687,322227,1373604,29154102,18296932,2468417,31574105,11252955,8121323,102630,588612,645987,1152000.73,37510.87,22799.15,3589.75,36948.43,437867.86,63758.47,202121.66,695750.18,3006686.76,212402431.68,95.9,2.6170000000000004,599.0,0.4396193917142857,0.34130708685714284,0,0,0,1,0,0,0,0,0,0,0,0,0,0,0,0,0,0,0,0,0,0,0,0,0,0,0,0,0,0,0,0,0,0,0,0,0,0,0,0,0,1,0,0,0
2017-12-10,2017,4,11,3,46,18840901,16821258,255853,2378641,50037129,43083662,3255065,17432547,10661676,8614296,105396,733422,394457,588562.79,99921.33,68703.26,13064.83,212002.93,862885.39,48231.73,277739.91,674551.41,1665721.67,155429089.35,95.9,2.6010000000000004,599.0,0.4478349177142857,0.3464581875714286,0,1,0,1,0,0,0,0,0,0,0,0,1,0,0,0,0,0,0,0,0,0,0,0,0,0,0,0,0,0,0,0,0,0,0,0,0,0,0,0,0,0,1,0,0
2017-12-17,2017,4,11,4,47,5983174,10598205,250582,5418819,52555124,45787179,2162575,19884333,9699219,5353009,107796,353362,347249,1282745.52,117284.85,51713.55,9914.1,245375.33,530392.0,91087.88,233469.52,588936.27,1247222.06,342807746.41,95.9,2.568,599.0,0.4259160262857143,0.35079239585714284,0,1,0,0,0,0,0,0,0,0,0,0,0,0,0,0,0,0,0,0,0,0,0,0,0,0,0,0,0,0,0,0,0,0,0,0,0,0,0,0,0,0,0,1,0
2017-12-24,2017,4,11,5,48,6780966,26751326,580634,3266362,85492123,10548234,469419,9238943,6047357,3377139,84639,313651,292715,371808.68,148883.61,51021.03,10360.44,158288.11,157746.5,10785.78,151297.61,320961.09,750086.99,183923434.59,95.9,2.589,599.0,0.4108812202857143,0.34893609642857143,0,1,0,0,0,1,1,0,0,1,0,0,0,0,0,0,0,0,0,0,0,0,0,0,0,0,0,0,0,0,0,0,0,0,0,0,0,0,0,0,0,0,0,0,1
2017-12-31,2017,4,12,1,49,53200,1701470,231496,1578332,28666358,2376720,0,16055093,2011204,4650240,36918,228116,220658,31080.19,21758.67,44215.36,5279.96,62931.6,5108.33,0.0,108724.47,164951.67,478471.37,104469430.63,95.70000000000002,2.637,599.0,0.3501480948571428,0.34393543085714284,0,1,0,0,0,0,0,0,0,0,0,0,0,0,0,0,0,0,1,1,0,0,0,0,0,0,0,0,0,0,0,0,0,0,0,1,0,0,0,0,0,0,0,0,0
2018-01-07,2017,4,12,2,50,105709,8311860,289466,890067,10054876,7789605,281565,9067086,2032521,3227596,128578,271868,288038,126828.61,54370.24,50820.1,2922.02,80197.16,60860.28,6294.12,121223.93,93380.64,506705.63,96557190.21,95.70000000000002,2.639,599.0,0.3577853737142857,0.34051044957142856,0,1,0,0,0,0,0,0,0,0,0,0,0,0,0,0,0,0,0,0,0,0,0,0,0,0,0,0,0,0,0,0,0,0,0,1,0,0,0,0,0,0,0,0,0
2018-01-14,2017,4,12,3,51,931,7126406,401692,1388865,21477704,769571,123148,8907275,4054356,3316605,113438,357638,152852,3175.52,31627.44,57041.81,3969.06,104636.75,3912.72,2975.0,130223.87,185945.89,269420.77,49937851.34,95.70000000000002,2.673,599.0,0.35331058914285723,0.34453749642857145,0,1,0,0,0,0,0,0,0,0,0,0,0,0,0,1,0,0,0,0,0,0,0,0,0,0,0,0,0,0,0,0,0,0,0,1,0,0,0,0,0,0,0,0,0
2018-01-21,2017,4,12,4,52,13876932,3463790,55354,1570008,10113763,0,123148,15207175,3856608,3585711,196235,324367,135875,1056324.03,18335.9,4433.42,2610.48,85932.46,0.0,2975.0,127741.8,98918.0,415578.7,45316510.85,95.70000000000002,2.6839999999999997,599.0,0.30628861128571433,0.3443000425714286,0,1,0,0,0,0,0,0,0,0,0,0,0,0,0,0,0,0,0,0,0,0,0,0,0,0,0,0,0,0,0,0,0,0,0,1,0,0,0,0,0,0,0,0,0
2018-01-28,2017,4,12,5,53,5375685,3117244,50684,1197397,14251248,5581775,286033,13842753,2046284,5096066,114824,405658,295012,680522.7,19661.45,2277.46,5671.07,110365.11,43605.44,3855.62,68092.25,88079.77,780468.13,51646819.25,95.70000000000002,2.7230000000000003,599.0,0.35574872071428576,0.3477333571428572,0,1,0,0,0,0,0,0,0,0,0,0,0,0,0,0,0,0,0,0,0,0,0,0,0,0,0,0,0,0,0,0,0,0,0,1,0,0,0,0,0,0,0,0,0
2018-02-04,2018,1,1,1,1,7292103,12016171,114831,941206,20262551,7884196,2103204,27188799,4517930,4431058,197474,228652,173499,392239.96,48695.2,53365.1,4118.32,170795.53,60290.77,30429.53,180952.39,126221.1,700469.02,67773826.54,99.70000000000002,2.753,599.0,0.3856729661428571,0.35392520028571434,0,1,0,0,0,0,0,0,0,0,0,0,0,0,0,0,0,0,0,0,0,0,0,0,0,0,1,0,0,0,0,0,0,0,0,0,0,0,0,0,0,0,0,0,0
2018-02-11,2018,1,1,2,2,9913030,19532972,47114,2924176,29262379,12386320,1481355,11719449,3270824,2972278,115668,322554,167061,566447.69,58437.4,39602.98,8493.71,148152.31,108489.96,18978.62,168551.49,212169.86,645920.26,67762285.49,99.70000000000002,2.724,599.0,0.3736425195714285,0.3564731975714285,0,1,0,0,0,0,0,0,0,0,0,0,0,0,0,0,0,0,0,0,0,0,0,0,1,0,1,0,0,0,0,0,0,0,0,0,0,0,0,0,0,0,0,0,0
2018-02-18,2018,1,1,3,3,180713,9633130,419,1224306,24822615,8014838,542415,14213062,2093240,4980905,134791,368590,172955,29756.13,36218.37,1543.17,6840.17,120800.77,70139.68,6229.47,108425.88,142446.91,402218.9,106544924.28,99.70000000000002,2.676,599.0,0.3207124875714285,0.35700624714285706,0,1,0,0,0,0,0,0,0,0,0,0,0,0,0,0,0,0,0,0,0,1,0,0,0,0,1,0,0,0,0,0,0,0,0,0,0,0,0,0,0,0,0,0,0
2018-02-25,2018,1,1,4,4,3408577,3386513,15412,650783,27276640,10322982,61740,12387160,2978097,4242376,202927,259395,264338,713391.1,29165.72,2250.18,3617.07,142303.41,42981.09,688.1,50121.84,123249.7,342444.97,92857789.33,99.70000000000002,2.6660000000000004,599.0,0.2919202227142857,0.35187628042857144,0,1,0,0,0,0,0,0,0,0,0,0,0,0,0,0,0,0,0,0,0,0,0,0,0,0,1,0,0,0,0,0,0,0,0,0,0,0,0,0,0,0,0,0,0
2018-03-04,2018,1,2,1,5,3765419,3066933,40480,1391713,17900281,2133169,451158,18895772,3029908,5109741,136190,196939,269846,306953.51,26267.91,16895.99,2658.21,100587.52,9223.92,18448.0,143463.91,93282.7,600744.23,98332911.67,101.4,2.6789999999999994,599.0,0.2998274978571429,0.3532617542857143,0,1,0,0,0,0,0,0,0,0,0,0,0,0,0,0,0,0,0,0,0,0,0,0,0,0,0,1,0,0,0,0,0,0,0,0,0,0,0,0,0,0,0,0,0
2018-03-11,2018,1,2,2,6,10665334,4053186,7654,1580838,26727968,7734813,485109,13637075,3047313,3694424,124774,222034,259039,1439848.44,35763.15,1020.83,5511.23,144140.62,112888.06,18297.04,190657.74,185121.85,320995.94,59546110.3,101.4,2.677,599.0,0.3186952575714285,0.3460207937142857,0,1,0,0,0,0,0,0,0,0,0,0,0,0,0,0,0,0,0,0,0,0,0,0,0,0,0,1,0,0,0,0,0,0,0,0,0,0,0,0,0,0,0,0,0
2018-03-18,2018,1,2,3,7,3171631,3501280,43653,1791343,21334532,10843608,417812,14485235,3291204,3745379,221022,255198,318585,149779.89,44218.65,20308.82,4725.6,188533.99,104671.48,9193.23,188403.37,204226.46,942781.69,150549332.33,101.4,2.7160000000000006,599.0,0.3657060602857144,0.3553934997142857,0,0,0,1,0,0,0,0,0,0,0,0,0,0,0,0,0,0,0,0,0,0,0,0,0,0,0,1,0,0,0,0,0,0,0,0,0,0,0,0,0,0,0,0,0
2018-03-25,2018,1,2,4,8,6275686,7884800,50266,2321268,30311655,10287734,719882,14429033,3696802,4273398,222976,212242,265045,973650.58,32903.93,25588.19,8026.37,166255.14,102907.52,14503.16,126069.2,364832.31,406992.37,123119036.08,101.4,2.764,599.0,0.3539892352857143,0.3585328457142857,0,1,0,1,0,0,0,0,0,0,0,0,0,0,0,0,0,0,0,0,0,0,0,0,0,0,0,1,0,0,0,0,0,0,0,0,0,0,0,0,0,0,0,0,0
2018-04-01,2018,1,2,5,9,447687,7816600,35801,1542084,28336755,8028261,1098352,27835615,2143279,5939765,87215,406269,291046,71833.19,66842.38,7105.07,4503.44,149626.36,97361.73,13175.78,126800.48,133175.81,721182.11,62677347.57,101.4,2.817,599.0,0.4417209837142857,0.3633994495714286,0,1,0,0,0,0,0,0,0,0,1,0,0,0,0,0,0,0,0,0,0,0,0,0,0,0,0,1,0,0,0,0,0,0,0,0,0,0,0,0,0,0,0,0,0
2018-04-08,2018,1,3,1,10,178535,2237853,73734,1446352,17561471,5168123,1337807,21831488,4501032,2531903,0,306390,159412,27877.17,40141.18,42018.46,3102.65,166570.49,36970.13,61042.98,200049.43,147654.1,380135.42,102024654.89,98.79999999999998,2.8110000000000004,599.0,0.3578404478571428,0.3603163975714286,0,1,0,0,0,0,0,0,0,0,0,0,0,0,0,0,0,0,0,0,0,0,0,0,0,0,0,0,1,0,0,0,0,0,0,0,0,0,0,0,0,0,0,0,0
2018-04-15,2018,1,3,2,11,6642794,6948320,0,806117,25093385,8351141,344586,24233322,3250589,2416255,0,414269,275523,499413.85,20375.96,0.0,2496.71,79358.81,52529.2,7397.11,206056.87,317123.6,367261.21,110740225.86,98.79999999999998,2.863,599.0,0.3307281805714286,0.3577321802857143,0,1,0,0,0,0,0,0,0,0,0,0,0,0,0,0,0,0,0,0,0,0,0,0,0,0,0,0,1,0,0,0,0,0,0,0,0,0,0,0,0,0,0,0,0
2018-04-22,2018,1,3,3,12,13997204,1426400,72512,286236,6294174,3527059,151153,10878753,5149708,2660870,45005,187952,284378,1287813.52,10280.66,25131.03,1351.52,33949.54,40111.5,3630.5,153864.29,323703.25,417868.32,131468079.01,98.79999999999998,2.9139999999999997,599.0,0.30489754128571434,0.357597714,0,1,0,1,0,0,0,0,0,0,0,0,0,0,0,0,0,0,0,0,0,0,0,0,0,0,0,0,1,0,0,0,0,0,0,0,0,0,0,0,0,0,0,0,0
2018-04-29,2018,1,3,4,13,6554418,7070400,72461,1054136,40008292,12263961,350875,45333156,5373643,8145918,154813,219068,200656,1466531.3,54695.41,33998.53,4734.81,102682.25,215406.93,12991.09,316760.29,201548.59,638848.9,139383055.75,98.79999999999998,2.9610000000000007,599.0,0.385678424,0.3604862481428572,0,0,0,1,0,0,0,0,0,0,0,0,0,0,0,0,0,0,0,0,0,0,0,0,0,0,0,0,1,0,0,0,0,0,0,0,0,0,0,0,0,0,0,0,0
2018-05-06,2018,2,4,1,14,1546156,15447356,524,769926,36894578,10584621,1244346,13084442,3511297,7288189,164312,355386,316477,78831.92,78517.85,144.4,2427.07,109336.33,332368.07,35196.03,135789.51,365806.42,557828.6,92512257.34,98.0,2.9600000000000004,599.0,0.3628764937142857,0.35952278285714284,0,1,0,1,0,0,0,0,0,0,0,0,0,0,0,0,0,0,0,0,0,0,0,0,0,0,0,0,0,1,0,0,0,0,0,0,0,0,0,0,0,0,0,0,0
2018-05-13,2018,2,4,2,15,7180341,10371932,0,1277399,28222480,4978646,1035768,14355749,3418953,4240981,91577,386286,268132,534742.93,48646.99,0.0,6780.85,239943.95,155836.59,25299.12,107583.06,351807.5,372034.2,118078328.09,98.0,2.9490000000000003,599.0,0.351907222,0.3554961775714286,0,1,0,0,0,0,0,0,0,0,0,0,0,0,0,0,0,1,0,0,0,0,0,0,0,0,0,0,0,1,0,0,0,0,0,0,0,0,0,0,0,0,0,0,0
2018-05-20,2018,2,4,3,16,5521,7079713,293,2580534,34565892,6880954,1866336,16923247,3963407,5790277,99688,199654,167264,2878.35,46294.04,144.4,4594.52,217923.89,193193.35,28235.47,196400.61,269152.14,463744.06,117496605.46,98.0,2.9989999999999988,599.0,0.3436019968571428,0.3642828009999999,0,1,0,0,0,0,0,0,0,0,0,0,0,0,0,0,0,0,0,0,0,0,0,0,0,0,0,0,0,1,0,0,0,0,0,0,0,0,0,0,0,0,0,0,0
2018-05-27,2018,2,4,4,17,3873987,7540132,838,1883066,29695510,7496314,306311,23425289,5098235,2893928,157877,206029,302004,591943.37,78872.31,495.07,4491.01,156366.54,151220.83,9203.28,85050.2,170096.02,870975.66,73625299.55,98.0,3.0389999999999997,599.0,0.3743330545714286,0.3671392524285714,0,1,0,0,0,0,0,0,0,0,0,0,0,0,0,0,1,0,0,0,0,0,0,0,0,0,0,0,0,1,0,0,0,0,0,0,0,0,0,0,0,0,0,0,0
2018-06-03,2018,2,5,1,18,6163683,7360206,6552,1422446,43421144,6870123,393170,36434422,4053661,4655608,101875,259335,262738,833633.62,33619.17,2617.06,6072.93,229865.67,59390.36,5450.96,276175.07,406490.01,380479.64,59528136.68,98.20000000000002,3.018,599.0,0.3475703568571428,0.3642821152857143,0,1,0,0,0,0,0,0,0,0,0,0,0,0,0,0,0,0,0,0,0,0,0,0,0,0,0,0,0,0,1,0,0,0,0,0,0,0,0,0,0,0,0,0,0
2018-06-10,2018,2,5,2,19,10460976,18738754,524,1533855,35944787,12973252,799071,31974704,4231108,5612984,129944,189628,171661,429526.08,48835.94,144.4,9229.71,186518.35,336540.88,21036.31,274468.62,429245.93,888311.42,89482670.19,98.20000000000002,2.9890000000000003,599.0,0.3967307021428572,0.3679886372857143,0,1,1,0,0,0,0,0,0,0,0,0,0,0,0,0,0,0,0,0,0,0,0,0,0,0,0,0,0,0,1,0,0,0,0,0,0,0,0,0,0,0,0,0,0
2018-06-17,2018,2,5,3,20,183887,2542494,0,1352374,16299517,2843722,258938,11169945,8054210,4459423,82949,123214,146978,29834.97,36438.04,0.0,6374.66,81668.0,32459.93,9525.6,256910.84,508567.2,669346.8,104742177.12,98.20000000000002,2.9580000000000006,599.0,0.3464960891428572,0.364279849,0,1,1,0,0,0,0,0,0,0,0,1,0,0,0,0,0,0,0,0,0,0,0,0,0,0,0,0,0,0,1,0,0,0,0,0,0,0,0,0,0,0,0,0,0
2018-06-24,2018,2,5,4,21,6599873,5199923,0,1092863,14266663,5103162,279539,26149296,6108048,2639582,61588,131293,252236,478627.9,27883.57,0.0,2192.53,45818.25,76449.02,9945.29,290762.61,388997.51,417753.32,102279821.48,98.20000000000002,2.9130000000000003,599.0,0.3532304875714285,0.3680827682857143,0,1,0,0,0,0,0,0,0,0,0,0,0,0,0,0,0,0,0,0,0,0,0,0,0,0,0,0,0,0,1,0,0,0,0,0,0,0,0,0,0,0,0,0,0
2018-07-01,2018,2,5,5,22,13038,13828188,387,2135131,17949076,13099355,302426,16967572,7228633,3740738,93878,159034,179177,9240.93,40228.7,247.54,3600.19,81629.95,106915.43,5698.4,127450.1,367134.78,1069549.96,66717386.49,98.20000000000002,2.924,599.0,0.4159635024285713,0.371423282,0,1,0,0,0,0,0,0,0,0,0,0,0,1,0,0,0,0,0,0,0,0,0,0,0,0,0,0,0,0,1,0,0,0,0,0,0,0,0,0,0,0,0,0,0
2018-07-08,2018,2,6,1,23,0,3714294,0,1448480,37354555,10904300,1073113,12314332,3501108,8000435,201394,556387,294903,0.0,31610.68,0.0,6427.5,108353.11,38880.62,14408.25,51395.55,229922.46,882521.03,117429974.43,97.9,2.9370000000000003,599.0,0.4576146497142858,0.3726755792857143,0,1,1,0,0,0,0,0,0,0,0,0,0,0,0,0,0,0,0,0,0,0,1,0,0,0,0,0,0,0,0,1,0,0,0,0,0,0,0,0,0,0,0,0,0
2018-07-15,2018,2,6,2,24,2225092,5102353,0,1307764,27380048,9689418,526704,13695379,3719032,4775597,141168,211342,162520,468700.11,44601.61,0.0,2288.04,138260.98,58461.7,9790.4,123897.22,147652.74,737018.14,64038606.38,97.9,2.9430000000000005,599.0,0.3824691702857143,0.363597359,0,0,1,0,0,0,0,0,0,0,0,0,0,0,0,0,0,0,0,0,0,0,0,0,0,0,0,0,0,0,0,1,0,0,0,0,0,0,0,0,0,0,0,0,0
2018-07-22,2018,2,6,3,25,17544331,1478566,1891,510539,8510797,6860229,80425,22415693,3109811,5802326,211382,290460,134145,696181.94,15339.78,564.4,939.86,67235.71,13895.66,1039.56,136457.71,143210.12,507774.28,53569648.92,97.9,2.9110000000000005,599.0,0.272083505,0.3604476042857144,0,1,0,0,0,0,0,0,0,0,0,0,0,0,0,0,0,0,0,0,0,0,0,0,0,0,0,0,0,0,0,1,0,0,0,0,0,0,0,0,0,0,0,0,0
2018-07-29,2018,2,6,4,26,30800,3106708,450,108614,940042,275872,20106,12657494,5260382,5541235,141580,288938,250907,27596.68,30488.45,247.54,313.29,7421.35,959.12,259.89,76394.95,145462.23,325930.71,99429060.81,97.9,2.924,599.0,0.325675651,0.36276594642857146,0,1,0,0,0,0,0,0,0,0,0,0,0,0,0,0,0,0,0,0,0,0,0,0,0,0,0,0,0,0,0,1,0,0,0,0,0,0,0,0,0,0,0,0,0
