date,target_var,impressions_x1,impressions_x2,impressions_x3,impressions_x4,event_2020_09,event_2020_12,event_2021_09,event_2021_12,event_2022_09,trend
2022-01-01,0.4966,0.1577,0.1194,0.2208,0.1134,0.0,0.0,0.0,0.0,0.0,0
2022-01-02,0.5341,0.1394,0.1169,0.2263,0.1157,0.0,0.0,0.0,0.0,0.0,1
2022-01-03,0.5659,0.1712,0.1177,0.2268,0.124,0.0,0.0,0.0,0.0,0.0,2
2022-01-04,0.5761,0.1175,0.1163,0.2247,0.1221,0.0,0.0,0.0,0.0,0.0,3
2022-01-05,0.5679,0.0927,0.1177,0.2209,0.1156,0.0,0.0,0.0,0.0,0.0,4
2022-01-06,0.5573,0.1161,0.119,0.2199,0.1083,0.0,0.0,0.0,0.0,0.0,5
2022-01-07,0.5553,0.1154,0.1193,0.2155,0.1135,0.0,0.0,0.0,0.0,0.0,6
2022-01-08,0.5637,0.1045,0.1183,0.2148,0.1135,0.0,0.0,0.0,0.0,0.0,7
2022-01-09,0.5684,0.0952,0.1196,0.2152,0.1114,0.0,0.0,0.0,0.0,0.0,8
2022-01-10,0.5593,0.0903,0.1179,0.2132,0.1107,0.0,0.0,0.0,0.0,0.0,9
2022-01-11,0.5619,0.0804,0.1177,0.2106,0.1122,0.0,0.0,0.0,0.0,0.0,10
2022-01-12,0.5608,0.0669,0.1166,0.2078,0.1114,0.0,0.0,0.0,0.0,0.0,11
2022-01-13,0.5548,0.0667,0.1187,0.2087,0.1065,0.0,0.0,0.0,0.0,0.0,12
2022-01-14,0.5531,0.0279,0.1167,0.2018,0.1005,0.0,0.0,0.0,0.0,0.0,13
2022-01-15,0.5666,0.0467,0.1175,0.2064,0.1086,0.0,0.0,0.0,0.0,0.0,14
2022-01-16,0.535,0.0341,0.1169,0.2062,0.0817,0.0,0.0,0.0,0.0,0.0,15
2022-01-17,0.5131,0.0326,0.1168,0.2074,0.0789,0.0,0.0,0.0,0.0,0.0,16
2022-01-18,0.4968,0.0125,0.1145,0.197,0.0734,0.0,0.0,0.0,0.0,0.0,17
2022-01-19,0.5388,0.0191,0.1165,0.1987,0.1003,0.0,0.0,0.0,0.0,0.0,18
2022-01-20,0.5361,0.0312,0.1166,0.2036,0.0872,0.0,0.0,0.0,0.0,0.0,19
2022-01-21,0.548,0.0071,0.1159,0.2026,0.0997,0.0,0.0,0.0,0.0,0.0,20
2022-01-22,0.5488,0.0178,0.1162,0.2011,0.1004,0.0,0.0,0.0,0.0,0.0,21
2022-01-23,0.5544,0.0101,0.1168,0.1994,0.0978,0.0,0.0,0.0,0.0,0.0,22
2022-01-24,0.5458,0.0094,0.1168,0.1959,0.101,0.0,0.0,0.0,0.0,0.0,23
2022-01-25,0.5836,0.0203,0.1162,0.1985,0.1209,0.0,0.0,0.0,0.0,0.0,24
2022-01-26,0.5868,0.0281,0.1162,0.2008,0.1207,0.0,0.0,0.0,0.0,0.0,25
2022-01-27,0.593,0.0358,0.1151,0.196,0.1213,0.0,0.0,0.0,0.0,0.0,26
2022-01-28,0.5839,0.0362,0.1167,0.1982,0.1171,0.0,0.0,0.0,0.0,0.0,27
2022-01-29,0.588,0.0648,0.1175,0.198,0.1237,0.0,0.0,0.0,0.0,0.0,28
2022-01-30,0.5787,0.0585,0.117,0.198,0.117,0.0,0.0,0.0,0.0,0.0,29
2022-01-31,0.5908,0.0277,0.1161,0.2002,0.1089,0.0,0.0,0.0,0.0,0.0,30
2022-02-01,0.5506,0.0064,0.1155,0.2057,0.0865,0.0,0.0,0.0,0.0,0.0,31
2022-02-02,0.5435,0.0233,0.1166,0.2031,0.0869,0.0,0.0,0.0,0.0,0.0,32
2022-02-03,0.5033,0.0424,0.1178,0.202,0.0606,0.0,0.0,0.0,0.0,0.0,33
2022-02-04,0.5032,0.0267,0.1167,0.2035,0.0664,0.0,0.0,0.0,0.0,0.0,34
2022-02-05,0.5003,0.0395,0.1176,0.2051,0.0669,0.0,0.0,0.0,0.0,0.0,35
2022-02-06,0.4528,0.0712,0.1186,0.2073,0.0405,0.0,0.0,0.0,0.0,0.0,36
2022-02-07,0.4236,0.055,0.1164,0.2065,0.0348,0.0,0.0,0.0,0.0,0.0,37
2022-02-08,0.3819,0.0287,0.1175,0.2044,0.0193,0.0,0.0,0.0,0.0,0.0,38
2022-02-09,0.3619,0.0055,0.1172,0.1998,0.0168,0.0,0.0,0.0,0.0,0.0,39
2022-02-10,0.4,0.0025,0.1157,0.207,0.0352,0.0,0.0,0.0,0.0,0.0,40
2022-02-11,0.425,0.013,0.1172,0.2088,0.0406,0.0,0.0,0.0,0.0,0.0,41
2022-02-12,0.4855,0.0063,0.1159,0.2089,0.0721,0.0,0.0,0.0,0.0,0.0,42
2022-02-13,0.4697,0.003,0.1161,0.2072,0.0473,0.0,0.0,0.0,0.0,0.0,43
2022-02-14,0.4276,0.0045,0.1157,0.2111,0.0322,0.0,0.0,0.0,0.0,0.0,44
2022-02-15,0.4301,0.0062,0.1184,0.2104,0.0362,0.0,0.0,0.0,0.0,0.0,45
2022-02-16,0.3877,0.0024,0.1179,0.2077,0.0286,0.0,0.0,0.0,0.0,0.0,46
2022-02-17,0.3803,0.0023,0.1169,0.2051,0.0243,0.0,0.0,0.0,0.0,0.0,47
2022-02-18,0.4185,0.0046,0.1156,0.1987,0.0416,0.0,0.0,0.0,0.0,0.0,48
2022-02-19,0.4273,0.0027,0.115,0.1971,0.0364,0.0,0.0,0.0,0.0,0.0,49
2022-02-20,0.4455,0.007,0.1133,0.2008,0.0459,0.0,0.0,0.0,0.0,0.0,50
2022-02-21,0.4343,0.0034,0.1131,0.1985,0.0371,0.0,0.0,0.0,0.0,0.0,51
2022-02-22,0.3901,0.0052,0.1132,0.1991,0.0172,0.0,0.0,0.0,0.0,0.0,52
2022-02-23,0.4124,0.0052,0.1131,0.1976,0.0359,0.0,0.0,0.0,0.0,0.0,53
2022-02-24,0.459,0.0055,0.1128,0.1987,0.0489,0.0,0.0,0.0,0.0,0.0,54
2022-02-25,0.4465,0.0019,0.1115,0.1979,0.0425,0.0,0.0,0.0,0.0,0.0,55
2022-02-26,0.4699,0.0017,0.1131,0.1979,0.0522,0.0,0.0,0.0,0.0,0.0,56
2022-02-27,0.453,0.0075,0.1113,0.1956,0.0393,0.0,0.0,0.0,0.0,0.0,57
2022-02-28,0.4161,0.0051,0.1113,0.1935,0.0251,0.0,0.0,0.0,0.0,0.0,58
2022-03-01,0.4051,0.0047,0.1117,0.1925,0.0283,0.0,0.0,0.0,0.0,0.0,59
2022-03-02,0.4108,0.0065,0.1117,0.1905,0.0324,0.0,0.0,0.0,0.0,0.0,60
2022-03-03,0.3891,0.0052,0.1112,0.1893,0.0187,0.0,0.0,0.0,0.0,0.0,61
2022-03-04,0.3722,0.004,0.1115,0.1937,0.0189,0.0,0.0,0.0,0.0,0.0,62
2022-03-05,0.3697,0.0017,0.1126,0.1929,0.0169,0.0,0.0,0.0,0.0,0.0,63
2022-03-06,0.3629,0.0053,0.1134,0.1982,0.0174,0.0,0.0,0.0,0.0,0.0,64
2022-03-07,0.3753,0.0056,0.1131,0.201,0.0183,0.0,0.0,0.0,0.0,0.0,65
2022-03-08,0.3591,0.017,0.1152,0.2004,0.0176,0.0,0.0,0.0,0.0,0.0,66
2022-03-09,0.393,0.0297,0.1138,0.2009,0.0252,0.0,0.0,0.0,0.0,0.0,67
2022-03-10,0.3927,0.0621,0.1153,0.2043,0.0237,0.0,0.0,0.0,0.0,0.0,68
2022-03-11,0.3896,0.041,0.1131,0.2071,0.0179,0.0,0.0,0.0,0.0,0.0,69
2022-03-12,0.4519,0.0062,0.112,0.2113,0.0456,0.0,0.0,0.0,0.0,0.0,70
2022-03-13,0.4499,0.0049,0.1123,0.2151,0.0433,0.0,0.0,0.0,0.0,0.0,71
2022-03-14,0.4488,0.0175,0.1137,0.2187,0.0376,0.0,0.0,0.0,0.0,0.0,72
2022-03-15,0.4267,0.0535,0.1132,0.221,0.0309,0.0,0.0,0.0,0.0,0.0,73
2022-03-16,0.4217,0.0466,0.1152,0.2236,0.0291,0.0,0.0,0.0,0.0,0.0,74
2022-03-17,0.4519,0.0463,0.1148,0.2234,0.0427,0.0,0.0,0.0,0.0,0.0,75
2022-03-18,0.4946,0.0173,0.1138,0.222,0.0593,0.0,0.0,0.0,0.0,0.0,76
2022-03-19,0.5499,0.048,0.1159,0.2252,0.0777,0.0,0.0,0.0,0.0,0.0,77
2022-03-20,0.5408,0.0507,0.1156,0.2248,0.0793,0.0,0.0,0.0,0.0,0.0,78
2022-03-21,0.5042,0.0493,0.1156,0.2298,0.053,0.0,0.0,0.0,0.0,0.0,79
2022-03-22,0.523,0.04,0.1156,0.2244,0.0637,0.0,0.0,0.0,0.0,0.0,80
2022-03-23,0.541,0.0616,0.1157,0.2281,0.0755,0.0,0.0,0.0,0.0,0.0,81
2022-03-24,0.5329,0.0354,0.1157,0.2287,0.0685,0.0,0.0,0.0,0.0,0.0,82
2022-03-25,0.5405,0.0176,0.1149,0.2302,0.064,0.0,0.0,0.0,0.0,0.0,83
2022-03-26,0.5115,0.0059,0.1152,0.2303,0.058,0.0,0.0,0.0,0.0,0.0,84
2022-03-27,0.4949,0.0061,0.1164,0.234,0.0506,0.0,0.0,0.0,0.0,0.0,85
2022-03-28,0.4876,0.0056,0.1153,0.2342,0.0466,0.0,0.0,0.0,0.0,0.0,86
2022-03-29,0.5118,0.0045,0.1147,0.2387,0.0704,0.0,0.0,0.0,0.0,0.0,87
2022-03-30,0.4553,0.0109,0.1137,0.2344,0.0309,0.0,0.0,0.0,0.0,0.0,88
2022-03-31,0.4219,0.0021,0.112,0.2381,0.0243,0.0,0.0,0.0,0.0,0.0,89
2022-04-01,0.4101,0.0048,0.1107,0.2362,0.0205,0.0,0.0,0.0,0.0,0.0,90
2022-04-02,0.411,0.0024,0.1105,0.2322,0.0256,0.0,0.0,0.0,0.0,0.0,91
2022-04-03,0.4471,0.0079,0.1102,0.2329,0.0408,0.0,0.0,0.0,0.0,0.0,92
2022-04-04,0.4607,0.0017,0.1118,0.231,0.0397,0.0,0.0,0.0,0.0,0.0,93
2022-04-05,0.4689,0.004,0.1125,0.229,0.0423,0.0,0.0,0.0,0.0,0.0,94
2022-04-06,0.4896,0.0067,0.1132,0.2319,0.0508,0.0,0.0,0.0,0.0,0.0,95
2022-04-07,0.505,0.0057,0.1123,0.2341,0.0571,0.0,0.0,0.0,0.0,0.0,96
2022-04-08,0.5418,0.0024,0.1119,0.2425,0.0767,0.0,0.0,0.0,0.0,0.0,97
2022-04-09,0.5347,0.0037,0.1119,0.2434,0.0636,0.0,0.0,0.0,0.0,0.0,98
2022-04-10,0.5372,0.0045,0.1136,0.2404,0.0658,0.0,0.0,0.0,0.0,0.0,99
2022-04-11,0.5342,0.0011,0.1131,0.2401,0.0677,0.0,0.0,0.0,0.0,0.0,100
2022-04-12,0.517,0.009,0.1146,0.2367,0.0486,0.0,0.0,0.0,0.0,0.0,101
2022-04-13,0.495,0.0366,0.1126,0.2395,0.0428,0.0,0.0,0.0,0.0,0.0,102
2022-04-14,0.4826,0.0181,0.1119,0.237,0.0418,0.0,0.0,0.0,0.0,0.0,103
2022-04-15,0.4781,0.0274,0.1101,0.242,0.0431,0.0,0.0,0.0,0.0,0.0,104
2022-04-16,0.5161,0.0243,0.1112,0.2397,0.0597,0.0,0.0,0.0,0.0,0.0,105
2022-04-17,0.4948,0.0802,0.1122,0.2455,0.0493,0.0,0.0,0.0,0.0,0.0,106
2022-04-18,0.4687,0.0426,0.1104,0.243,0.0336,0.0,0.0,0.0,0.0,0.0,107
2022-04-19,0.4378,0.0498,0.1111,0.246,0.0241,0.0,0.0,0.0,0.0,0.0,108
2022-04-20,0.4648,0.112,0.1134,0.2459,0.0426,0.0,0.0,0.0,0.0,0.0,109
2022-04-21,0.5014,0.1158,0.1139,0.2483,0.0535,0.0,0.0,0.0,0.0,0.0,110
2022-04-22,0.4783,0.1508,0.1153,0.2473,0.0398,0.0,0.0,0.0,0.0,0.0,111
2022-04-23,0.4545,0.1528,0.1165,0.2515,0.0287,0.0,0.0,0.0,0.0,0.0,112
2022-04-24,0.4321,0.1565,0.1173,0.2457,0.0291,0.0,0.0,0.0,0.0,0.0,113
2022-04-25,0.4573,0.18,0.1167,0.2483,0.0376,0.0,0.0,0.0,0.0,0.0,114
2022-04-26,0.5039,0.1793,0.1178,0.2474,0.0567,0.0,0.0,0.0,0.0,0.0,115
2022-04-27,0.5036,0.1875,0.1182,0.2518,0.0499,0.0,0.0,0.0,0.0,0.0,116
2022-04-28,0.5258,0.191,0.1194,0.2555,0.0597,0.0,0.0,0.0,0.0,0.0,117
2022-04-29,0.5455,0.1794,0.1199,0.2565,0.0664,0.0,0.0,0.0,0.0,0.0,118
2022-04-30,0.5296,0.1826,0.1197,0.2564,0.059,0.0,0.0,0.0,0.0,0.0,119
2022-05-01,0.5292,0.2123,0.1197,0.2549,0.0526,0.0,0.0,0.0,0.0,0.0,120
2022-05-02,0.535,0.1927,0.1183,0.2558,0.0634,0.0,0.0,0.0,0.0,0.0,121
2022-05-03,0.5353,0.1586,0.1184,0.2575,0.0583,0.0,0.0,0.0,0.0,0.0,122
2022-05-04,0.5474,0.1742,0.1189,0.2558,0.0703,0.0,0.0,0.0001,0.0,0.0,123
2022-05-05,0.5671,0.1683,0.1174,0.2556,0.0789,0.0,0.0,0.0001,0.0,0.0,124
2022-05-06,0.5499,0.127,0.1159,0.2618,0.06,0.0,0.0,0.0001,0.0,0.0,125
2022-05-07,0.56,0.1182,0.1177,0.2576,0.0725,0.0,0.0,0.0001,0.0,0.0,126
2022-05-08,0.5769,0.1128,0.1173,0.26,0.08,0.0,0.0,0.0002,0.0,0.0,127
2022-05-09,0.569,0.1041,0.1178,0.2573,0.0651,0.0,0.0,0.0003,0.0,0.0,128
2022-05-10,0.5736,0.1045,0.1173,0.2604,0.0756,0.0,0.0,0.0003,0.0,0.0,129
2022-05-11,0.5846,0.0885,0.1155,0.2561,0.0833,0.0,0.0,0.0004,0.0,0.0,130
2022-05-12,0.6,0.0903,0.116,0.2564,0.0881,0.0,0.0,0.0006,0.0,0.0,131
2022-05-13,0.5767,0.1121,0.1161,0.2611,0.0712,0.0,0.0,0.0007,0.0,0.0,132
2022-05-14,0.5405,0.0704,0.1155,0.2603,0.0536,0.0,0.0,0.0009,0.0,0.0,133
2022-05-15,0.541,0.086,0.117,0.2695,0.0598,0.0,0.0,0.0012,0.0,0.0,134
2022-05-16,0.5604,0.0919,0.1183,0.2728,0.0715,0.0,0.0,0.0015,0.0,0.0,135
2022-05-17,0.551,0.0452,0.1188,0.2704,0.0699,0.0,0.0,0.0019,0.0,0.0,136
2022-05-18,0.5657,0.007,0.1168,0.2706,0.0682,0.0,0.0,0.0025,0.0,0.0,137
2022-05-19,0.5591,0.0192,0.1146,0.2698,0.0603,0.0,0.0,0.0031,0.0,0.0,138
2022-05-20,0.5406,0.0078,0.115,0.2773,0.0519,0.0,0.0,0.0039,0.0,0.0,139
2022-05-21,0.5419,0.0153,0.1149,0.2739,0.057,0.0,0.0,0.0048,0.0,0.0,140
2022-05-22,0.5285,0.0258,0.1155,0.2773,0.0564,0.0,0.0,0.006,0.0,0.0,141
2022-05-23,0.5636,0.04,0.1179,0.2798,0.0688,0.0,0.0,0.0074,0.0,0.0,142
2022-05-24,0.5849,0.0302,0.1148,0.2768,0.0722,0.0,0.0,0.0091,0.0,0.0,143
2022-05-25,0.5699,0.0537,0.1161,0.2782,0.0662,0.0,0.0,0.0111,0.0,0.0,144
2022-05-26,0.5716,0.0521,0.1154,0.2773,0.0763,0.0,0.0,0.0135,0.0,0.0,145
2022-05-27,0.5547,0.0533,0.115,0.2734,0.0577,0.0,0.0,0.0164,0.0,0.0,146
2022-05-28,0.5349,0.049,0.1153,0.2725,0.0479,0.0,0.0,0.0198,0.0,0.0,147
2022-05-29,0.5002,0.0761,0.115,0.2759,0.0371,0.0,0.0,0.0239,0.0,0.0,148
2022-05-30,0.4933,0.0808,0.1158,0.2689,0.0399,0.0,0.0,0.0286,0.0,0.0,149
2022-05-31,0.4638,0.0628,0.1153,0.2676,0.0216,0.0,0.0,0.034,0.0,0.0,150
2022-06-01,0.4374,0.0674,0.1144,0.265,0.022,0.0,0.0,0.0404,0.0,0.0,151
2022-06-02,0.4365,0.0895,0.1166,0.2732,0.0226,0.0,0.0,0.0477,0.0,0.0,152
2022-06-03,0.4415,0.0809,0.1163,0.2672,0.0218,0.0,0.0,0.0561,0.0,0.0,153
2022-06-04,0.4432,0.1041,0.1183,0.2659,0.0225,0.0,0.0,0.0657,0.0,0.0,154
2022-06-05,0.446,0.1081,0.1191,0.265,0.0219,0.0,0.0,0.0766,0.0,0.0,155
2022-06-06,0.4462,0.1455,0.1204,0.2685,0.0215,0.0,0.0,0.0889,0.0,0.0,156
2022-06-07,0.438,0.1515,0.1199,0.2673,0.023,0.0,0.0,0.1027,0.0,0.0,157
2022-06-08,0.4381,0.1714,0.1204,0.2738,0.0209,0.0,0.0,0.1182,0.0,0.0,158
2022-06-09,0.4336,0.1618,0.1221,0.2755,0.0214,0.0,0.0,0.1353,0.0,0.0,159
2022-06-10,0.4404,0.1755,0.1219,0.2755,0.0211,0.0,0.0,0.1543,0.0,0.0,160
2022-06-11,0.4395,0.1629,0.1206,0.2727,0.0218,0.0,0.0,0.1751,0.0,0.0,161
2022-06-12,0.4521,0.1446,0.1192,0.2723,0.0215,0.0,0.0,0.1979,0.0,0.0,162
2022-06-13,0.4526,0.149,0.1207,0.2794,0.0214,0.0,0.0,0.2226,0.0,0.0,163
2022-06-14,0.4538,0.1613,0.1211,0.2824,0.0219,0.0,0.0,0.2494,0.0,0.0,164
2022-06-15,0.4525,0.1889,0.1218,0.2865,0.024,0.0,0.0,0.278,0.0,0.0,165
2022-06-16,0.4479,0.1896,0.1212,0.2908,0.0234,0.0,0.0,0.3086,0.0,0.0,166
2022-06-17,0.4512,0.1577,0.1201,0.2933,0.0243,0.0,0.0,0.3411,0.0,0.0,167
2022-06-18,0.4698,0.1592,0.122,0.2913,0.0291,0.0,0.0,0.3753,0.0,0.0,168
2022-06-19,0.4626,0.1868,0.1215,0.2878,0.0234,0.0,0.0,0.4111,0.0,0.0,169
2022-06-20,0.4514,0.1952,0.1204,0.287,0.0226,0.0,0.0,0.4483,0.0,0.0,170
2022-06-21,0.4539,0.2125,0.1207,0.2929,0.0222,0.0,0.0,0.4868,0.0,0.0,171
2022-06-22,0.4652,0.2416,0.1228,0.2945,0.0233,0.0,0.0,0.5261,0.0,0.0,172
2022-06-23,0.4695,0.2382,0.1219,0.2953,0.0221,0.0,0.0,0.5662,0.0,0.0,173
2022-06-24,0.4726,0.2504,0.1219,0.2934,0.0288,0.0,0.0,0.6065,0.0,0.0,174
2022-06-25,0.5141,0.2352,0.1229,0.2944,0.0436,0.0,0.0,0.6469,0.0,0.0,175
2022-06-26,0.5154,0.2207,0.121,0.297,0.04,0.0,0.0,0.6869,0.0,0.0,176
2022-06-27,0.5199,0.2186,0.1219,0.3021,0.043,0.0,0.0,0.7261,0.0,0.0,177
2022-06-28,0.5657,0.1761,0.1184,0.2993,0.0618,0.0,0.0,0.7642,0.0,0.0,178
2022-06-29,0.6042,0.1953,0.1207,0.2986,0.0768,0.0,0.0,0.8007,0.0,0.0,179
2022-06-30,0.5978,0.2071,0.1198,0.2962,0.0654,0.0,0.0,0.8353,0.0,0.0,180
2022-07-01,0.5904,0.1951,0.1201,0.2986,0.0684,0.0,0.0,0.8674,0.0,0.0,181
2022-07-02,0.5895,0.1852,0.1204,0.2943,0.0635,0.0,0.0,0.8968,0.0,0.0,182
2022-07-03,0.5758,0.2183,0.1215,0.3006,0.0594,0.0,0.0,0.9231,0.0,0.0,183
2022-07-04,0.5464,0.2266,0.1229,0.3013,0.0431,0.0,0.0,0.946,0.0,0.0,184
2022-07-05,0.5485,0.2666,0.1225,0.3038,0.0476,0.0,0.0,0.9651,0.0,0.0,185
2022-07-06,0.5291,0.2811,0.124,0.3022,0.0373,0.0,0.0,0.9802,0.0,0.0,186
2022-07-07,0.5878,0.281,0.1221,0.3036,0.0693,0.0,0.0,0.9912,0.0,0.0,187
2022-07-08,0.6309,0.2315,0.1228,0.3087,0.0851,0.0,0.0,0.9978,0.0,0.0,188
2022-07-09,0.6513,0.2312,0.1215,0.3028,0.0923,0.0,0.0,1.0,0.0,0.0,189
2022-07-10,0.6554,0.2066,0.1211,0.303,0.0977,0.0,0.0,0.9978,0.0,0.0,190
2022-07-11,0.6443,0.233,0.1198,0.3054,0.0881,0.0,0.0,0.9912,0.0,0.0,191
2022-07-12,0.6409,0.2017,0.1192,0.3078,0.0802,0.0,0.0,0.9802,0.0,0.0,192
2022-07-13,0.6287,0.2473,0.1231,0.3123,0.0767,0.0,0.0,0.9651,0.0,0.0,193
2022-07-14,0.6293,0.2173,0.1219,0.3085,0.0785,0.0,0.0,0.946,0.0,0.0,194
2022-07-15,0.6416,0.2523,0.1242,0.3124,0.0873,0.0,0.0,0.9231,0.0,0.0,195
2022-07-16,0.6257,0.2625,0.1245,0.3165,0.0806,0.0,0.0,0.8968,0.0,0.0,196
2022-07-17,0.6337,0.2787,0.1245,0.3182,0.0835,0.0,0.0,0.8674,0.0,0.0,197
2022-07-18,0.6463,0.2466,0.123,0.3158,0.0849,0.0,0.0,0.8353,0.0,0.0,198
2022-07-19,0.6278,0.2892,0.1235,0.3107,0.0737,0.0,0.0,0.8007,0.0,0.0,199
2022-07-20,0.5798,0.2782,0.1226,0.3118,0.0529,0.0,0.0,0.7642,0.0,0.0,200
2022-07-21,0.5771,0.2956,0.1237,0.3136,0.0567,0.0,0.0,0.7261,0.0,0.0,201
2022-07-22,0.5752,0.2585,0.1233,0.3154,0.0538,0.0,0.0,0.6869,0.0,0.0,202
2022-07-23,0.5271,0.2735,0.1214,0.3127,0.0273,0.0,0.0,0.6469,0.0,0.0,203
2022-07-24,0.4882,0.242,0.122,0.3117,0.0242,0.0,0.0,0.6065,0.0,0.0,204
2022-07-25,0.4792,0.229,0.1218,0.3206,0.0251,0.0,0.0,0.5662,0.0,0.0,205
2022-07-26,0.5186,0.2303,0.1219,0.3174,0.0396,0.0,0.0,0.5261,0.0,0.0,206
2022-07-27,0.5863,0.2229,0.1209,0.3235,0.0648,0.0,0.0,0.4868,0.0,0.0,207
2022-07-28,0.5844,0.2386,0.122,0.321,0.0598,0.0,0.0,0.4483,0.0,0.0,208
2022-07-29,0.5975,0.2518,0.1213,0.3204,0.0679,0.0,0.0,0.4111,0.0,0.0,209
2022-07-30,0.6241,0.3032,0.1223,0.3206,0.0837,0.0,0.0,0.3753,0.0,0.0,210
2022-07-31,0.6286,0.2718,0.1207,0.3172,0.0721,0.0,0.0,0.3411,0.0,0.0,211
2022-08-01,0.628,0.2642,0.122,0.3111,0.0797,0.0,0.0,0.3086,0.0,0.0,212
2022-08-02,0.6093,0.2877,0.122,0.3095,0.0683,0.0,0.0,0.278,0.0,0.0,213
2022-08-03,0.5958,0.2985,0.1237,0.3091,0.0543,0.0,0.0,0.2494,0.0,0.0,214
2022-08-04,0.5598,0.288,0.1229,0.3103,0.051,0.0,0.0,0.2226,0.0,0.0,215
2022-08-05,0.5533,0.2869,0.1228,0.3089,0.0427,0.0,0.0,0.1979,0.0,0.0,216
2022-08-06,0.5838,0.2617,0.1215,0.3047,0.0614,0.0,0.0,0.1751,0.0,0.0,217
2022-08-07,0.567,0.238,0.1204,0.3046,0.0525,0.0,0.0,0.1543,0.0,0.0,218
2022-08-08,0.6272,0.253,0.1212,0.3049,0.0808,0.0,0.0,0.1353,0.0,0.0,219
2022-08-09,0.5815,0.2595,0.1202,0.3091,0.0544,0.0,0.0,0.1182,0.0,0.0,220
2022-08-10,0.5843,0.2764,0.1208,0.3123,0.0592,0.0,0.0,0.1027,0.0,0.0,221
2022-08-11,0.5837,0.243,0.1205,0.3093,0.051,0.0,0.0,0.0889,0.0,0.0,222
2022-08-12,0.5898,0.2624,0.1206,0.3131,0.0635,0.0,0.0,0.0766,0.0,0.0,223
2022-08-13,0.5492,0.2316,0.1192,0.3065,0.04,0.0,0.0,0.0657,0.0,0.0,224
2022-08-14,0.5429,0.2353,0.1196,0.3092,0.0374,0.0,0.0,0.0561,0.0,0.0,225
2022-08-15,0.503,0.2412,0.1189,0.3027,0.0239,0.0,0.0,0.0477,0.0,0.0,226
2022-08-16,0.4855,0.2522,0.1196,0.3116,0.0226,0.0,0.0,0.0404,0.0,0.0,227
2022-08-17,0.4848,0.2731,0.12,0.3049,0.0251,0.0,0.0,0.034,0.0,0.0,228
2022-08-18,0.5368,0.2748,0.1199,0.3063,0.0451,0.0,0.0,0.0286,0.0,0.0,229
2022-08-19,0.5522,0.2827,0.1203,0.3049,0.0475,0.0,0.0,0.0239,0.0,0.0,230
2022-08-20,0.5876,0.2956,0.1207,0.3005,0.0607,0.0,0.0,0.0198,0.0,0.0,231
2022-08-21,0.6043,0.2388,0.1191,0.2942,0.0671,0.0,0.0,0.0164,0.0,0.0,232
2022-08-22,0.6135,0.2453,0.1197,0.2925,0.072,0.0,0.0,0.0135,0.0,0.0,233
2022-08-23,0.6169,0.2392,0.1188,0.2908,0.0649,0.0,0.0,0.0111,0.0,0.0,234
2022-08-24,0.5976,0.2342,0.1205,0.2911,0.0608,0.0,0.0,0.0091,0.0,0.0,235
2022-08-25,0.6179,0.2498,0.1198,0.2891,0.0679,0.0,0.0,0.0074,0.0,0.0,236
2022-08-26,0.639,0.2435,0.121,0.2902,0.0768,0.0,0.0,0.006,0.0,0.0,237
2022-08-27,0.6164,0.2552,0.1219,0.2946,0.0658,0.0,0.0,0.0048,0.0,0.0,238
2022-08-28,0.63,0.2698,0.123,0.296,0.0739,0.0,0.0,0.0039,0.0,0.0,239
2022-08-29,0.6002,0.2794,0.1232,0.2993,0.0607,0.0,0.0,0.0031,0.0,0.0,240
2022-08-30,0.6056,0.2715,0.1222,0.2946,0.0632,0.0,0.0,0.0025,0.0,0.0,241
2022-08-31,0.6075,0.2791,0.1231,0.2899,0.0641,0.0,0.0,0.0019,0.0,0.0,242
2022-09-01,0.5913,0.2247,0.1235,0.2873,0.0536,0.0,0.0,0.0015,0.0,0.0,243
2022-09-02,0.5935,0.2199,0.1219,0.2798,0.0542,0.0,0.0,0.0012,0.0,0.0,244
2022-09-03,0.6208,0.2536,0.1215,0.2826,0.0741,0.0,0.0,0.0009,0.0,0.0,245
2022-09-04,0.6267,0.2585,0.1202,0.2852,0.073,0.0001,0.0,0.0007,0.0,0.0,246
2022-09-05,0.6224,0.2462,0.1212,0.2775,0.0665,0.0001,0.0,0.0006,0.0,0.0,247
2022-09-06,0.5861,0.2631,0.1217,0.2823,0.048,0.0001,0.0,0.0004,0.0,0.0,248
2022-09-07,0.5772,0.2475,0.1207,0.2787,0.0492,0.0001,0.0,0.0003,0.0,0.0,249
2022-09-08,0.5862,0.1992,0.1189,0.2846,0.0542,0.0001,0.0,0.0003,0.0,0.0,250
2022-09-09,0.6041,0.2025,0.1168,0.282,0.0674,0.0001,0.0,0.0002,0.0,0.0,251
2022-09-10,0.6354,0.2024,0.1176,0.287,0.0733,0.0001,0.0,0.0001,0.0,0.0,252
2022-09-11,0.6337,0.2127,0.1181,0.2867,0.0749,0.0002,0.0,0.0001,0.0,0.0,253
2022-09-12,0.6279,0.2036,0.116,0.29,0.0695,0.0002,0.0,0.0001,0.0,0.0,254
2022-09-13,0.6139,0.1985,0.1175,0.291,0.0628,0.0002,0.0,0.0001,0.0,0.0,255
2022-09-14,0.6176,0.2105,0.1171,0.2985,0.0616,0.0003,0.0,0.0,0.0,0.0,256
2022-09-15,0.5849,0.2242,0.1173,0.2988,0.0507,0.0003,0.0,0.0,0.0,0.0,257
2022-09-16,0.5974,0.2182,0.1171,0.3044,0.0539,0.0004,0.0,0.0,0.0,0.0,258
2022-09-17,0.5927,0.2117,0.1175,0.3053,0.0521,0.0005,0.0,0.0,0.0,0.0,259
2022-09-18,0.6022,0.2084,0.1183,0.3028,0.06,0.0005,0.0,0.0,0.0,0.0,260
2022-09-19,0.6307,0.1787,0.1167,0.296,0.0749,0.0006,0.0,0.0,0.0,0.0,261
2022-09-20,0.6523,0.2242,0.1153,0.2866,0.0762,0.0007,0.0,0.0,0.0,0.0,262
2022-09-21,0.6525,0.2241,0.1178,0.2858,0.0835,0.0009,0.0,0.0,0.0,0.0,263
2022-09-22,0.6743,0.2122,0.1168,0.2866,0.0985,0.001,0.0,0.0,0.0,0.0,264
2022-09-23,0.7074,0.2294,0.1168,0.2868,0.1092,0.0011,0.0,0.0,0.0,0.0,265
2022-09-24,0.7101,0.2254,0.1186,0.2901,0.1137,0.0013,0.0,0.0,0.0,0.0,266
2022-09-25,0.6968,0.2303,0.1179,0.2838,0.108,0.0015,0.0,0.0,0.0,0.0,267
2022-09-26,0.6961,0.2724,0.119,0.2876,0.0913,0.0018,0.0,0.0,0.0,0.0,268
2022-09-27,0.671,0.283,0.1201,0.2927,0.0837,0.002,0.0,0.0,0.0,0.0,269
2022-09-28,0.6699,0.2844,0.1195,0.2863,0.0833,0.0023,0.0,0.0,0.0,0.0,270
2022-09-29,0.6951,0.2957,0.1187,0.2779,0.1044,0.0027,0.0,0.0,0.0,0.0,271
2022-09-30,0.6967,0.3037,0.118,0.2761,0.101,0.0031,0.0,0.0,0.0,0.0,272
2022-10-01,0.7049,0.2875,0.116,0.2791,0.102,0.0035,0.0,0.0,0.0,0.0,273
2022-10-02,0.6848,0.2667,0.1154,0.2789,0.0964,0.004,0.0,0.0,0.0,0.0,274
2022-10-03,0.7013,0.2799,0.1177,0.2785,0.1095,0.0046,0.0,0.0,0.0,0.0,275
2022-10-04,0.7149,0.2508,0.1165,0.2803,0.1192,0.0053,0.0,0.0,0.0,0.0,276
2022-10-05,0.7251,0.2823,0.1186,0.2818,0.113,0.006,0.0,0.0,0.0,0.0,277
2022-10-06,0.7035,0.2758,0.1173,0.2783,0.0942,0.0068,0.0,0.0,0.0,0.0,278
2022-10-07,0.6852,0.2464,0.1175,0.2784,0.0874,0.0077,0.0,0.0,0.0,0.0,279
2022-10-08,0.6791,0.2481,0.1189,0.2806,0.0931,0.0087,0.0,0.0,0.0,0.0,280
2022-10-09,0.675,0.2285,0.1185,0.2754,0.0757,0.0098,0.0,0.0,0.0,0.0,281
2022-10-10,0.6808,0.2213,0.1189,0.2719,0.0867,0.0111,0.0,0.0,0.0,0.0,282
2022-10-11,0.6617,0.2648,0.12,0.2763,0.0756,0.0125,0.0,0.0,0.0,0.0,283
2022-10-12,0.6583,0.2853,0.1186,0.2723,0.0724,0.0141,0.0,0.0,0.0,0.0,284
2022-10-13,0.6438,0.3277,0.1177,0.2769,0.0666,0.0158,0.0,0.0,0.0,0.0,285
2022-10-14,0.6313,0.3225,0.1195,0.2731,0.0609,0.0177,0.0,0.0,0.0,0.0,286
2022-10-15,0.6155,0.3284,0.1177,0.2789,0.0533,0.0198,0.0,0.0,0.0,0.0,287
2022-10-16,0.5961,0.3307,0.1174,0.2769,0.0479,0.0222,0.0,0.0,0.0,0.0,288
2022-10-17,0.6019,0.3977,0.1203,0.279,0.0517,0.0247,0.0,0.0,0.0,0.0,289
2022-10-18,0.6226,0.4353,0.1207,0.2752,0.0584,0.0276,0.0,0.0,0.0,0.0,290
2022-10-19,0.6185,0.4432,0.1218,0.2766,0.0589,0.0307,0.0,0.0,0.0,0.0,291
2022-10-20,0.6178,0.431,0.122,0.2756,0.0575,0.034,0.0,0.0,0.0,0.0,292
2022-10-21,0.6565,0.4157,0.1214,0.2674,0.0779,0.0377,0.0,0.0,0.0,0.0,293
2022-10-22,0.6665,0.4202,0.1228,0.269,0.0826,0.0418,0.0,0.0,0.0,0.0,294
2022-10-23,0.6975,0.4232,0.1214,0.2675,0.0961,0.0462,0.0,0.0,0.0,0.0,295
2022-10-24,0.7271,0.4213,0.1228,0.267,0.1096,0.051,0.0,0.0,0.0,0.0,296
2022-10-25,0.723,0.4586,0.1241,0.268,0.1023,0.0561,0.0,0.0,0.0,0.0,297
2022-10-26,0.7371,0.4968,0.1246,0.2638,0.1158,0.0617,0.0,0.0,0.0,0.0,298
2022-10-27,0.723,0.4953,0.1237,0.2609,0.1066,0.0678,0.0,0.0,0.0,0.0,299
2022-10-28,0.7159,0.5037,0.1224,0.2556,0.106,0.0743,0.0,0.0,0.0,0.0,300
2022-10-29,0.7373,0.5008,0.1253,0.2528,0.1148,0.0814,0.0,0.0,0.0,0.0,301
2022-10-30,0.7419,0.4874,0.1257,0.253,0.1162,0.0889,0.0,0.0,0.0,0.0,302
2022-10-31,0.7404,0.4788,0.1245,0.2595,0.1128,0.097,0.0,0.0,0.0,0.0,303
2022-11-01,0.7478,0.4737,0.1245,0.2585,0.1212,0.1057,0.0,0.0,0.0,0.0,304
2022-11-02,0.7558,0.5061,0.1247,0.2527,0.118,0.115,0.0,0.0,0.0,0.0,305
2022-11-03,0.7549,0.5265,0.1261,0.2457,0.1277,0.1248,0.0,0.0,0.0,0.0,306
2022-11-04,0.7519,0.4968,0.1225,0.2433,0.1105,0.1353,0.0,0.0,0.0,0.0,307
2022-11-05,0.7422,0.4778,0.1224,0.2385,0.1089,0.1465,0.0,0.0,0.0,0.0,308
2022-11-06,0.7441,0.4292,0.1206,0.2382,0.1125,0.1583,0.0,0.0,0.0,0.0,309
2022-11-07,0.7534,0.4015,0.1205,0.2403,0.1219,0.1708,0.0,0.0,0.0,0.0,310
2022-11-08,0.7627,0.4026,0.1223,0.2388,0.1293,0.184,0.0,0.0,0.0,0.0,311
2022-11-09,0.7841,0.3811,0.1201,0.2352,0.1407,0.1979,0.0,0.0,0.0,0.0,312
2022-11-10,0.797,0.3642,0.121,0.2373,0.1483,0.2125,0.0,0.0,0.0,0.0,313
2022-11-11,0.7813,0.3862,0.1206,0.2438,0.1286,0.2278,0.0,0.0,0.0,0.0,314
2022-11-12,0.7812,0.3665,0.1187,0.2385,0.1243,0.2439,0.0,0.0,0.0,0.0,315
2022-11-13,0.7714,0.3964,0.1191,0.2451,0.1344,0.2606,0.0,0.0,0.0,0.0,316
2022-11-14,0.7974,0.4177,0.1191,0.2445,0.1391,0.278,0.0,0.0,0.0,0.0,317
2022-11-15,0.7829,0.4434,0.1211,0.2422,0.1186,0.2962,0.0,0.0,0.0,0.0,318
2022-11-16,0.8007,0.492,0.1213,0.2432,0.1417,0.315,0.0,0.0,0.0,0.0,319
2022-11-17,0.8029,0.5084,0.1228,0.2461,0.151,0.3345,0.0,0.0,0.0,0.0,320
2022-11-18,0.8113,0.5014,0.1225,0.2421,0.1487,0.3546,0.0,0.0,0.0,0.0,321
2022-11-19,0.8054,0.5023,0.1205,0.2486,0.1383,0.3753,0.0,0.0,0.0,0.0,322
2022-11-20,0.8114,0.4813,0.121,0.2455,0.1284,0.3966,0.0,0.0,0.0,0.0,323
2022-11-21,0.8085,0.5195,0.1217,0.2453,0.1363,0.4184,0.0,0.0,0.0,0.0,324
2022-11-22,0.8064,0.5454,0.1194,0.2433,0.1345,0.4408,0.0,0.0,0.0,0.0,325
2022-11-23,0.8275,0.5382,0.1194,0.2453,0.1585,0.4636,0.0,0.0,0.0,0.0,326
2022-11-24,0.8367,0.558,0.1191,0.2455,0.1583,0.4868,0.0,0.0,0.0,0.0,327
2022-11-25,0.8499,0.5787,0.1183,0.2468,0.1685,0.5103,0.0,0.0,0.0,0.0,328
2022-11-26,0.8353,0.565,0.1189,0.248,0.1472,0.5341,0.0,0.0,0.0,0.0,329
2022-11-27,0.8403,0.5985,0.1198,0.2504,0.151,0.5581,0.0,0.0,0.0,0.0,330
2022-11-28,0.8474,0.5713,0.1193,0.2493,0.1532,0.5823,0.0,0.0,0.0,0.0,331
2022-11-29,0.8525,0.5694,0.1187,0.2535,0.167,0.6065,0.0,0.0,0.0,0.0,332
2022-11-30,0.864,0.5397,0.1175,0.2493,0.167,0.6308,0.0,0.0,0.0,0.0,333
2022-12-01,0.8557,0.5075,0.1171,0.2489,0.1501,0.6549,0.0,0.0,0.0,0.0,334
2022-12-02,0.8543,0.503,0.118,0.2462,0.1513,0.679,0.0,0.0,0.0,0.0,335
2022-12-03,0.8666,0.5026,0.1178,0.2443,0.1651,0.7027,0.0,0.0,0.0,0.0,336
2022-12-04,0.8692,0.5309,0.1194,0.2461,0.1695,0.7261,0.0,0.0,0.0,0.0,337
2022-12-05,0.8921,0.5283,0.1188,0.2477,0.1813,0.7492,0.0,0.0,0.0,0.0,338
2022-12-06,0.8868,0.5411,0.1192,0.2507,0.1809,0.7717,0.0,0.0,0.0,0.0,339
2022-12-07,0.8822,0.5388,0.1194,0.2507,0.1652,0.7936,0.0,0.0,0.0,0.0,340
2022-12-08,0.8839,0.5477,0.1194,0.2482,0.1695,0.8148,0.0,0.0,0.0,0.0,341
2022-12-09,0.906,0.5319,0.1198,0.2465,0.1868,0.8353,0.0,0.0,0.0,0.0,342
2022-12-10,0.9019,0.5321,0.1202,0.2515,0.182,0.8549,0.0,0.0,0.0,0.0,343
2022-12-11,0.9036,0.5425,0.1189,0.253,0.1899,0.8735,0.0,0.0,0.0,0.0,344
2022-12-12,0.9178,0.5466,0.1179,0.2513,0.2037,0.8912,0.0,0.0,0.0,0.0,345
2022-12-13,0.9071,0.543,0.1189,0.2551,0.1915,0.9077,0.0,0.0,0.0,0.0,346
2022-12-14,0.9202,0.5518,0.119,0.2533,0.1912,0.9231,0.0,0.0,0.0,0.0,347
2022-12-15,0.9337,0.5815,0.1208,0.2527,0.1935,0.9373,0.0,0.0,0.0,0.0,348
2022-12-16,0.9084,0.562,0.1206,0.2519,0.1876,0.9501,0.0,0.0,0.0,0.0,349
2022-12-17,0.9122,0.5667,0.1208,0.258,0.1788,0.9616,0.0,0.0,0.0,0.0,350
2022-12-18,0.9228,0.5621,0.1207,0.2513,0.1869,0.9716,0.0,0.0,0.0,0.0,351
2022-12-19,0.9289,0.5275,0.1194,0.247,0.1925,0.9802,0.0,0.0,0.0,0.0,352
2022-12-20,0.9192,0.5666,0.1211,0.2501,0.1914,0.9873,0.0,0.0,0.0,0.0,353
2022-12-21,0.9425,0.5951,0.1226,0.2495,0.203,0.9928,0.0,0.0,0.0,0.0,354
2022-12-22,0.9169,0.6115,0.1246,0.2463,0.1776,0.9968,0.0,0.0,0.0,0.0,355
2022-12-23,0.9046,0.5816,0.1215,0.2469,0.1657,0.9992,0.0,0.0,0.0,0.0,356
2022-12-24,0.8912,0.5845,0.122,0.2448,0.1625,1.0,0.0,0.0,0.0,0.0,357
2022-12-25,0.886,0.5738,0.1222,0.2421,0.1434,0.9992,0.0,0.0,0.0,0.0,358
2022-12-26,0.8885,0.5774,0.1211,0.2381,0.1418,0.9968,0.0,0.0,0.0,0.0,359
2022-12-27,0.868,0.5956,0.1215,0.2354,0.1337,0.9928,0.0,0.0,0.0,0.0,360
2022-12-28,0.8509,0.6056,0.1221,0.2401,0.1203,0.9873,0.0,0.0,0.0,0.0,361
2022-12-29,0.8416,0.6156,0.1221,0.2406,0.1127,0.9802,0.0,0.0,0.0,0.0,362
2022-12-30,0.8396,0.6325,0.1221,0.2381,0.1168,0.9716,0.0,0.0,0.0,0.0,363
2022-12-31,0.8484,0.6716,0.1233,0.2393,0.124,0.9616,0.0,0.0,0.0,0.0,364
2023-01-01,0.8435,0.6658,0.1254,0.2359,0.1207,0.9501,0.0,0.0,0.0,0.0,365
2023-01-02,0.8576,0.6975,0.124,0.2378,0.1281,0.9373,0.0,0.0,0.0,0.0,366
2023-01-03,0.8538,0.6878,0.1244,0.2397,0.1368,0.9231,0.0,0.0,0.0,0.0,367
2023-01-04,0.8448,0.7083,0.1233,0.2441,0.122,0.9077,0.0,0.0,0.0,0.0,368
2023-01-05,0.8484,0.7216,0.1218,0.2468,0.1253,0.8912,0.0,0.0,0.0,0.0,369
2023-01-06,0.8445,0.758,0.1239,0.2486,0.1171,0.8735,0.0,0.0,0.0,0.0,370
2023-01-07,0.8286,0.7389,0.1247,0.2458,0.1069,0.8549,0.0,0.0,0.0,0.0,371
2023-01-08,0.825,0.736,0.1246,0.2501,0.1114,0.8353,0.0,0.0,0.0,0.0,372
2023-01-09,0.8241,0.7202,0.1245,0.2472,0.1059,0.8148,0.0,0.0,0.0,0.0,373
2023-01-10,0.8323,0.6986,0.1262,0.2495,0.1187,0.7936,0.0,0.0,0.0,0.0,374
2023-01-11,0.8277,0.6595,0.126,0.2486,0.129,0.7717,0.0,0.0,0.0,0.0,375
2023-01-12,0.8306,0.6572,0.1246,0.2446,0.1192,0.7492,0.0,0.0,0.0,0.0,376
2023-01-13,0.8344,0.6786,0.124,0.2476,0.1248,0.7261,0.0,0.0,0.0,0.0,377
2023-01-14,0.8299,0.6592,0.1235,0.2494,0.1246,0.7027,0.0,0.0,0.0,0.0,378
2023-01-15,0.877,0.6369,0.1213,0.2464,0.169,0.679,0.0,0.0,0.0,0.0,379
2023-01-16,0.8971,0.6093,0.1237,0.2441,0.1796,0.6549,0.0,0.0,0.0,0.0,380
2023-01-17,0.8945,0.6132,0.123,0.2358,0.1847,0.6308,0.0,0.0,0.0,0.0,381
2023-01-18,0.899,0.6106,0.1239,0.2405,0.1988,0.6065,0.0,0.0,0.0,0.0,382
2023-01-19,0.9196,0.576,0.1227,0.2405,0.2104,0.5823,0.0,0.0,0.0,0.0,383
2023-01-20,0.9021,0.5816,0.1208,0.2396,0.1845,0.5581,0.0,0.0,0.0,0.0,384
2023-01-21,0.8896,0.581,0.123,0.2418,0.1757,0.5341,0.0,0.0,0.0,0.0,385
2023-01-22,0.8801,0.6187,0.123,0.2424,0.1654,0.5103,0.0,0.0,0.0,0.0,386
2023-01-23,0.8868,0.6385,0.1225,0.2412,0.1847,0.4868,0.0,0.0,0.0,0.0,387
2023-01-24,0.8921,0.6239,0.122,0.2403,0.184,0.4636,0.0,0.0,0.0,0.0,388
2023-01-25,0.8767,0.6132,0.122,0.2446,0.1693,0.4408,0.0,0.0,0.0,0.0,389
2023-01-26,0.8627,0.6031,0.1237,0.2444,0.155,0.4184,0.0,0.0,0.0,0.0,390
2023-01-27,0.86,0.6221,0.1243,0.2445,0.1428,0.3966,0.0,0.0,0.0,0.0,391
2023-01-28,0.8513,0.6096,0.1251,0.2444,0.1459,0.3753,0.0,0.0,0.0,0.0,392
2023-01-29,0.8613,0.5495,0.122,0.2424,0.1581,0.3546,0.0,0.0,0.0,0.0,393
2023-01-30,0.8519,0.5189,0.1214,0.2491,0.1495,0.3345,0.0,0.0,0.0,0.0,394
2023-01-31,0.8405,0.5556,0.1226,0.2523,0.1338,0.315,0.0,0.0,0.0,0.0,395
2023-02-01,0.8337,0.5677,0.124,0.2537,0.1393,0.2962,0.0,0.0,0.0,0.0,396
2023-02-02,0.8291,0.5788,0.1241,0.2491,0.1439,0.278,0.0,0.0,0.0,0.0,397
2023-02-03,0.8395,0.5694,0.1258,0.2477,0.1489,0.2606,0.0,0.0,0.0,0.0,398
2023-02-04,0.8325,0.5559,0.1245,0.2451,0.143,0.2439,0.0,0.0,0.0,0.0,399
2023-02-05,0.8447,0.5769,0.1253,0.2423,0.1599,0.2278,0.0,0.0,0.0,0.0,400
2023-02-06,0.8643,0.5555,0.1249,0.2391,0.1815,0.2125,0.0,0.0,0.0,0.0,401
2023-02-07,0.8624,0.5514,0.1246,0.2434,0.18,0.1979,0.0,0.0,0.0,0.0,402
2023-02-08,0.8648,0.5267,0.1254,0.2412,0.1684,0.184,0.0,0.0,0.0,0.0,403
2023-02-09,0.8408,0.533,0.1245,0.2384,0.1528,0.1708,0.0,0.0,0.0,0.0,404
2023-02-10,0.8275,0.4998,0.1247,0.2338,0.1397,0.1583,0.0,0.0,0.0,0.0,405
2023-02-11,0.829,0.5024,0.1242,0.2337,0.1411,0.1465,0.0,0.0,0.0,0.0,406
2023-02-12,0.8081,0.5332,0.1253,0.2325,0.1345,0.1353,0.0,0.0,0.0,0.0,407
2023-02-13,0.851,0.5587,0.1243,0.2403,0.1652,0.1248,0.0,0.0,0.0,0.0,408
2023-02-14,0.8448,0.5778,0.1254,0.2373,0.1553,0.115,0.0,0.0,0.0,0.0,409
2023-02-15,0.8255,0.6042,0.1272,0.237,0.1418,0.1057,0.0,0.0,0.0,0.0,410
2023-02-16,0.8034,0.576,0.1255,0.2362,0.1275,0.097,0.0,0.0,0.0,0.0,411
2023-02-17,0.8122,0.5973,0.1254,0.23,0.1317,0.0889,0.0,0.0,0.0,0.0,412
2023-02-18,0.8037,0.5969,0.1235,0.2281,0.1232,0.0814,0.0,0.0,0.0,0.0,413
2023-02-19,0.7961,0.6097,0.1226,0.2253,0.1127,0.0743,0.0,0.0,0.0,0.0,414
2023-02-20,0.7863,0.5408,0.1222,0.2204,0.1133,0.0678,0.0,0.0,0.0,0.0,415
2023-02-21,0.7734,0.5489,0.1209,0.2271,0.102,0.0617,0.0,0.0,0.0,0.0,416
2023-02-22,0.7768,0.558,0.1207,0.2287,0.0967,0.0561,0.0,0.0,0.0,0.0,417
2023-02-23,0.7747,0.5624,0.1207,0.2278,0.0976,0.051,0.0,0.0,0.0,0.0,418
2023-02-24,0.7601,0.5224,0.119,0.2299,0.0952,0.0462,0.0,0.0,0.0,0.0,419
2023-02-25,0.7645,0.5518,0.1192,0.2302,0.1039,0.0418,0.0,0.0,0.0,0.0,420
2023-02-26,0.7489,0.5495,0.1194,0.2285,0.0899,0.0377,0.0,0.0,0.0,0.0,421
2023-02-27,0.7755,0.598,0.1192,0.2296,0.1038,0.034,0.0,0.0,0.0,0.0,422
2023-02-28,0.7491,0.5475,0.1208,0.2317,0.0909,0.0307,0.0,0.0,0.0,0.0,423
2023-03-01,0.7495,0.5504,0.1215,0.2291,0.0939,0.0276,0.0,0.0,0.0,0.0,424
2023-03-02,0.7415,0.5184,0.1207,0.2247,0.0872,0.0247,0.0,0.0,0.0,0.0,425
2023-03-03,0.7479,0.4954,0.1195,0.2308,0.0889,0.0222,0.0,0.0,0.0,0.0,426
2023-03-04,0.7362,0.4857,0.1184,0.2276,0.0866,0.0198,0.0,0.0,0.0,0.0,427
2023-03-05,0.7587,0.48,0.1171,0.2301,0.0956,0.0177,0.0,0.0,0.0,0.0,428
2023-03-06,0.7378,0.4576,0.1163,0.225,0.08,0.0158,0.0,0.0,0.0,0.0,429
2023-03-07,0.7478,0.4448,0.1156,0.2227,0.0919,0.0141,0.0,0.0,0.0,0.0,430
2023-03-08,0.7375,0.3883,0.1136,0.2276,0.0738,0.0125,0.0,0.0,0.0,0.0,431
2023-03-09,0.7057,0.383,0.1134,0.2279,0.0674,0.0111,0.0,0.0,0.0,0.0,432
2023-03-10,0.7183,0.36,0.1124,0.2233,0.0773,0.0098,0.0,0.0,0.0,0.0,433
2023-03-11,0.7102,0.3462,0.1112,0.2231,0.0703,0.0087,0.0,0.0,0.0,0.0,434
2023-03-12,0.7303,0.3614,0.1121,0.2292,0.0851,0.0077,0.0,0.0,0.0,0.0,435
2023-03-13,0.7541,0.3586,0.1108,0.2273,0.0946,0.0068,0.0,0.0,0.0,0.0,436
2023-03-14,0.753,0.3858,0.113,0.2273,0.0959,0.006,0.0,0.0,0.0,0.0,437
2023-03-15,0.7608,0.3447,0.1123,0.228,0.0919,0.0053,0.0,0.0,0.0,0.0,438
2023-03-16,0.7522,0.3593,0.1129,0.2294,0.0828,0.0046,0.0,0.0,0.0,0.0,439
2023-03-17,0.7069,0.3831,0.113,0.2323,0.0592,0.004,0.0,0.0,0.0,0.0,440
2023-03-18,0.6861,0.4019,0.1146,0.2303,0.065,0.0035,0.0,0.0,0.0,0.0,441
2023-03-19,0.683,0.4586,0.1127,0.2369,0.058,0.0031,0.0,0.0,0.0,0.0,442
2023-03-20,0.6598,0.461,0.1125,0.2372,0.0411,0.0027,0.0,0.0,0.0,0.0,443
2023-03-21,0.5974,0.441,0.1139,0.2345,0.0197,0.0023,0.0,0.0,0.0,0.0,444
2023-03-22,0.5662,0.4828,0.1147,0.2347,0.0206,0.002,0.0,0.0,0.0,0.0,445
2023-03-23,0.5687,0.4903,0.1166,0.2313,0.0184,0.0018,0.0,0.0,0.0,0.0,446
2023-03-24,0.5632,0.4825,0.1173,0.2296,0.0193,0.0015,0.0,0.0,0.0,0.0,447
2023-03-25,0.5754,0.5052,0.1192,0.2268,0.0203,0.0013,0.0,0.0,0.0,0.0,448
2023-03-26,0.5636,0.4905,0.118,0.2302,0.0201,0.0011,0.0,0.0,0.0,0.0,449
2023-03-27,0.5634,0.4769,0.1194,0.2321,0.0205,0.001,0.0,0.0,0.0,0.0,450
2023-03-28,0.57,0.4838,0.1205,0.231,0.019,0.0009,0.0,0.0,0.0,0.0,451
2023-03-29,0.5734,0.5053,0.1208,0.2328,0.021,0.0007,0.0,0.0,0.0,0.0,452
2023-03-30,0.5708,0.5096,0.1211,0.2345,0.0203,0.0006,0.0,0.0,0.0,0.0,453
2023-03-31,0.5711,0.5251,0.1229,0.2355,0.0207,0.0005,0.0,0.0,0.0,0.0,454
2023-04-01,0.5729,0.4977,0.1223,0.2385,0.0197,0.0005,0.0,0.0,0.0,0.0,455
2023-04-02,0.5878,0.5031,0.1225,0.2435,0.0243,0.0004,0.0,0.0,0.0,0.0,456
2023-04-03,0.5724,0.5106,0.1202,0.2444,0.0228,0.0003,0.0,0.0,0.0,0.0,457
2023-04-04,0.6292,0.4943,0.1203,0.2438,0.0434,0.0003,0.0,0.0,0.0,0.0,458
2023-04-05,0.6359,0.4455,0.1198,0.2451,0.0381,0.0002,0.0,0.0,0.0,0.0,459
2023-04-06,0.6335,0.4551,0.1199,0.2509,0.0399,0.0002,0.0,0.0,0.0,0.0,460
2023-04-07,0.6343,0.4494,0.1202,0.2511,0.0352,0.0002,0.0,0.0,0.0,0.0,461
2023-04-08,0.6449,0.4347,0.1187,0.2468,0.0455,0.0001,0.0,0.0,0.0,0.0,462
2023-04-09,0.6795,0.4491,0.1197,0.2513,0.0625,0.0001,0.0,0.0,0.0,0.0,463
2023-04-10,0.6877,0.4752,0.1188,0.2506,0.0562,0.0001,0.0,0.0,0.0,0.0,464
2023-04-11,0.6824,0.4614,0.1198,0.2433,0.0536,0.0001,0.0,0.0,0.0,0.0,465
2023-04-12,0.6741,0.4574,0.1205,0.2436,0.0408,0.0001,0.0,0.0,0.0,0.0,466
2023-04-13,0.6554,0.4535,0.1194,0.2503,0.0436,0.0001,0.0,0.0,0.0,0.0,467
2023-04-14,0.6744,0.4018,0.119,0.2482,0.0531,0.0001,0.0,0.0,0.0,0.0,468
2023-04-15,0.6736,0.3979,0.1179,0.2486,0.0491,0.0,0.0,0.0,0.0,0.0,469
2023-04-16,0.7028,0.4108,0.1191,0.2502,0.065,0.0,0.0,0.0,0.0,0.0,470
2023-04-17,0.7075,0.3995,0.1193,0.2483,0.06,0.0,0.0,0.0,0.0,0.0,471
2023-04-18,0.695,0.4223,0.1208,0.2523,0.0594,0.0,0.0,0.0,0.0,0.0,472
2023-04-19,0.7272,0.4283,0.1212,0.2513,0.0734,0.0,0.0,0.0,0.0,0.0,473
2023-04-20,0.7305,0.4098,0.1225,0.2486,0.0761,0.0,0.0,0.0,0.0,0.0,474
2023-04-21,0.7364,0.4134,0.1228,0.2482,0.0813,0.0,0.0,0.0,0.0,0.0,475
2023-04-22,0.7226,0.4122,0.1219,0.2444,0.0672,0.0,0.0,0.0,0.0,0.0,476
2023-04-23,0.7113,0.4214,0.1209,0.2447,0.0622,0.0,0.0,0.0,0.0,0.0,477
2023-04-24,0.7043,0.4166,0.1193,0.2436,0.0547,0.0,0.0,0.0,0.0,0.0,478
2023-04-25,0.7059,0.3875,0.1181,0.2438,0.0585,0.0,0.0,0.0,0.0,0.0,479
2023-04-26,0.6963,0.3776,0.1176,0.2434,0.062,0.0,0.0,0.0,0.0,0.0,480
2023-04-27,0.6859,0.3765,0.1165,0.2448,0.0531,0.0,0.0,0.0,0.0,0.0,481
2023-04-28,0.6856,0.3861,0.117,0.2478,0.0503,0.0,0.0,0.0,0.0,0.0,482
2023-04-29,0.6749,0.3376,0.115,0.2508,0.0466,0.0,0.0,0.0,0.0,0.0,483
2023-04-30,0.706,0.3127,0.1156,0.2488,0.0698,0.0,0.0,0.0,0.0,0.0,484
2023-05-01,0.7266,0.3049,0.114,0.2445,0.0697,0.0,0.0,0.0,0.0,0.0,485
2023-05-02,0.7264,0.305,0.1119,0.2444,0.0733,0.0,0.0,0.0,0.0,0.0,486
2023-05-03,0.757,0.3425,0.1134,0.2444,0.0911,0.0,0.0,0.0,0.0,0.0,487
2023-05-04,0.7404,0.3661,0.1133,0.2429,0.0711,0.0,0.0,0.0,0.0001,0.0,488
2023-05-05,0.7305,0.3352,0.1153,0.2439,0.0668,0.0,0.0,0.0,0.0001,0.0,489
2023-05-06,0.714,0.3154,0.1141,0.246,0.063,0.0,0.0,0.0,0.0001,0.0,490
2023-05-07,0.7596,0.3564,0.116,0.2454,0.0911,0.0,0.0,0.0,0.0001,0.0,491
2023-05-08,0.7666,0.3656,0.1177,0.2528,0.0939,0.0,0.0,0.0,0.0002,0.0,492
2023-05-09,0.7858,0.4181,0.1192,0.2581,0.0937,0.0,0.0,0.0,0.0003,0.0,493
2023-05-10,0.7906,0.411,0.1185,0.253,0.0973,0.0,0.0,0.0,0.0003,0.0,494
2023-05-11,0.7884,0.4107,0.1194,0.2485,0.1019,0.0,0.0,0.0,0.0004,0.0,495
2023-05-12,0.7856,0.4034,0.1191,0.249,0.0874,0.0,0.0,0.0,0.0006,0.0,496
2023-05-13,0.7855,0.3924,0.1188,0.2482,0.0981,0.0,0.0,0.0,0.0007,0.0,497
2023-05-14,0.7789,0.4166,0.1188,0.2507,0.0915,0.0,0.0,0.0,0.0009,0.0,498
2023-05-15,0.7828,0.4155,0.1187,0.2479,0.0968,0.0,0.0,0.0,0.0012,0.0,499
2023-05-16,0.7737,0.4303,0.117,0.2495,0.0907,0.0,0.0,0.0,0.0015,0.0,500
2023-05-17,0.7602,0.453,0.1203,0.2531,0.0827,0.0,0.0,0.0,0.0019,0.0,501
2023-05-18,0.7597,0.4214,0.1205,0.2521,0.0805,0.0,0.0,0.0,0.0025,0.0,502
2023-05-19,0.7652,0.4083,0.1193,0.2484,0.081,0.0,0.0,0.0,0.0031,0.0,503
2023-05-20,0.7621,0.431,0.1219,0.2492,0.0799,0.0,0.0,0.0,0.0039,0.0,504
2023-05-21,0.7629,0.4258,0.1212,0.2462,0.0834,0.0,0.0,0.0,0.0048,0.0,505
2023-05-22,0.7355,0.389,0.1202,0.2402,0.0599,0.0,0.0,0.0,0.006,0.0,506
2023-05-23,0.6956,0.3816,0.1173,0.2415,0.0466,0.0,0.0,0.0,0.0074,0.0,507
2023-05-24,0.6777,0.3553,0.1181,0.2462,0.0415,0.0,0.0,0.0,0.0091,0.0,508
2023-05-25,0.6566,0.3655,0.1158,0.2496,0.0394,0.0,0.0,0.0,0.0111,0.0,509
2023-05-26,0.6857,0.3937,0.117,0.2523,0.0533,0.0,0.0,0.0,0.0135,0.0,510
2023-05-27,0.6776,0.4033,0.1193,0.2514,0.042,0.0,0.0,0.0,0.0164,0.0,511
2023-05-28,0.6751,0.4019,0.118,0.246,0.044,0.0,0.0,0.0,0.0198,0.0,512
2023-05-29,0.6758,0.3922,0.118,0.2505,0.0488,0.0,0.0,0.0,0.0239,0.0,513
2023-05-30,0.6906,0.4548,0.1181,0.246,0.0482,0.0,0.0,0.0,0.0286,0.0,514
2023-05-31,0.7122,0.4679,0.1174,0.2474,0.0619,0.0,0.0,0.0,0.034,0.0,515
2023-06-01,0.7352,0.4772,0.1165,0.2552,0.0734,0.0,0.0,0.0,0.0404,0.0,516
2023-06-02,0.7403,0.4948,0.1157,0.2569,0.0665,0.0,0.0,0.0,0.0477,0.0,517
2023-06-03,0.728,0.4771,0.1173,0.2574,0.0608,0.0,0.0,0.0,0.0561,0.0,518
2023-06-04,0.7364,0.5042,0.1166,0.2596,0.069,0.0,0.0,0.0,0.0657,0.0,519
2023-06-05,0.7319,0.5194,0.1148,0.2599,0.063,0.0,0.0,0.0,0.0766,0.0,520
2023-06-06,0.7284,0.5157,0.116,0.2615,0.0587,0.0,0.0,0.0,0.0889,0.0,521
2023-06-07,0.6815,0.5193,0.1159,0.2598,0.0401,0.0,0.0,0.0,0.1027,0.0,522
2023-06-08,0.7072,0.5389,0.1162,0.2582,0.0556,0.0,0.0,0.0,0.1182,0.0,523
2023-06-09,0.651,0.5551,0.1176,0.2564,0.0272,0.0,0.0,0.0,0.1353,0.0,524
2023-06-10,0.6207,0.5799,0.1194,0.2549,0.0228,0.0,0.0,0.0,0.1543,0.0,525
2023-06-11,0.6012,0.5892,0.1183,0.2562,0.0204,0.0,0.0,0.0,0.1751,0.0,526
2023-06-12,0.5999,0.5574,0.1179,0.2472,0.022,0.0,0.0,0.0,0.1979,0.0,527
2023-06-13,0.6109,0.5636,0.1178,0.2478,0.0195,0.0,0.0,0.0,0.2226,0.0,528
2023-06-14,0.6152,0.5269,0.118,0.2402,0.0217,0.0,0.0,0.0,0.2494,0.0,529
2023-06-15,0.601,0.5794,0.1156,0.2391,0.0188,0.0,0.0,0.0,0.278,0.0,530
2023-06-16,0.6008,0.5802,0.1179,0.2372,0.0202,0.0,0.0,0.0,0.3086,0.0,531
2023-06-17,0.6032,0.5658,0.115,0.2373,0.0188,0.0,0.0,0.0,0.3411,0.0,532
2023-06-18,0.6294,0.5769,0.1143,0.2344,0.0298,0.0,0.0,0.0,0.3753,0.0,533
2023-06-19,0.6207,0.5905,0.114,0.2352,0.0209,0.0,0.0,0.0,0.4111,0.0,534
2023-06-20,0.6086,0.5823,0.1157,0.2351,0.0221,0.0,0.0,0.0,0.4483,0.0,535
2023-06-21,0.6112,0.584,0.1153,0.2333,0.02,0.0,0.0,0.0,0.4868,0.0,536
2023-06-22,0.6161,0.604,0.1167,0.2332,0.0196,0.0,0.0,0.0,0.5261,0.0,537
2023-06-23,0.6079,0.644,0.1173,0.2343,0.0213,0.0,0.0,0.0,0.5662,0.0,538
2023-06-24,0.6069,0.6721,0.1172,0.2365,0.0202,0.0,0.0,0.0,0.6065,0.0,539
2023-06-25,0.6128,0.6342,0.117,0.2327,0.0199,0.0,0.0,0.0,0.6469,0.0,540
2023-06-26,0.6024,0.6465,0.1156,0.2358,0.0194,0.0,0.0,0.0,0.6869,0.0,541
2023-06-27,0.6026,0.6517,0.1166,0.2353,0.0198,0.0,0.0,0.0,0.7261,0.0,542
2023-06-28,0.6085,0.6055,0.1169,0.2388,0.0212,0.0,0.0,0.0,0.7642,0.0,543
2023-06-29,0.6275,0.6513,0.119,0.2342,0.0212,0.0,0.0,0.0,0.8007,0.0,544
2023-06-30,0.6165,0.6194,0.1195,0.237,0.0213,0.0,0.0,0.0,0.8353,0.0,545
2023-07-01,0.6229,0.6342,0.1205,0.233,0.0215,0.0,0.0,0.0,0.8674,0.0,546
2023-07-02,0.6098,0.6552,0.1203,0.2323,0.0198,0.0,0.0,0.0,0.8968,0.0,547
2023-07-03,0.6238,0.663,0.1198,0.2329,0.0272,0.0,0.0,0.0,0.9231,0.0,548
2023-07-04,0.624,0.6993,0.1213,0.2329,0.0192,0.0,0.0,0.0,0.946,0.0,549
2023-07-05,0.6453,0.7014,0.1208,0.2325,0.0307,0.0,0.0,0.0,0.9651,0.0,550
2023-07-06,0.6784,0.7283,0.1191,0.2392,0.0472,0.0,0.0,0.0,0.9802,0.0,551
2023-07-07,0.7217,0.754,0.1212,0.2436,0.0575,0.0,0.0,0.0,0.9912,0.0,552
2023-07-08,0.7098,0.7686,0.1223,0.2435,0.0475,0.0,0.0,0.0,0.9978,0.0,553
2023-07-09,0.7519,0.7472,0.122,0.243,0.0684,0.0,0.0,0.0,1.0,0.0,554
2023-07-10,0.7221,0.7257,0.1217,0.2364,0.0561,0.0,0.0,0.0,0.9978,0.0,555
2023-07-11,0.7359,0.7193,0.1229,0.2377,0.0538,0.0,0.0,0.0,0.9912,0.0,556
2023-07-12,0.7201,0.6952,0.1222,0.2353,0.0525,0.0,0.0,0.0,0.9802,0.0,557
2023-07-13,0.7594,0.6729,0.1204,0.2446,0.0733,0.0,0.0,0.0,0.9651,0.0,558
2023-07-14,0.7958,0.645,0.1201,0.2359,0.0908,0.0,0.0,0.0,0.946,0.0,559
2023-07-15,0.8138,0.6212,0.1189,0.2327,0.1002,0.0,0.0,0.0,0.9231,0.0,560
2023-07-16,0.8122,0.6028,0.12,0.2353,0.0914,0.0,0.0,0.0,0.8968,0.0,561
2023-07-17,0.8064,0.6062,0.12,0.2359,0.0917,0.0,0.0,0.0,0.8674,0.0,562
2023-07-18,0.8191,0.6001,0.1209,0.2347,0.101,0.0,0.0,0.0,0.8353,0.0,563
2023-07-19,0.8452,0.6241,0.1219,0.2355,0.1159,0.0,0.0,0.0,0.8007,0.0,564
2023-07-20,0.8454,0.6302,0.1211,0.2295,0.1189,0.0,0.0,0.0,0.7642,0.0,565
2023-07-21,0.8301,0.6433,0.1241,0.2297,0.1023,0.0,0.0,0.0,0.7261,0.0,566
2023-07-22,0.83,0.6405,0.1221,0.229,0.0986,0.0,0.0,0.0,0.6869,0.0,567
2023-07-23,0.8265,0.676,0.1224,0.2294,0.0945,0.0,0.0,0.0,0.6469,0.0,568
2023-07-24,0.8132,0.6839,0.1227,0.2283,0.0916,0.0,0.0,0.0,0.6065,0.0,569
2023-07-25,0.8057,0.71,0.1224,0.2304,0.0892,0.0,0.0,0.0,0.5662,0.0,570
2023-07-26,0.8051,0.6887,0.1212,0.229,0.0857,0.0,0.0,0.0,0.5261,0.0,571
2023-07-27,0.8119,0.6998,0.1219,0.2286,0.0976,0.0,0.0,0.0,0.4868,0.0,572
2023-07-28,0.8254,0.7436,0.1222,0.2222,0.1024,0.0,0.0,0.0,0.4483,0.0,573
2023-07-29,0.8325,0.7335,0.1206,0.2251,0.1007,0.0,0.0,0.0,0.4111,0.0,574
2023-07-30,0.8416,0.7128,0.1213,0.2254,0.1191,0.0,0.0,0.0,0.3753,0.0,575
2023-07-31,0.8464,0.7164,0.1204,0.2257,0.1068,0.0,0.0,0.0,0.3411,0.0,576
2023-08-01,0.8479,0.6837,0.1181,0.2254,0.1132,0.0,0.0,0.0,0.3086,0.0,577
2023-08-02,0.8607,0.6751,0.1186,0.2221,0.1226,0.0,0.0,0.0,0.278,0.0,578
2023-08-03,0.8763,0.6595,0.1167,0.2206,0.1381,0.0,0.0,0.0,0.2494,0.0,579
2023-08-04,0.8902,0.6329,0.117,0.2165,0.1491,0.0,0.0,0.0,0.2226,0.0,580
2023-08-05,0.8934,0.6219,0.1154,0.2174,0.1507,0.0,0.0,0.0,0.1979,0.0,581
2023-08-06,0.8904,0.6624,0.1155,0.2161,0.1508,0.0,0.0,0.0,0.1751,0.0,582
2023-08-07,0.8926,0.605,0.1157,0.215,0.142,0.0,0.0,0.0,0.1543,0.0,583
2023-08-08,0.8979,0.629,0.1178,0.2224,0.1506,0.0,0.0,0.0,0.1353,0.0,584
2023-08-09,0.9001,0.6061,0.1171,0.2214,0.1576,0.0,0.0,0.0,0.1182,0.0,585
2023-08-10,0.8972,0.6276,0.1151,0.2144,0.1606,0.0,0.0,0.0,0.1027,0.0,586
2023-08-11,0.8998,0.6024,0.1165,0.2148,0.1495,0.0,0.0,0.0,0.0889,0.0,587
2023-08-12,0.8968,0.631,0.1149,0.2164,0.139,0.0,0.0,0.0,0.0766,0.0,588
2023-08-13,0.8959,0.6648,0.1143,0.2189,0.1544,0.0,0.0,0.0,0.0657,0.0,589
2023-08-14,0.895,0.6869,0.1135,0.2193,0.1576,0.0,0.0,0.0,0.0561,0.0,590
2023-08-15,0.8846,0.7131,0.1158,0.2224,0.1402,0.0,0.0,0.0,0.0477,0.0,591
2023-08-16,0.8877,0.7233,0.1145,0.2162,0.1414,0.0,0.0,0.0,0.0404,0.0,592
2023-08-17,0.8852,0.7408,0.1154,0.2239,0.1426,0.0,0.0,0.0,0.034,0.0,593
2023-08-18,0.8627,0.7652,0.1131,0.2279,0.1181,0.0,0.0,0.0,0.0286,0.0,594
2023-08-19,0.8463,0.7758,0.1142,0.2333,0.1054,0.0,0.0,0.0,0.0239,0.0,595
2023-08-20,0.8262,0.7747,0.1118,0.23,0.0966,0.0,0.0,0.0,0.0198,0.0,596
2023-08-21,0.855,0.7499,0.113,0.2295,0.1146,0.0,0.0,0.0,0.0164,0.0,597
2023-08-22,0.8386,0.6994,0.1104,0.2256,0.1019,0.0,0.0,0.0,0.0135,0.0,598
2023-08-23,0.8612,0.6771,0.1087,0.2238,0.1276,0.0,0.0,0.0,0.0111,0.0,599
2023-08-24,0.8498,0.6619,0.1106,0.224,0.1107,0.0,0.0,0.0,0.0091,0.0,600
2023-08-25,0.8449,0.6711,0.1098,0.2183,0.1094,0.0,0.0,0.0,0.0074,0.0,601
2023-08-26,0.8533,0.693,0.1133,0.2229,0.1168,0.0,0.0,0.0,0.006,0.0,602
2023-08-27,0.8623,0.6876,0.1132,0.2218,0.1197,0.0,0.0,0.0,0.0048,0.0,603
2023-08-28,0.8448,0.6654,0.1125,0.22,0.1027,0.0,0.0,0.0,0.0039,0.0,604
2023-08-29,0.8462,0.6442,0.1146,0.2224,0.1096,0.0,0.0,0.0,0.0031,0.0,605
2023-08-30,0.8398,0.6526,0.1142,0.2231,0.1009,0.0,0.0,0.0,0.0025,0.0,606
2023-08-31,0.8297,0.6549,0.114,0.221,0.0985,0.0,0.0,0.0,0.0019,0.0,607
2023-09-01,0.8351,0.6313,0.1137,0.2182,0.1012,0.0,0.0,0.0,0.0015,0.0,608
2023-09-02,0.8366,0.6289,0.112,0.212,0.11,0.0,0.0,0.0,0.0012,0.0,609
2023-09-03,0.8553,0.6761,0.1118,0.2082,0.1168,0.0,0.0,0.0,0.0009,0.0,610
2023-09-04,0.8778,0.6718,0.1118,0.2054,0.1319,0.0,0.0001,0.0,0.0007,0.0,611
2023-09-05,0.867,0.6663,0.1109,0.2057,0.1197,0.0,0.0001,0.0,0.0006,0.0,612
2023-09-06,0.8528,0.6842,0.1113,0.206,0.1084,0.0,0.0001,0.0,0.0004,0.0,613
2023-09-07,0.8463,0.7095,0.1127,0.2074,0.1114,0.0,0.0001,0.0,0.0003,0.0,614
2023-09-08,0.8666,0.6976,0.1105,0.2086,0.1199,0.0,0.0001,0.0,0.0003,0.0,615
2023-09-09,0.8437,0.7156,0.1092,0.2097,0.103,0.0,0.0001,0.0,0.0002,0.0,616
2023-09-10,0.8274,0.6635,0.1097,0.2069,0.0815,0.0,0.0001,0.0,0.0001,0.0,617
2023-09-11,0.8012,0.6513,0.11,0.2033,0.0828,0.0,0.0002,0.0,0.0001,0.0,618
2023-09-12,0.7928,0.662,0.1099,0.2051,0.0723,0.0,0.0002,0.0,0.0001,0.0,619
2023-09-13,0.7795,0.6492,0.1099,0.2026,0.0688,0.0,0.0002,0.0,0.0001,0.0,620
2023-09-14,0.7738,0.6528,0.11,0.2028,0.0704,0.0,0.0003,0.0,0.0,0.0,621
2023-09-15,0.8024,0.628,0.1073,0.1958,0.0852,0.0,0.0003,0.0,0.0,0.0,622
2023-09-16,0.8255,0.6177,0.1071,0.1966,0.0934,0.0,0.0004,0.0,0.0,0.0,623
2023-09-17,0.8038,0.6643,0.1087,0.1951,0.0848,0.0,0.0005,0.0,0.0,0.0,624
2023-09-18,0.8331,0.6577,0.1085,0.1972,0.1007,0.0,0.0005,0.0,0.0,0.0,625
2023-09-19,0.8363,0.6631,0.1074,0.1981,0.1003,0.0,0.0006,0.0,0.0,0.0,626
2023-09-20,0.8239,0.6593,0.1062,0.1964,0.0887,0.0,0.0007,0.0,0.0,0.0,627
2023-09-21,0.8075,0.6645,0.1056,0.1976,0.0758,0.0,0.0009,0.0,0.0,0.0,628
2023-09-22,0.7885,0.6568,0.1057,0.2018,0.0707,0.0,0.001,0.0,0.0,0.0,629
2023-09-23,0.788,0.6524,0.1067,0.2034,0.0762,0.0,0.0011,0.0,0.0,0.0,630
2023-09-24,0.7959,0.6415,0.1063,0.1972,0.0819,0.0,0.0013,0.0,0.0,0.0,631
2023-09-25,0.8088,0.6371,0.104,0.2007,0.0851,0.0,0.0015,0.0,0.0,0.0,632
2023-09-26,0.8266,0.6402,0.104,0.1963,0.094,0.0,0.0018,0.0,0.0,0.0,633
2023-09-27,0.8066,0.6561,0.103,0.1987,0.0803,0.0,0.002,0.0,0.0,0.0,634
2023-09-28,0.8041,0.6398,0.1031,0.1987,0.0815,0.0,0.0023,0.0,0.0,0.0,635
2023-09-29,0.797,0.6101,0.1041,0.1971,0.0685,0.0,0.0027,0.0,0.0,0.0,636
2023-09-30,0.7848,0.627,0.1049,0.1933,0.075,0.0,0.0031,0.0,0.0,0.0,637
2023-10-01,0.7723,0.6042,0.1042,0.195,0.0553,0.0,0.0035,0.0,0.0,0.0,638
2023-10-02,0.7386,0.6095,0.1036,0.1967,0.048,0.0,0.004,0.0,0.0,0.0,639
2023-10-03,0.795,0.6168,0.1043,0.1943,0.0843,0.0,0.0046,0.0,0.0,0.0,640
2023-10-04,0.8122,0.6182,0.1054,0.1895,0.0891,0.0,0.0053,0.0,0.0,0.0,641
2023-10-05,0.8389,0.5873,0.1047,0.1913,0.1026,0.0,0.006,0.0,0.0,0.0,642
2023-10-06,0.8395,0.5864,0.1029,0.2012,0.102,0.0,0.0068,0.0,0.0,0.0,643
2023-10-07,0.8438,0.5626,0.103,0.1967,0.095,0.0,0.0077,0.0,0.0,0.0,644
2023-10-08,0.8242,0.584,0.1046,0.1949,0.0815,0.0,0.0087,0.0,0.0,0.0,645
2023-10-09,0.8087,0.5721,0.1046,0.1962,0.0784,0.0,0.0098,0.0,0.0,0.0,646
2023-10-10,0.8413,0.6015,0.1046,0.1952,0.0999,0.0,0.0111,0.0,0.0,0.0,647
2023-10-11,0.8667,0.6268,0.1047,0.1971,0.1176,0.0,0.0125,0.0,0.0,0.0,648
2023-10-12,0.8815,0.6349,0.1067,0.1971,0.1306,0.0,0.0141,0.0,0.0,0.0,649
2023-10-13,0.9042,0.6586,0.1055,0.1984,0.1493,0.0,0.0158,0.0,0.0,0.0,650
2023-10-14,0.9121,0.6795,0.1079,0.199,0.1455,0.0,0.0177,0.0,0.0,0.0,651
2023-10-15,0.8867,0.6743,0.1087,0.1892,0.1171,0.0,0.0198,0.0,0.0,0.0,652
2023-10-16,0.8825,0.6721,0.1074,0.1884,0.1208,0.0,0.0222,0.0,0.0,0.0,653
2023-10-17,0.8909,0.6818,0.1095,0.1881,0.1198,0.0,0.0247,0.0,0.0,0.0,654
2023-10-18,0.9004,0.6877,0.1089,0.1933,0.1456,0.0,0.0276,0.0,0.0,0.0,655
2023-10-19,0.921,0.725,0.1108,0.189,0.1501,0.0,0.0307,0.0,0.0,0.0,656
2023-10-20,0.9083,0.7066,0.1085,0.1861,0.1386,0.0,0.034,0.0,0.0,0.0,657
2023-10-21,0.9208,0.7392,0.1104,0.1879,0.1533,0.0,0.0377,0.0,0.0,0.0,658
2023-10-22,0.9089,0.7667,0.1096,0.1884,0.1415,0.0,0.0418,0.0,0.0,0.0,659
2023-10-23,0.9288,0.7801,0.1112,0.1913,0.153,0.0,0.0462,0.0,0.0,0.0,660
2023-10-24,0.9194,0.7808,0.1101,0.1904,0.1404,0.0,0.051,0.0,0.0,0.0,661
2023-10-25,0.8949,0.7883,0.1093,0.1832,0.1238,0.0,0.0561,0.0,0.0,0.0,662
2023-10-26,0.8728,0.7866,0.1108,0.1871,0.0979,0.0,0.0617,0.0,0.0,0.0,663
2023-10-27,0.8683,0.775,0.1101,0.186,0.1066,0.0,0.0678,0.0,0.0,0.0,664
2023-10-28,0.89,0.7498,0.11,0.1836,0.1318,0.0,0.0743,0.0,0.0,0.0,665
2023-10-29,0.9042,0.7478,0.1096,0.18,0.1364,0.0,0.0814,0.0,0.0,0.0,666
2023-10-30,0.9025,0.7562,0.1095,0.1789,0.1375,0.0,0.0889,0.0,0.0,0.0,667
2023-10-31,0.9101,0.7269,0.1092,0.1806,0.1367,0.0,0.097,0.0,0.0,0.0,668
2023-11-01,0.9271,0.7206,0.1095,0.1815,0.1505,0.0,0.1057,0.0,0.0,0.0,669
2023-11-02,0.9148,0.713,0.1086,0.1791,0.1413,0.0,0.115,0.0,0.0,0.0,670
2023-11-03,0.9199,0.7194,0.1082,0.1836,0.1392,0.0,0.1248,0.0,0.0,0.0,671
2023-11-04,0.928,0.6912,0.1076,0.1852,0.1297,0.0,0.1353,0.0,0.0,0.0,672
2023-11-05,0.9171,0.6994,0.1079,0.1837,0.1347,0.0,0.1465,0.0,0.0,0.0,673
2023-11-06,0.9166,0.6865,0.1068,0.1825,0.1361,0.0,0.1583,0.0,0.0,0.0,674
2023-11-07,0.9327,0.6694,0.1051,0.176,0.1534,0.0,0.1708,0.0,0.0,0.0,675
2023-11-08,0.9491,0.6828,0.1042,0.1789,0.1482,0.0,0.184,0.0,0.0,0.0,676
2023-11-09,0.9335,0.6967,0.1031,0.1745,0.1453,0.0,0.1979,0.0,0.0,0.0,677
2023-11-10,0.9572,0.6986,0.1037,0.1774,0.1703,0.0,0.2125,0.0,0.0,0.0,678
2023-11-11,0.9602,0.7115,0.1059,0.1748,0.1723,0.0,0.2278,0.0,0.0,0.0,679
2023-11-12,0.965,0.7423,0.1059,0.1736,0.1722,0.0,0.2439,0.0,0.0,0.0,680
2023-11-13,0.9789,0.7551,0.1072,0.172,0.183,0.0,0.2606,0.0,0.0,0.0,681
2023-11-14,0.9914,0.7122,0.109,0.1719,0.1838,0.0,0.278,0.0,0.0,0.0,682
2023-11-15,0.9957,0.714,0.1075,0.1762,0.179,0.0,0.2962,0.0,0.0,0.0,683
2023-11-16,0.9851,0.749,0.1085,0.1799,0.1742,0.0,0.315,0.0,0.0,0.0,684
2023-11-17,0.9932,0.7445,0.1072,0.1793,0.1834,0.0,0.3345,0.0,0.0,0.0,685
2023-11-18,0.9731,0.7366,0.1076,0.1845,0.1598,0.0,0.3546,0.0,0.0,0.0,686
2023-11-19,0.9738,0.7156,0.1064,0.183,0.16,0.0,0.3753,0.0,0.0,0.0,687
2023-11-20,0.9919,0.7167,0.1072,0.1772,0.1774,0.0,0.3966,0.0,0.0,0.0,688
2023-11-21,1.002,0.6906,0.1071,0.1758,0.1839,0.0,0.4184,0.0,0.0,0.0,689
2023-11-22,1.0034,0.657,0.106,0.1744,0.1981,0.0,0.4408,0.0,0.0,0.0,690
2023-11-23,1.012,0.6216,0.1063,0.1754,0.1997,0.0,0.4636,0.0,0.0,0.0,691
2023-11-24,1.0198,0.6696,0.1076,0.1764,0.2099,0.0,0.4868,0.0,0.0,0.0,692
2023-11-25,1.0213,0.6661,0.1084,0.1695,0.191,0.0,0.5103,0.0,0.0,0.0,693
2023-11-26,1.0048,0.6686,0.1098,0.1679,0.1696,0.0,0.5341,0.0,0.0,0.0,694
2023-11-27,0.9871,0.6918,0.1099,0.1725,0.147,0.0,0.5581,0.0,0.0,0.0,695
2023-11-28,0.9691,0.6808,0.1118,0.1755,0.1363,0.0,0.5823,0.0,0.0,0.0,696
2023-11-29,0.9718,0.6517,0.1113,0.1679,0.1358,0.0,0.6065,0.0,0.0,0.0,697
2023-11-30,0.9719,0.6665,0.1098,0.1705,0.1427,0.0,0.6308,0.0,0.0,0.0,698
2023-12-01,0.9875,0.6755,0.1101,0.168,0.1507,0.0,0.6549,0.0,0.0,0.0,699
2023-12-02,0.9895,0.6645,0.1101,0.172,0.1524,0.0,0.679,0.0,0.0,0.0,700
2023-12-03,0.9912,0.6436,0.1106,0.1773,0.1608,0.0,0.7027,0.0,0.0,0.0,701
2023-12-04,1.0041,0.6613,0.1111,0.1849,0.1607,0.0,0.7261,0.0,0.0,0.0,702
2023-12-05,0.9963,0.6719,0.1092,0.1885,0.1594,0.0,0.7492,0.0,0.0,0.0,703
2023-12-06,0.9988,0.6688,0.1108,0.1863,0.1439,0.0,0.7717,0.0,0.0,0.0,704
2023-12-07,0.9839,0.6596,0.1093,0.1871,0.1298,0.0,0.7936,0.0,0.0,0.0,705
2023-12-08,0.9763,0.6839,0.1104,0.1863,0.1275,0.0,0.8148,0.0,0.0,0.0,706
2023-12-09,0.9693,0.7011,0.1111,0.187,0.1215,0.0,0.8353,0.0,0.0,0.0,707
2023-12-10,0.9287,0.6825,0.1115,0.183,0.087,0.0,0.8549,0.0,0.0,0.0,708
2023-12-11,0.8954,0.6708,0.112,0.179,0.068,0.0,0.8735,0.0,0.0,0.0,709
2023-12-12,0.8664,0.6634,0.1111,0.1795,0.0538,0.0,0.8912,0.0,0.0,0.0,710
2023-12-13,0.8597,0.6218,0.1084,0.1772,0.0599,0.0,0.9077,0.0,0.0,0.0,711
2023-12-14,0.8351,0.6394,0.1095,0.1761,0.0462,0.0,0.9231,0.0,0.0,0.0,712
2023-12-15,0.8386,0.6265,0.1078,0.1738,0.0487,0.0,0.9373,0.0,0.0,0.0,713
2023-12-16,0.7986,0.6231,0.1078,0.1704,0.0325,0.0,0.9501,0.0,0.0,0.0,714
2023-12-17,0.8162,0.6293,0.108,0.1703,0.0429,0.0,0.9616,0.0,0.0,0.0,715
2023-12-18,0.8255,0.6247,0.1073,0.1685,0.0475,0.0,0.9716,0.0,0.0,0.0,716
2023-12-19,0.7929,0.6259,0.1069,0.1704,0.0321,0.0,0.9802,0.0,0.0,0.0,717
2023-12-20,0.7467,0.634,0.1055,0.1717,0.0155,0.0,0.9873,0.0,0.0,0.0,718
2023-12-21,0.7432,0.6098,0.1054,0.1719,0.0178,0.0,0.9928,0.0,0.0,0.0,719
2023-12-22,0.7346,0.5921,0.1065,0.1668,0.017,0.0,0.9968,0.0,0.0,0.0,720
2023-12-23,0.7344,0.5759,0.1074,0.1683,0.0167,0.0,0.9992,0.0,0.0,0.0,721
2023-12-24,0.7248,0.5586,0.1061,0.1679,0.016,0.0,1.0,0.0,0.0,0.0,722
2023-12-25,0.7347,0.5534,0.1042,0.1649,0.0153,0.0,0.9992,0.0,0.0,0.0,723
2023-12-26,0.7361,0.5473,0.1051,0.1617,0.0162,0.0,0.9968,0.0,0.0,0.0,724
2023-12-27,0.7466,0.5382,0.1054,0.1624,0.0231,0.0,0.9928,0.0,0.0,0.0,725
2023-12-28,0.7426,0.5646,0.1063,0.1661,0.0161,0.0,0.9873,0.0,0.0,0.0,726
2023-12-29,0.7283,0.5432,0.106,0.1673,0.0156,0.0,0.9802,0.0,0.0,0.0,727
2023-12-30,0.7385,0.5196,0.108,0.1586,0.0171,0.0,0.9716,0.0,0.0,0.0,728
2023-12-31,0.7383,0.5274,0.1067,0.1613,0.0173,0.0,0.9616,0.0,0.0,0.0,729
2024-01-01,0.7396,0.5092,0.1089,0.1607,0.0171,0.0,0.9501,0.0,0.0,0.0,730
2024-01-02,0.7279,0.4923,0.1088,0.1545,0.0169,0.0,0.9373,0.0,0.0,0.0,731
2024-01-03,0.7505,0.5105,0.1078,0.1519,0.0249,0.0,0.9231,0.0,0.0,0.0,732
2024-01-04,0.7879,0.5353,0.1084,0.1546,0.0377,0.0,0.9077,0.0,0.0,0.0,733
2024-01-05,0.7981,0.508,0.1067,0.1513,0.037,0.0,0.8912,0.0,0.0,0.0,734
2024-01-06,0.7876,0.5262,0.1089,0.1545,0.0307,0.0,0.8735,0.0,0.0,0.0,735
2024-01-07,0.7746,0.4613,0.1064,0.1489,0.0273,0.0,0.8549,0.0,0.0,0.0,736
2024-01-08,0.7505,0.4556,0.1086,0.1476,0.0236,0.0,0.8353,0.0,0.0,0.0,737
2024-01-09,0.7898,0.4418,0.1064,0.1504,0.0347,0.0,0.8148,0.0,0.0,0.0,738
2024-01-10,0.7984,0.4129,0.1074,0.1528,0.0416,0.0,0.7936,0.0,0.0,0.0,739
2024-01-11,0.815,0.3963,0.1065,0.1521,0.0476,0.0,0.7717,0.0,0.0,0.0,740
2024-01-12,0.8288,0.3942,0.1067,0.1521,0.0522,0.0,0.7492,0.0,0.0,0.0,741
2024-01-13,0.8349,0.377,0.1063,0.1491,0.0487,0.0,0.7261,0.0,0.0,0.0,742
2024-01-14,0.8133,0.3602,0.1072,0.1496,0.0468,0.0,0.7027,0.0,0.0,0.0,743
2024-01-15,0.8273,0.3586,0.1063,0.1485,0.0592,0.0,0.679,0.0,0.0,0.0,744
2024-01-16,0.858,0.4379,0.1089,0.1554,0.0665,0.0,0.6549,0.0,0.0,0.0,745
2024-01-17,0.8447,0.4314,0.1076,0.1585,0.0585,0.0,0.6308,0.0,0.0,0.0,746
2024-01-18,0.8432,0.4526,0.1096,0.1563,0.0606,0.0,0.6065,0.0,0.0,0.0,747
2024-01-19,0.8672,0.3955,0.1085,0.1479,0.0778,0.0,0.5823,0.0,0.0,0.0,748
2024-01-20,0.8847,0.3568,0.1076,0.1485,0.0808,0.0,0.5581,0.0,0.0,0.0,749
2024-01-21,0.8511,0.3826,0.1081,0.1492,0.0591,0.0,0.5341,0.0,0.0,0.0,750
2024-01-22,0.8355,0.3822,0.1088,0.1525,0.058,0.0,0.5103,0.0,0.0,0.0,751
2024-01-23,0.8378,0.3497,0.1077,0.1523,0.0573,0.0,0.4868,0.0,0.0,0.0,752
2024-01-24,0.8383,0.3312,0.108,0.1529,0.0648,0.0,0.4636,0.0,0.0,0.0,753
2024-01-25,0.8253,0.3277,0.1075,0.1514,0.0483,0.0,0.4408,0.0,0.0,0.0,754
2024-01-26,0.81,0.347,0.1061,0.1529,0.0531,0.0,0.4184,0.0,0.0,0.0,755
2024-01-27,0.7913,0.3409,0.1063,0.155,0.0443,0.0,0.3966,0.0,0.0,0.0,756
2024-01-28,0.8064,0.3806,0.1086,0.1618,0.0548,0.0,0.3753,0.0,0.0,0.0,757
2024-01-29,0.8393,0.4025,0.108,0.1636,0.0713,0.0,0.3546,0.0,0.0,0.0,758
2024-01-30,0.8631,0.4213,0.11,0.1648,0.0785,0.0,0.3345,0.0,0.0,0.0,759
2024-01-31,0.8365,0.4436,0.1112,0.1669,0.0617,0.0,0.315,0.0,0.0,0.0,760
2024-02-01,0.8025,0.4322,0.1105,0.1701,0.0449,0.0,0.2962,0.0,0.0,0.0,761
2024-02-02,0.7699,0.4001,0.1104,0.1711,0.0379,0.0,0.278,0.0,0.0,0.0,762
2024-02-03,0.776,0.3806,0.1087,0.1695,0.0447,0.0,0.2606,0.0,0.0,0.0,763
2024-02-04,0.7632,0.3963,0.1115,0.1694,0.0384,0.0,0.2439,0.0,0.0,0.0,764
2024-02-05,0.7634,0.3838,0.1097,0.1675,0.039,0.0,0.2278,0.0,0.0,0.0,765
2024-02-06,0.7815,0.4383,0.1117,0.1757,0.0513,0.0,0.2125,0.0,0.0,0.0,766
2024-02-07,0.7801,0.4356,0.1109,0.1767,0.0458,0.0,0.1979,0.0,0.0,0.0,767
2024-02-08,0.7811,0.4486,0.1099,0.1785,0.0487,0.0,0.184,0.0,0.0,0.0,768
2024-02-09,0.7976,0.3902,0.1074,0.1788,0.0583,0.0,0.1708,0.0,0.0,0.0,769
2024-02-10,0.8181,0.392,0.1083,0.1768,0.0612,0.0,0.1583,0.0,0.0,0.0,770
2024-02-11,0.822,0.37,0.1071,0.1721,0.065,0.0,0.1465,0.0,0.0,0.0,771
2024-02-12,0.8396,0.3828,0.1075,0.1709,0.0756,0.0,0.1353,0.0,0.0,0.0,772
2024-02-13,0.8873,0.382,0.1114,0.1719,0.1053,0.0,0.1248,0.0,0.0,0.0,773
2024-02-14,0.8798,0.3455,0.1098,0.1742,0.0936,0.0,0.115,0.0,0.0,0.0,774
2024-02-15,0.8903,0.3408,0.1084,0.1764,0.0938,0.0,0.1057,0.0,0.0,0.0,775
2024-02-16,0.8626,0.3731,0.1095,0.1697,0.0694,0.0,0.097,0.0,0.0,0.0,776
2024-02-17,0.8378,0.3433,0.1084,0.171,0.0689,0.0,0.0889,0.0,0.0,0.0,777
2024-02-18,0.8377,0.2989,0.1069,0.1703,0.0721,0.0,0.0814,0.0,0.0,0.0,778
2024-02-19,0.856,0.3247,0.1083,0.1652,0.0821,0.0,0.0743,0.0,0.0,0.0,779
2024-02-20,0.856,0.3211,0.1076,0.1677,0.0826,0.0,0.0678,0.0,0.0,0.0,780
2024-02-21,0.8619,0.3088,0.1071,0.1588,0.081,0.0,0.0617,0.0,0.0,0.0,781
2024-02-22,0.8633,0.3489,0.1069,0.1561,0.0817,0.0,0.0561,0.0,0.0,0.0,782
2024-02-23,0.8694,0.3292,0.1082,0.1536,0.0825,0.0,0.051,0.0,0.0,0.0,783
2024-02-24,0.8358,0.3131,0.1085,0.153,0.0671,0.0,0.0462,0.0,0.0,0.0,784
2024-02-25,0.83,0.334,0.1074,0.1562,0.0712,0.0,0.0418,0.0,0.0,0.0,785
2024-02-26,0.8549,0.3355,0.106,0.1558,0.0845,0.0,0.0377,0.0,0.0,0.0,786
2024-02-27,0.8164,0.312,0.1065,0.1555,0.0601,0.0,0.034,0.0,0.0,0.0,787
2024-02-28,0.8103,0.3238,0.1051,0.1515,0.0596,0.0,0.0307,0.0,0.0,0.0,788
2024-02-29,0.7945,0.3154,0.1041,0.1549,0.0501,0.0,0.0276,0.0,0.0,0.0,789
2024-03-01,0.7716,0.3401,0.1055,0.1546,0.0422,0.0,0.0247,0.0,0.0,0.0,790
2024-03-02,0.7446,0.3274,0.1067,0.15,0.0318,0.0,0.0222,0.0,0.0,0.0,791
2024-03-03,0.7229,0.3261,0.1052,0.1465,0.0268,0.0,0.0198,0.0,0.0,0.0,792
2024-03-04,0.6892,0.3265,0.1047,0.1442,0.016,0.0,0.0177,0.0,0.0,0.0,793
2024-03-05,0.6907,0.3331,0.1059,0.1467,0.0199,0.0,0.0158,0.0,0.0,0.0,794
2024-03-06,0.7347,0.3185,0.1055,0.1448,0.0379,0.0,0.0141,0.0,0.0,0.0,795
2024-03-07,0.7047,0.3285,0.1058,0.1424,0.0214,0.0,0.0125,0.0,0.0,0.0,796
2024-03-08,0.686,0.3586,0.1063,0.1463,0.0155,0.0,0.0111,0.0,0.0,0.0,797
2024-03-09,0.6748,0.3839,0.1061,0.1434,0.0151,0.0,0.0098,0.0,0.0,0.0,798
2024-03-10,0.6712,0.3832,0.1066,0.1391,0.014,0.0,0.0087,0.0,0.0,0.0,799
2024-03-11,0.6736,0.3565,0.1068,0.1435,0.0146,0.0,0.0077,0.0,0.0,0.0,800
2024-03-12,0.6701,0.3363,0.1057,0.1414,0.0136,0.0,0.0068,0.0,0.0,0.0,801
2024-03-13,0.6753,0.3262,0.1085,0.1427,0.0153,0.0,0.006,0.0,0.0,0.0,802
2024-03-14,0.6825,0.3137,0.107,0.1483,0.0181,0.0,0.0053,0.0,0.0,0.0,803
2024-03-15,0.6825,0.3131,0.107,0.1458,0.0178,0.0,0.0046,0.0,0.0,0.0,804
2024-03-16,0.6807,0.321,0.1064,0.149,0.0183,0.0,0.004,0.0,0.0,0.0,805
2024-03-17,0.6883,0.3515,0.1056,0.1511,0.0149,0.0,0.0035,0.0,0.0,0.0,806
2024-03-18,0.6871,0.3354,0.1055,0.1491,0.0161,0.0,0.0031,0.0,0.0,0.0,807
2024-03-19,0.6665,0.3105,0.1053,0.1505,0.014,0.0,0.0027,0.0,0.0,0.0,808
2024-03-20,0.6749,0.3173,0.1046,0.1484,0.0149,0.0,0.0023,0.0,0.0,0.0,809
2024-03-21,0.6754,0.3589,0.1044,0.1422,0.015,0.0,0.002,0.0,0.0,0.0,810
2024-03-22,0.6783,0.3856,0.1049,0.1462,0.0158,0.0,0.0018,0.0,0.0,0.0,811
2024-03-23,0.6804,0.3828,0.1046,0.1479,0.0156,0.0,0.0015,0.0,0.0,0.0,812
2024-03-24,0.682,0.3856,0.1039,0.1446,0.0144,0.0,0.0013,0.0,0.0,0.0,813
2024-03-25,0.6728,0.4286,0.1044,0.1507,0.0155,0.0,0.0011,0.0,0.0,0.0,814
2024-03-26,0.676,0.3682,0.1023,0.147,0.0141,0.0,0.001,0.0,0.0,0.0,815
2024-03-27,0.6739,0.384,0.1026,0.1499,0.0144,0.0,0.0009,0.0,0.0,0.0,816
2024-03-28,0.6796,0.3868,0.1023,0.1482,0.0143,0.0,0.0007,0.0,0.0,0.0,817
2024-03-29,0.6726,0.3721,0.102,0.1485,0.0139,0.0,0.0006,0.0,0.0,0.0,818
2024-03-30,0.6745,0.3829,0.1025,0.1499,0.0162,0.0,0.0005,0.0,0.0,0.0,819
2024-03-31,0.6749,0.3436,0.101,0.1467,0.0143,0.0,0.0005,0.0,0.0,0.0,820
2024-04-01,0.6649,0.3552,0.1004,0.1488,0.0137,0.0,0.0004,0.0,0.0,0.0,821
2024-04-02,0.678,0.3853,0.1007,0.15,0.0146,0.0,0.0003,0.0,0.0,0.0,822
2024-04-03,0.6808,0.3662,0.101,0.1502,0.0149,0.0,0.0003,0.0,0.0,0.0,823
2024-04-04,0.6779,0.4058,0.1013,0.15,0.0157,0.0,0.0002,0.0,0.0,0.0,824
2024-04-05,0.68,0.4215,0.1039,0.1516,0.0142,0.0,0.0002,0.0,0.0,0.0,825
2024-04-06,0.6764,0.4279,0.1026,0.1533,0.0153,0.0,0.0002,0.0,0.0,0.0,826
2024-04-07,0.6729,0.4341,0.1019,0.1487,0.0138,0.0,0.0001,0.0,0.0,0.0,827
2024-04-08,0.6849,0.407,0.1021,0.1421,0.0137,0.0,0.0001,0.0,0.0,0.0,828
2024-04-09,0.6931,0.4209,0.1022,0.1415,0.0182,0.0,0.0001,0.0,0.0,0.0,829
2024-04-10,0.6813,0.4212,0.1015,0.141,0.0136,0.0,0.0001,0.0,0.0,0.0,830
2024-04-11,0.6863,0.4571,0.1034,0.1456,0.0154,0.0,0.0001,0.0,0.0,0.0,831
2024-04-12,0.6754,0.4768,0.1028,0.1464,0.0137,0.0,0.0001,0.0,0.0,0.0,832
2024-04-13,0.6729,0.4978,0.1033,0.1475,0.0136,0.0,0.0001,0.0,0.0,0.0,833
2024-04-14,0.6876,0.5219,0.1056,0.1497,0.0165,0.0,0.0,0.0,0.0,0.0,834
2024-04-15,0.6837,0.5002,0.1041,0.1524,0.0167,0.0,0.0,0.0,0.0,0.0,835
2024-04-16,0.6808,0.4902,0.1038,0.1507,0.016,0.0,0.0,0.0,0.0,0.0,836
2024-04-17,0.6932,0.5124,0.1061,0.1569,0.0156,0.0,0.0,0.0,0.0,0.0,837
2024-04-18,0.6968,0.5139,0.1049,0.1527,0.0174,0.0,0.0,0.0,0.0,0.0,838
2024-04-19,0.691,0.504,0.1035,0.1542,0.0162,0.0,0.0,0.0,0.0,0.0,839
2024-04-20,0.7249,0.5045,0.103,0.1541,0.0317,0.0,0.0,0.0,0.0,0.0,840
2024-04-21,0.7086,0.4754,0.1025,0.1576,0.016,0.0,0.0,0.0,0.0,0.0,841
2024-04-22,0.6916,0.4815,0.1023,0.1522,0.0145,0.0,0.0,0.0,0.0,0.0,842
2024-04-23,0.6979,0.4573,0.1012,0.1489,0.0155,0.0,0.0,0.0,0.0,0.0,843
2024-04-24,0.6926,0.493,0.1009,0.1514,0.0159,0.0,0.0,0.0,0.0,0.0,844
2024-04-25,0.6933,0.5221,0.1012,0.1597,0.0169,0.0,0.0,0.0,0.0,0.0,845
2024-04-26,0.6827,0.5474,0.1017,0.159,0.0158,0.0,0.0,0.0,0.0,0.0,846
2024-04-27,0.6879,0.5047,0.1017,0.1615,0.0163,0.0,0.0,0.0,0.0,0.0,847
2024-04-28,0.6894,0.4728,0.0998,0.1589,0.014,0.0,0.0,0.0,0.0,0.0,848
2024-04-29,0.68,0.435,0.0985,0.1615,0.0149,0.0,0.0,0.0,0.0,0.0,849
2024-04-30,0.6837,0.4435,0.1006,0.1607,0.0142,0.0,0.0,0.0,0.0,0.0,850
2024-05-01,0.6951,0.455,0.1005,0.1613,0.0169,0.0,0.0,0.0,0.0,0.0,851
2024-05-02,0.6866,0.4651,0.1011,0.162,0.0152,0.0,0.0,0.0,0.0,0.0,852
2024-05-03,0.6908,0.4269,0.1014,0.1594,0.0146,0.0,0.0,0.0,0.0,0.0,853
2024-05-04,0.6792,0.4121,0.0997,0.1509,0.0139,0.0,0.0,0.0,0.0,0.0001,854
2024-05-05,0.67,0.4365,0.1026,0.1482,0.0138,0.0,0.0,0.0,0.0,0.0001,855
2024-05-06,0.6886,0.4452,0.1002,0.1439,0.0133,0.0,0.0,0.0,0.0,0.0001,856
2024-05-07,0.6853,0.4607,0.0994,0.1523,0.0137,0.0,0.0,0.0,0.0,0.0001,857
2024-05-08,0.6977,0.4516,0.1005,0.1498,0.0155,0.0,0.0,0.0,0.0,0.0002,858
2024-05-09,0.6921,0.483,0.1014,0.158,0.0146,0.0,0.0,0.0,0.0,0.0003,859
2024-05-10,0.6825,0.4776,0.1008,0.16,0.0145,0.0,0.0,0.0,0.0,0.0003,860
2024-05-11,0.687,0.4667,0.1001,0.1581,0.0151,0.0,0.0,0.0,0.0,0.0004,861
2024-05-12,0.6975,0.464,0.0977,0.1584,0.0168,0.0,0.0,0.0,0.0,0.0006,862
2024-05-13,0.6918,0.4789,0.0992,0.158,0.0143,0.0,0.0,0.0,0.0,0.0007,863
2024-05-14,0.7298,0.4877,0.0983,0.1596,0.0253,0.0,0.0,0.0,0.0,0.0009,864
2024-05-15,0.6981,0.489,0.0999,0.1589,0.0146,0.0,0.0,0.0,0.0,0.0012,865
2024-05-16,0.7066,0.4657,0.0975,0.1552,0.0151,0.0,0.0,0.0,0.0,0.0015,866
2024-05-17,0.706,0.5025,0.0988,0.162,0.0243,0.0,0.0,0.0,0.0,0.0019,867
2024-05-18,0.7842,0.5195,0.0983,0.1649,0.0493,0.0,0.0,0.0,0.0,0.0025,868
2024-05-19,0.8317,0.501,0.0985,0.1617,0.066,0.0,0.0,0.0,0.0,0.0031,869
2024-05-20,0.8697,0.4781,0.0986,0.1557,0.086,0.0,0.0,0.0,0.0,0.0039,870
2024-05-21,0.8676,0.4853,0.097,0.1509,0.0737,0.0,0.0,0.0,0.0,0.0048,871
2024-05-22,0.8483,0.469,0.097,0.1455,0.0568,0.0,0.0,0.0,0.0,0.006,872
2024-05-23,0.8732,0.4902,0.0957,0.1478,0.0815,0.0,0.0,0.0,0.0,0.0074,873
2024-05-24,0.891,0.4294,0.0941,0.1456,0.0855,0.0,0.0,0.0,0.0,0.0091,874
2024-05-25,0.8972,0.4092,0.0919,0.1448,0.0888,0.0,0.0,0.0,0.0,0.0111,875
2024-05-26,0.8954,0.3926,0.0929,0.1435,0.0834,0.0,0.0,0.0,0.0,0.0135,876
2024-05-27,0.9029,0.3842,0.0926,0.1435,0.0908,0.0,0.0,0.0,0.0,0.0164,877
2024-05-28,0.9038,0.4094,0.0934,0.1417,0.0935,0.0,0.0,0.0,0.0,0.0198,878
2024-05-29,0.9014,0.4334,0.095,0.1417,0.0889,0.0,0.0,0.0,0.0,0.0239,879
2024-05-30,0.88,0.4001,0.095,0.1404,0.0767,0.0,0.0,0.0,0.0,0.0286,880
2024-05-31,0.9024,0.3915,0.0955,0.1343,0.0923,0.0,0.0,0.0,0.0,0.034,881
2024-06-01,0.9047,0.3707,0.0938,0.1392,0.0877,0.0,0.0,0.0,0.0,0.0404,882
2024-06-02,0.8865,0.3867,0.0957,0.1424,0.069,0.0,0.0,0.0,0.0,0.0477,883
2024-06-03,0.8462,0.3996,0.0936,0.142,0.0603,0.0,0.0,0.0,0.0,0.0561,884
2024-06-04,0.8915,0.435,0.0943,0.1475,0.0924,0.0,0.0,0.0,0.0,0.0657,885
2024-06-05,0.8487,0.4553,0.0962,0.1534,0.0548,0.0,0.0,0.0,0.0,0.0766,886
2024-06-06,0.8183,0.4385,0.0962,0.1507,0.0421,0.0,0.0,0.0,0.0,0.0889,887
2024-06-07,0.7984,0.4355,0.0948,0.1537,0.0377,0.0,0.0,0.0,0.0,0.1027,888
2024-06-08,0.7362,0.4473,0.0943,0.1532,0.0189,0.0,0.0,0.0,0.0,0.1182,889
2024-06-09,0.7085,0.4884,0.0965,0.1527,0.0149,0.0,0.0,0.0,0.0,0.1353,890
2024-06-10,0.7117,0.5128,0.0963,0.1541,0.0162,0.0,0.0,0.0,0.0,0.1543,891
2024-06-11,0.7021,0.4879,0.0955,0.1484,0.0133,0.0,0.0,0.0,0.0,0.1751,892
2024-06-12,0.7077,0.4848,0.0949,0.1541,0.0164,0.0,0.0,0.0,0.0,0.1979,893
2024-06-13,0.71,0.4706,0.0957,0.1532,0.0155,0.0,0.0,0.0,0.0,0.2226,894
2024-06-14,0.7039,0.4909,0.0954,0.157,0.0144,0.0,0.0,0.0,0.0,0.2494,895
2024-06-15,0.7069,0.5029,0.0945,0.157,0.0149,0.0,0.0,0.0,0.0,0.278,896
2024-06-16,0.7064,0.4775,0.094,0.1536,0.0155,0.0,0.0,0.0,0.0,0.3086,897
2024-06-17,0.7081,0.4818,0.0957,0.1591,0.0139,0.0,0.0,0.0,0.0,0.3411,898
2024-06-18,0.7038,0.4807,0.0946,0.1624,0.0161,0.0,0.0,0.0,0.0,0.3753,899
2024-06-19,0.7179,0.5124,0.095,0.1619,0.0169,0.0,0.0,0.0,0.0,0.4111,900
2024-06-20,0.7062,0.5254,0.0943,0.1696,0.0149,0.0,0.0,0.0,0.0,0.4483,901
2024-06-21,0.7071,0.5905,0.0957,0.1717,0.0147,0.0,0.0,0.0,0.0,0.4868,902
2024-06-22,0.7163,0.5455,0.0953,0.1681,0.0162,0.0,0.0,0.0,0.0,0.5261,903
2024-06-23,0.7055,0.5512,0.0963,0.1683,0.0143,0.0,0.0,0.0,0.0,0.5662,904
2024-06-24,0.707,0.5396,0.0976,0.1679,0.0172,0.0,0.0,0.0,0.0,0.6065,905
2024-06-25,0.7194,0.5668,0.0999,0.1675,0.0162,0.0,0.0,0.0,0.0,0.6469,906
2024-06-26,0.7216,0.5469,0.1,0.1614,0.015,0.0,0.0,0.0,0.0,0.6869,907
2024-06-27,0.7094,0.563,0.0993,0.1602,0.0167,0.0,0.0,0.0,0.0,0.7261,908
2024-06-28,0.7103,0.5143,0.0973,0.1576,0.0166,0.0,0.0,0.0,0.0,0.7642,909
2024-06-29,0.7111,0.5082,0.0968,0.1546,0.0164,0.0,0.0,0.0,0.0,0.8007,910
2024-06-30,0.712,0.5327,0.0984,0.1557,0.0153,0.0,0.0,0.0,0.0,0.8353,911
2024-07-01,0.7218,0.5253,0.0983,0.1583,0.0168,0.0,0.0,0.0,0.0,0.8674,912
2024-07-02,0.717,0.5282,0.1002,0.1593,0.0167,0.0,0.0,0.0,0.0,0.8968,913
2024-07-03,0.7139,0.5902,0.0995,0.1584,0.0144,0.0,0.0,0.0,0.0,0.9231,914
2024-07-04,0.7036,0.5831,0.0984,0.1611,0.0141,0.0,0.0,0.0,0.0,0.946,915
2024-07-05,0.7107,0.5692,0.0978,0.1571,0.0138,0.0,0.0,0.0,0.0,0.9651,916
2024-07-06,0.7159,0.5686,0.0982,0.1596,0.0142,0.0,0.0,0.0,0.0,0.9802,917
2024-07-07,0.7107,0.5556,0.0994,0.1589,0.016,0.0,0.0,0.0,0.0,0.9912,918
2024-07-08,0.7253,0.545,0.0995,0.1587,0.0161,0.0,0.0,0.0,0.0,0.9978,919
2024-07-09,0.721,0.5845,0.0991,0.1556,0.0161,0.0,0.0,0.0,0.0,1.0,920
2024-07-10,0.7215,0.5634,0.1005,0.1649,0.0156,0.0,0.0,0.0,0.0,0.9978,921
2024-07-11,0.7141,0.5911,0.1023,0.1664,0.0157,0.0,0.0,0.0,0.0,0.9912,922
2024-07-12,0.7245,0.586,0.1027,0.1598,0.0162,0.0,0.0,0.0,0.0,0.9802,923
2024-07-13,0.7241,0.577,0.1031,0.1616,0.0155,0.0,0.0,0.0,0.0,0.9651,924
2024-07-14,0.7204,0.5667,0.1011,0.1596,0.0166,0.0,0.0,0.0,0.0,0.946,925
2024-07-15,0.7275,0.5705,0.1027,0.1622,0.0162,0.0,0.0,0.0,0.0,0.9231,926
2024-07-16,0.7309,0.5392,0.1003,0.1554,0.0153,0.0,0.0,0.0,0.0,0.8968,927
2024-07-17,0.7219,0.5081,0.1018,0.1496,0.0153,0.0,0.0,0.0,0.0,0.8674,928
2024-07-18,0.7202,0.4883,0.1004,0.1483,0.0141,0.0,0.0,0.0,0.0,0.8353,929
2024-07-19,0.7175,0.494,0.1018,0.1447,0.0156,0.0,0.0,0.0,0.0,0.8007,930
2024-07-20,0.7198,0.485,0.1014,0.1498,0.0159,0.0,0.0,0.0,0.0,0.7642,931
2024-07-21,0.7264,0.4821,0.0998,0.1505,0.0156,0.0,0.0,0.0,0.0,0.7261,932
2024-07-22,0.7555,0.5078,0.1008,0.1518,0.0274,0.0,0.0,0.0,0.0,0.6869,933
2024-07-23,0.7749,0.454,0.1002,0.1513,0.0329,0.0,0.0,0.0,0.0,0.6469,934
2024-07-24,0.8307,0.4357,0.0978,0.1549,0.0515,0.0,0.0,0.0,0.0,0.6065,935
2024-07-25,0.8267,0.4396,0.0997,0.1541,0.0439,0.0,0.0,0.0,0.0,0.5662,936
2024-07-26,0.8404,0.3975,0.0976,0.1555,0.058,0.0,0.0,0.0,0.0,0.5261,937
2024-07-27,0.8949,0.3957,0.0977,0.1561,0.0827,0.0,0.0,0.0,0.0,0.4868,938
2024-07-28,0.8933,0.3727,0.0978,0.1516,0.0761,0.0,0.0,0.0,0.0,0.4483,939
2024-07-29,0.8453,0.3755,0.0965,0.156,0.0436,0.0,0.0,0.0,0.0,0.4111,940
2024-07-30,0.8233,0.3725,0.0962,0.1547,0.0399,0.0,0.0,0.0,0.0,0.3753,941
2024-07-31,0.808,0.4148,0.0982,0.1535,0.0408,0.0,0.0,0.0,0.0,0.3411,942
2024-08-01,0.7887,0.4746,0.099,0.1551,0.0286,0.0,0.0,0.0,0.0,0.3086,943
2024-08-02,0.7437,0.5073,0.0976,0.1562,0.017,0.0,0.0,0.0,0.0,0.278,944
2024-08-03,0.7563,0.4827,0.0965,0.157,0.0303,0.0,0.0,0.0,0.0,0.2494,945
2024-08-04,0.8002,0.4804,0.097,0.1563,0.0428,0.0,0.0,0.0,0.0,0.2226,946
2024-08-05,0.8008,0.484,0.0954,0.1532,0.0413,0.0,0.0,0.0,0.0,0.1979,947
2024-08-06,0.7807,0.4818,0.094,0.1542,0.0268,0.0,0.0,0.0,0.0,0.1751,948
2024-08-07,0.7352,0.4814,0.0943,0.1593,0.0141,0.0,0.0,0.0,0.0,0.1543,949
2024-08-08,0.727,0.4583,0.0912,0.1547,0.0138,0.0,0.0,0.0,0.0,0.1353,950
2024-08-09,0.7298,0.4475,0.0935,0.157,0.0171,0.0,0.0,0.0,0.0,0.1182,951
2024-08-10,0.7201,0.4353,0.094,0.162,0.0165,0.0,0.0,0.0,0.0,0.1027,952
2024-08-11,0.7198,0.4176,0.0952,0.1566,0.0144,0.0,0.0,0.0,0.0,0.0889,953
2024-08-12,0.7228,0.4453,0.0955,0.1582,0.0157,0.0,0.0,0.0,0.0,0.0766,954
2024-08-13,0.7215,0.4676,0.0952,0.156,0.0138,0.0,0.0,0.0,0.0,0.0657,955
2024-08-14,0.7129,0.4552,0.0966,0.1573,0.0159,0.0,0.0,0.0,0.0,0.0561,956
2024-08-15,0.7112,0.4485,0.0955,0.1592,0.0153,0.0,0.0,0.0,0.0,0.0477,957
2024-08-16,0.7204,0.4394,0.0959,0.1626,0.0145,0.0,0.0,0.0,0.0,0.0404,958
2024-08-17,0.7148,0.4679,0.0972,0.1643,0.0147,0.0,0.0,0.0,0.0,0.034,959
2024-08-18,0.7241,0.4614,0.0974,0.1641,0.0157,0.0,0.0,0.0,0.0,0.0286,960
2024-08-19,0.7244,0.4689,0.0967,0.1664,0.0166,0.0,0.0,0.0,0.0,0.0239,961
2024-08-20,0.7227,0.41,0.0974,0.1667,0.0161,0.0,0.0,0.0,0.0,0.0198,962
2024-08-21,0.7209,0.4497,0.0997,0.1694,0.0149,0.0,0.0,0.0,0.0,0.0164,963
2024-08-22,0.7624,0.4622,0.1012,0.167,0.0282,0.0,0.0,0.0,0.0,0.0135,964
2024-08-23,0.7347,0.4697,0.1007,0.1671,0.0161,0.0,0.0,0.0,0.0,0.0111,965
2024-08-24,0.7318,0.431,0.0992,0.1675,0.0162,0.0,0.0,0.0,0.0,0.0091,966
2024-08-25,0.7674,0.4599,0.1017,0.1678,0.0329,0.0,0.0,0.0,0.0,0.0074,967
2024-08-26,0.8235,0.451,0.1013,0.1669,0.0535,0.0,0.0,0.0,0.0,0.006,968
2024-08-27,0.8402,0.4584,0.0997,0.1693,0.0479,0.0,0.0,0.0,0.0,0.0048,969
2024-08-28,0.8387,0.444,0.1008,0.1673,0.0501,0.0,0.0,0.0,0.0,0.0039,970
2024-08-29,0.825,0.4579,0.1015,0.1714,0.0426,0.0,0.0,0.0,0.0,0.0031,971
2024-08-30,0.795,0.4394,0.1008,0.1694,0.0306,0.0,0.0,0.0,0.0,0.0025,972
2024-08-31,0.8399,0.4417,0.1015,0.1684,0.053,0.0,0.0,0.0,0.0,0.0019,973
2024-09-01,0.839,0.4249,0.0992,0.1701,0.051,0.0,0.0,0.0,0.0,0.0015,974
2024-09-02,0.8093,0.4818,0.1018,0.1673,0.0349,0.0,0.0,0.0,0.0,0.0012,975
2024-09-03,0.8125,0.4886,0.0999,0.1729,0.039,0.0,0.0,0.0,0.0,0.0009,976
2024-09-04,0.8143,0.513,0.1016,0.1758,0.0372,0.0,0.0,0.0,0.0,0.0007,977
2024-09-05,0.8207,0.4858,0.1024,0.1718,0.0427,0.0,0.0,0.0,0.0,0.0006,978
2024-09-06,0.7554,0.5177,0.1031,0.168,0.0167,0.0,0.0,0.0,0.0,0.0004,979
2024-09-07,0.7498,0.4727,0.1037,0.1649,0.0221,0.0,0.0,0.0,0.0,0.0003,980
2024-09-08,0.7477,0.4863,0.1023,0.1684,0.0209,0.0,0.0,0.0,0.0,0.0003,981
2024-09-09,0.7589,0.4748,0.1035,0.1713,0.0242,0.0,0.0,0.0,0.0,0.0002,982
2024-09-10,0.8054,0.5095,0.1032,0.1711,0.0442,0.0,0.0,0.0,0.0,0.0001,983
2024-09-11,0.7603,0.5242,0.1041,0.1718,0.0177,0.0,0.0,0.0,0.0,0.0001,984
2024-09-12,0.7619,0.521,0.1033,0.1762,0.0227,0.0,0.0,0.0,0.0,0.0001,985
2024-09-13,0.7312,0.5243,0.1045,0.1744,0.0153,0.0,0.0,0.0,0.0,0.0001,986
2024-09-14,0.7882,0.5262,0.1046,0.1736,0.0347,0.0,0.0,0.0,0.0,0.0,987
2024-09-15,0.8271,0.5014,0.1056,0.1677,0.0507,0.0,0.0,0.0,0.0,0.0,988
2024-09-16,0.8215,0.4424,0.1039,0.1646,0.0453,0.0,0.0,0.0,0.0,0.0,989
2024-09-17,0.8227,0.4297,0.104,0.1649,0.0437,0.0,0.0,0.0,0.0,0.0,990
2024-09-18,0.8138,0.3959,0.104,0.1659,0.0351,0.0,0.0,0.0,0.0,0.0,991
2024-09-19,0.7752,0.4105,0.1058,0.1627,0.0242,0.0,0.0,0.0,0.0,0.0,992
2024-09-20,0.7547,0.4342,0.1033,0.1679,0.0146,0.0,0.0,0.0,0.0,0.0,993
2024-09-21,0.7376,0.4644,0.1042,0.1662,0.015,0.0,0.0,0.0,0.0,0.0,994
2024-09-22,0.7326,0.4868,0.1038,0.169,0.017,0.0,0.0,0.0,0.0,0.0,995
2024-09-23,0.7359,0.4622,0.1034,0.1637,0.0166,0.0,0.0,0.0,0.0,0.0,996
2024-09-24,0.7383,0.494,0.1051,0.1643,0.0145,0.0,0.0,0.0,0.0,0.0,997
2024-09-25,0.7463,0.4804,0.103,0.1616,0.0169,0.0,0.0,0.0,0.0,0.0,998
2024-09-26,0.76,0.5158,0.1019,0.1706,0.0257,0.0,0.0,0.0,0.0,0.0,999
2024-09-27,0.7806,0.5043,0.1025,0.1729,0.0293,0.0,0.0,0.0,0.0,0.0,1000
2024-09-28,0.7515,0.5298,0.1041,0.1748,0.0172,0.0,0.0,0.0,0.0,0.0,1001
2024-09-29,0.7493,0.5557,0.1034,0.1777,0.0154,0.0,0.0,0.0,0.0,0.0,1002
2024-09-30,0.7475,0.5457,0.1038,0.1812,0.0172,0.0,0.0,0.0,0.0,0.0,1003
2024-10-01,0.7611,0.5741,0.1035,0.1788,0.0236,0.0,0.0,0.0,0.0,0.0,1004
2024-10-02,0.8082,0.5665,0.1023,0.1823,0.0419,0.0,0.0,0.0,0.0,0.0,1005
2024-10-03,0.8473,0.6231,0.1036,0.1853,0.0547,0.0,0.0,0.0,0.0,0.0,1006
2024-10-04,0.8503,0.6169,0.1037,0.1889,0.0524,0.0,0.0,0.0,0.0,0.0,1007
2024-10-05,0.8925,0.6323,0.1033,0.187,0.0753,0.0,0.0,0.0,0.0,0.0,1008
2024-10-06,0.865,0.6257,0.1023,0.1863,0.0528,0.0,0.0,0.0,0.0,0.0,1009
2024-10-07,0.8051,0.5952,0.1042,0.1787,0.0265,0.0,0.0,0.0,0.0,0.0,1010
2024-10-08,0.7781,0.5617,0.1017,0.1795,0.0225,0.0,0.0,0.0,0.0,0.0,1011
2024-10-09,0.7871,0.5473,0.0998,0.1811,0.0317,0.0,0.0,0.0,0.0,0.0,1012
2024-10-10,0.757,0.5578,0.1013,0.1784,0.0172,0.0,0.0,0.0,0.0,0.0,1013
2024-10-11,0.7821,0.5568,0.1014,0.1796,0.0277,0.0,0.0,0.0,0.0,0.0,1014
2024-10-12,0.7784,0.5635,0.0986,0.1828,0.0264,0.0,0.0,0.0,0.0,0.0,1015
2024-10-13,0.8306,0.5242,0.0983,0.181,0.0471,0.0,0.0,0.0,0.0,0.0,1016
2024-10-14,0.8463,0.5554,0.0997,0.1857,0.0511,0.0,0.0,0.0,0.0,0.0,1017
2024-10-15,0.8304,0.5253,0.1004,0.1881,0.0378,0.0,0.0,0.0,0.0,0.0,1018
2024-10-16,0.8234,0.4998,0.101,0.1872,0.0375,0.0,0.0,0.0,0.0,0.0,1019
2024-10-17,0.8555,0.499,0.1003,0.1871,0.0488,0.0,0.0,0.0,0.0,0.0,1020
2024-10-18,0.8545,0.5388,0.1035,0.188,0.0474,0.0,0.0,0.0,0.0,0.0,1021
2024-10-19,0.8,0.5114,0.1027,0.1907,0.027,0.0,0.0,0.0,0.0,0.0,1022
2024-10-20,0.8068,0.5113,0.104,0.1872,0.0335,0.0,0.0,0.0,0.0,0.0,1023
2024-10-21,0.8088,0.5253,0.1062,0.1868,0.032,0.0,0.0,0.0,0.0,0.0,1024
2024-10-22,0.7755,0.5569,0.1052,0.1865,0.0231,0.0,0.0,0.0,0.0,0.0,1025
2024-10-23,0.854,0.5739,0.1062,0.1825,0.0579,0.0,0.0,0.0,0.0,0.0,1026
2024-10-24,0.8619,0.5911,0.1064,0.184,0.0517,0.0,0.0,0.0,0.0,0.0,1027
2024-10-25,0.8672,0.6072,0.1054,0.1821,0.0543,0.0,0.0,0.0,0.0,0.0,1028
2024-10-26,0.8869,0.5908,0.1052,0.1801,0.0695,0.0,0.0,0.0,0.0,0.0,1029
2024-10-27,0.9149,0.5438,0.1051,0.1813,0.083,0.0,0.0,0.0,0.0,0.0,1030
2024-10-28,0.9529,0.5404,0.1037,0.1802,0.0975,0.0,0.0,0.0,0.0,0.0,1031
2024-10-29,0.965,0.5443,0.1055,0.1791,0.106,0.0,0.0,0.0,0.0,0.0,1032
2024-10-30,0.9702,0.5419,0.1065,0.1813,0.1024,0.0,0.0,0.0,0.0,0.0,1033
2024-10-31,0.9714,0.5789,0.106,0.1843,0.1022,0.0,0.0,0.0,0.0,0.0,1034
2024-11-01,0.9798,0.557,0.105,0.175,0.1119,0.0,0.0,0.0,0.0,0.0,1035
2024-11-02,0.998,0.5313,0.1035,0.1787,0.1215,0.0,0.0,0.0,0.0,0.0,1036
2024-11-03,0.9714,0.5373,0.1038,0.1795,0.0988,0.0,0.0,0.0,0.0,0.0,1037
2024-11-04,0.9675,0.5168,0.1047,0.1762,0.102,0.0,0.0,0.0,0.0,0.0,1038
2024-11-05,0.9588,0.5138,0.1048,0.1739,0.1024,0.0,0.0,0.0,0.0,0.0,1039
2024-11-06,0.9779,0.5163,0.107,0.1775,0.1067,0.0,0.0,0.0,0.0,0.0,1040
2024-11-07,0.9716,0.5519,0.1072,0.1799,0.0977,0.0,0.0,0.0,0.0,0.0,1041
2024-11-08,0.9673,0.5527,0.1071,0.1717,0.1011,0.0,0.0,0.0,0.0,0.0,1042
2024-11-09,0.9717,0.4962,0.1068,0.1657,0.1021,0.0,0.0,0.0,0.0,0.0,1043
2024-11-10,0.9508,0.5057,0.1063,0.1612,0.0819,0.0,0.0,0.0,0.0,0.0,1044
2024-11-11,0.9319,0.5081,0.107,0.1633,0.0766,0.0,0.0,0.0,0.0,0.0,1045
2024-11-12,0.901,0.4995,0.1053,0.1662,0.059,0.0,0.0,0.0,0.0,0.0,1046
2024-11-13,0.8959,0.5551,0.1086,0.1707,0.0591,0.0,0.0,0.0,0.0,0.0,1047
2024-11-14,0.9082,0.5483,0.1079,0.1713,0.0687,0.0,0.0,0.0,0.0,0.0,1048
2024-11-15,0.901,0.5647,0.1083,0.1721,0.0658,0.0,0.0,0.0,0.0,0.0,1049
