date,dayofyear,quarter,trend,cs,cc,seasonality,z,x1,x2,epsilon,x1_adstock,x2_adstock,x1_adstock_saturated,x2_adstock_saturated,x1_effect,x2_effect,y,y01,y02
2021-10-02,275,2021Q4,1.1544346900318838,0.03654700988811993,0.018276557681691223,0.016447070270943345,0.0536931689208572,0.6465536753530698,0.3361875974864426,-0.01047644783546034,0.45628346884479165,0.17930005199276938,0.22426428437478593,0.22044621243163687,0.44852856874957187,0.3306693186474553,199.32963687852512,154.47678000356794,166.2627050137796
2021-10-09,282,2021Q4,1.1817089106114174,0.2738454748405547,0.13825031091098192,0.12362873572546097,1.0452428198639796,1.4119166234502867,0.20393103600169624,-0.028577795277266983,1.1332976189528634,0.19841324519728937,0.5128938989062704,0.24305329234109183,1.0257877978125407,0.3645799385116377,371.237040724777,268.6582609435229,334.7790468736132
2021-10-16,289,2021Q4,1.2083177392684985,0.49533725523256594,0.2562218218071163,0.22546772311190466,0.17970258902172345,0.837610371189355,0.024025993768313988,0.030797635015334397,0.9311045793974716,0.11202048594174548,0.4345986539263304,0.1391175597967474,0.8691973078526608,0.2086763396951211,272.21593339652424,185.2962026112582,251.34829942701217
2021-10-23,296,2021Q4,1.2343003316067325,0.6882375836422284,0.3704825404820963,0.3176160372372974,0.14049554171138512,0.9736124879061,0.12025741894126316,0.09740459053906225,0.9664255784107022,0.12014753307287973,0.4488129335010526,0.14906535709973576,0.8976258670021052,0.22359803564960362,291.1040403746186,201.3414536744081,268.7442368096582
2021-10-30,303,2021Q4,1.259692281860326,0.8414120250581577,0.4793776594606945,0.39623690535565564,0.8691550468673631,1.4159853483152163,0.08462973042718276,0.028347348071773498,1.2855157211907169,0.0940033695147226,0.5667744227571746,0.11696637914829519,1.1335488455143492,0.17544956872244277,386.242999639191,272.8881150877561,368.6980427669467
2021-11-06,310,2021Q4,1.2845260536482033,0.9460191696320084,0.5813300798152042,0.4582047748341638,0.07896498063100685,0.8767930779747236,1.7954257011904133,0.1759284147936717,0.9963509431213478,0.9977643575255252,0.4606810517522574,0.8474981456986495,0.9213621035045148,1.2712472185479742,419.0233545959534,326.887144245502,291.89863274115606
2021-11-13,317,2021Q4,1.3088313465286388,0.9960209693076331,0.6748632518680403,0.501265266352702,0.04186986743568301,0.9907536324029886,0.06839240282924941,0.058865147014754864,0.9933082387559914,0.5345572604794185,0.4594817319993775,0.5837923414193995,0.918963463998755,0.8756885121290993,370.5483603459633,278.6520139460878,282.97950913305334
2021-11-20,324,2021Q4,1.3326354096146389,0.9885312610933433,0.75862255966641,0.524146146227926,0.11544562367855207,0.9347109992379619,0.10270002828860955,0.006002535852532494,0.9520677984340821,0.31804339802892556,0.4430616775890687,0.3778543393108343,0.8861233551781375,0.5667815089662515,343.11345795180387,254.5011224339901,286.4353070551787
2021-11-27,331,2021Q4,1.3559633112563296,0.9239823598019431,0.8313949395234058,0.5266131897976046,0.11828089660983887,0.9379365766619341,0.1325608147766077,-0.02651213657431231,0.9394432720218131,0.2268998092144141,0.4379743744859831,0.2762565500493783,0.8759487489719662,0.4143848250740675,326.46788351354945,238.87300861635282,285.02940100614273
2021-12-04,338,2021Q4,1.378838172046419,0.8061001043286311,0.8921264484954345,0.5094679658472197,0.13066657748536645,1.0586245593961292,0.13402458337733536,0.18778863027045634,1.0239095768532158,0.12508215903543882,0.47146687547098753,0.1550909605267419,0.9429337509419751,0.23263644079011286,338.2331537381549,243.93977864395742,314.9695096591437
2021-12-11,345,2021Q4,1.4012813670346835,0.641688797825113,0.9399375283564133,0.47448789785445783,0.04924525343854872,1.103210773445895,0.03943941994374622,-0.0711529330202559,1.0800632534535868,0.08129569006007574,0.4930119065597704,0.10127125823344256,0.9860238131195408,0.15190688735016383,299.1792285777139,200.57684726575982,283.9885398426975
2021-12-18,352,2021Q4,1.423312701956684,0.4402384552773285,0.974135744004672,0.42431225978460013,0.24437035498938486,0.9796165402889652,0.17896780169032545,0.1602256894843268,1.010007247874564,0.1326740049885911,0.4660431353143672,0.16433861952189446,0.9320862706287344,0.2465079292828417,343.0815206126572,249.87289354978373,318.43072768437304
2021-12-25,359,2021Q4,1.4449505674232475,0.21337702862092797,0.9942258118156161,0.36228085213096317,0.035413371403349006,1.0393924364332736,0.4282552036474964,-0.012120216943921793,1.0311568322045088,0.29032108394707346,0.47428022081978166,0.3477670624357325,0.9485604416395633,0.5216505936535988,330.07356093068,235.2175167667237,277.90850156532014
2022-01-01,1,2022Q1,1.4662120743304699,-0.03439806061360801,0.9998520419557735,0.2896361944026496,0.08743511966644335,0.801978659473111,0.3350352897952205,0.012583861384945567,0.8692650458095548,0.3193785437517431,0.40918549261928516,0.3792840885627908,0.8183709852385703,0.5689261328441861,324.31643678672646,242.47933826286942,267.42382350230787
2022-01-08,8,2022Q1,1.4871131731971623,-0.2717767384711357,0.9905453876091833,0.21563059474141427,0.03585636215301637,0.7293192662260507,0.8933506606216454,0.03286581376367966,0.7691657233131831,0.6348283102092909,0.3666807906204758,0.6604071649977514,0.7333615812409516,0.9906107474966271,349.54382725928514,276.20766913519,250.48275250962243
2022-01-15,15,2022Q1,1.5076687596889715,-0.49346814167723735,0.9668929289391521,0.14202743617857444,0.05363627282329219,0.9467912857984861,0.018415133216006723,-0.05362441761882425,0.8933159779834718,0.32126996609683817,0.41914799944090975,0.38130643266458747,0.8382959988818195,0.5719596489968812,305.9963698950715,222.16677000688952,248.80040499538336
2022-01-22,22,2022Q1,1.5278927682238255,-0.6866759803451553,0.9292372181882051,0.07276837135291495,0.8695840734159865,1.2610293511089095,0.587196482953446,-0.11777382049566623,1.1519822827202355,0.45953126716867376,0.5197456054047072,0.5185936238974883,1.0394912108094143,0.7778904358462324,416.98530391527066,313.0361828343293,339.1962603306475
2022-01-29,29,2022Q1,1.5477982552548242,-0.8402480696078469,0.8781236129591848,0.011362663005401374,0.2048308212640363,0.8729322695526988,0.16721359497290086,0.0682180508022411,0.9570528657694698,0.30777837457671,0.4450627038301159,0.3668020529538097,0.8901254076602318,0.5502030794307146,327.2538277417449,238.24128697572172,272.23351979867346
2022-02-05,36,2022Q1,1.5673974735810186,-0.945320046913132,0.8142923779467267,-0.03930830068992158,0.2861013483715467,0.9071249864963511,0.1977148173960552,0.016284958401854503,0.9231197414809609,0.22955873454552958,0.4313546956952438,0.2793237254237388,0.8627093913904876,0.41898558813560816,311.2170459190594,224.9461067800106,269.3184871054986
2022-02-12,43,2022Q1,1.586701938833353,-0.9958270335100595,0.7386679638813748,-0.07714772088860541,0.09440584316888313,0.6309413010550652,0.10488831912728222,0.008102920945361981,0.7167893392686336,0.17010596636678177,0.3437992325280088,0.20948481812964426,0.6875984650560176,0.3142272271944664,261.3888674309477,192.62902092534594,229.96614471150104
2022-02-19,50,2022Q1,1.6057224891142527,-0.9888537064205885,0.6523456189565257,-0.10095242623921884,0.09295152493811938,0.6184679333606209,0.08793336100040812,-0.0626825713978249,0.6442912799856986,0.11237755961849366,0.3114457301019413,0.13955523631753325,0.6228914602038826,0.20933285447629987,236.7263331095511,174.43718708916282,215.79304766192112
2022-02-26,57,2022Q1,1.6244693386284874,-0.9248025743285089,0.5565755266413303,-0.11046811430615358,0.3829378267808734,0.942690540415275,0.629312975306678,-0.04744490624531883,0.8535695216328995,0.3862485801403784,0.40263078921621287,0.44849180052308274,0.8052615784324257,0.6727377007846241,332.7493424074938,252.22318456425126,265.4755723290314
2022-03-05,64,2022Q1,1.64295212602492,-0.8073707443023492,0.45274469960737107,-0.10638781340849345,0.19519952530030876,0.6894775077801454,0.47341039324977313,-0.135364945454522,0.7374609732079537,0.43901933922353303,0.35288078332123163,0.49960091615879065,0.7057615666424633,0.749401374238186,305.15618333428625,234.58002667003993,230.21604591046767
2022-03-12,71,2022Q1,1.661179958069452,-0.6433365204044917,0.342356891994542,-0.09029388852298492,0.047787833539952404,0.711066173657733,0.07884210316735193,0.061310857963080716,0.7194426314960396,0.25806251399677815,0.34496853783468834,0.31183622791093873,0.6899370756693767,0.4677543418664081,283.7676178585285,214.77391029159082,236.9921836718877
2022-03-19,78,2022Q1,1.6791614491856217,-0.44216815196707204,0.22701082094141847,-0.06454719930769606,0.1823667969657348,0.8203214381476348,0.1815268995396996,0.1444561845279225,0.791211651754679,0.22291449138621525,0.37618287296337805,0.27164878738985443,0.7523657459267561,0.40747318108478164,310.12761583831207,234.89104124563647,269.3802977298339
2022-03-26,85,2022Q1,1.6969047573282294,-0.21547731504673012,0.10837701279187609,-0.03213009067645621,0.035069475628629464,0.7298275789279142,0.3372333759364741,0.038651533414070266,0.7470260117935529,0.2703379470156712,0.35706067403074343,0.3256213696936742,0.7141213480614869,0.4884320545405113,294.1049078296471,222.69277302349843,245.261702375596
2022-04-02,92,2022Q2,1.7144176165949063,0.023651127245231586,-0.011826390691832589,0.003547420966019699,0.2413618515762348,0.8954832951985785,0.34182082102072264,-0.010066937383143933,0.8521237014812975,0.3016930649438952,0.4020248949654824,0.3602005496246543,0.8040497899309648,0.5403008244369815,329.3610566121963,248.9560776190998,275.3309741684982
2022-04-09,99,2022Q2,1.731707366928947,0.2614143985111562,-0.13185851571739118,0.03886676483812951,0.3757246195336929,1.009177773186561,0.14657255407399908,-0.035951753815107526,0.963765647621477,0.2263904912058354,0.44775023338615716,0.2756683866350046,0.8955004667723143,0.4135025799525069,341.9350044210483,252.38495774381687,300.5847464257976
2022-04-16,106,2022Q2,1.748780981222537,0.48408852163897587,-0.2499809690726521,0.07023226576989712,0.12971259405244465,0.8471045552873107,0.1263161008913691,-0.013587627186383622,0.8822559833748798,0.1745129360936579,0.4145789961040402,0.21474566239036386,0.8291579922080804,0.3221184935855458,308.64146996521214,225.7256707444041,276.4296206066576
2022-04-23,113,2022Q2,1.7656450900915814,0.6788204829862357,-0.3644830148102912,0.09430124045278333,0.26364557908052055,0.8350894123553106,0.47326068576059277,0.0156969237536921,0.8498410920950289,0.3284210545879293,0.40106761370403576,0.3889194798335542,0.8021352274080715,0.5833792197503312,352.480328053698,272.2668053128908,294.14240607866486
2022-04-30,120,2022Q2,1.7823060045606391,0.8343701235229537,-0.47370635037968,0.1081991319429821,0.08722894372833868,0.8347404228170352,0.06976813306249496,0.03184598006547911,0.8389233989947237,0.19002617089327117,0.39647684590191,0.23316394440551202,0.79295369180382,0.34974591660826804,315.2279668709527,235.9325976905707,280.2533752101259
2022-05-07,127,2022Q2,1.7987697368682416,0.9417589340994617,-0.5760691233798758,0.10970694321587575,0.1486677744424808,0.9997001303422064,0.2641709053684104,0.043030767760555956,0.9514129338687736,0.23101848317398788,0.4427984832857745,0.28100518717258366,0.885596966571549,0.4215077807588755,340.72799696175787,252.16830030460295,298.5772188858703
2022-05-14,134,2022Q2,1.8150420195784176,0.994788305609327,-0.6700888411055113,0.09740983935114471,0.5417774858400098,1.0368365126933565,0.15732238018332773,-0.175080067919467,1.012294004222403,0.1952039743217231,0.46693769901898946,0.23927502429707428,0.9338753980379789,0.35891253644561144,357.1937211333696,263.8061813295717,321.3024674888084
2022-05-21,141,2022Q2,1.831128323163001,0.9903973200352558,-0.7544038410927472,0.0707980436827526,0.1520920883392051,0.8634893645719489,0.32013631998671555,0.06379275032128402,0.9082930991720638,0.25256600162842335,0.42530150219297785,0.3056204816016777,0.8506030043859557,0.4584307224025166,342.68449322947146,257.62419279087595,296.84142098921984
2022-05-28,148,2022Q2,1.8470338722008033,0.9288394302558068,-0.8277930117131022,0.030313925562811404,0.14127740237545738,0.7162704139804789,0.2848038427081356,-0.0742426022332328,0.7732000091839839,0.27585277915646755,0.3684254262197638,0.3317700934538449,0.7368508524395276,0.49765514018076734,317.88885905261344,244.20377380866066,268.12334503453667
2022-06-04,155,2022Q2,1.8627636603235849,0.8136678304455991,-0.8891934772070711,-0.0226576940284416,0.164521600051078,0.7075798589031242,0.085146190964295,-0.11329333013129027,0.725596056281908,0.1745319945802441,0.34767622892091105,0.21476838676303567,0.6953524578418221,0.3221525801445535,290.8839274201306,221.3486816359484,258.6686694056753
2022-06-11,162,2022Q2,1.8783224640246354,0.6515303615068021,-0.9377159910299093,-0.08585568885693216,0.23592337542025119,0.7286540996512534,0.22127110355084462,0.037849708964085294,0.725975022882058,0.20003317317779493,0.34784279673931445,0.24495764110745916,0.6956855934786289,0.3674364616611887,312.93619146918576,243.36763212132286,276.1925453030669
2022-06-18,169,2022Q2,1.8937148554333816,0.451785789832884,-0.9726578145718654,-0.15626160742169443,0.03585555748372426,0.5508104298258681,0.3747261449239649,0.04781805982017349,0.6015724405081144,0.28919931988212155,0.2920319467646338,0.34653384218272293,0.5840638935292676,0.5198007632740844,292.4991522118937,234.09276285896695,240.51907588448523
2022-06-25,176,2022Q2,1.9089452141485563,0.22596360824801906,-0.9935128947338007,-0.23026478594573446,0.064847331550807,0.5361629814626284,0.001443329811201104,0.06509120030710239,0.5547562706911686,0.13587597441676352,0.27047675304927266,0.16823040545464113,0.5409535060985453,0.2523456081819617,260.1918074341238,206.09645682426927,234.95724661592763
2022-07-02,183,2022Q3,1.924017738212866,-0.012901459949419653,-0.9999791929590823,-0.3038641958725506,0.0799549825435084,0.5117127734125017,0.675562732989688,-0.03285616207506039,0.5235061871744545,0.4253999051040723,0.25593452793217614,0.48671757250872333,0.5118690558643523,0.730076358763085,290.9197777436201,239.7328721571849,217.91214186731162
2022-07-09,190,2022Q3,1.9389364543036334,-0.2510218406258827,-0.9919630595773397,-0.3728954700609667,0.048193326194179056,0.4557093692305449,0.17183362760664153,-0.07772811625666382,0.4744881800926114,0.2969688504905501,0.23289099361720023,0.3550505626576399,0.46578198723440045,0.5325758439864599,253.48640254010425,206.90820381666418,200.22881814145825
2022-07-16,197,2022Q3,1.953705227206405,-0.47465294389193496,-0.9695805901076308,-0.43327006019986974,0.48398765930461046,0.740501485803382,0.32732001632164376,-0.07060462300992335,0.6617818254616525,0.31056422911935283,0.3193210743346,0.3698119901753674,0.6386421486692,0.5547179852630512,312.7178337233473,248.85361885642735,257.2460351970422
2022-07-23,204,2022Q3,1.9683277686318768,-0.6708865180801582,-0.9331559438780432,-0.4812127385874604,0.0005028737567493494,0.6093799545828786,0.5257148348826247,0.03344660305025251,0.6255190461798021,0.4356152488367029,0.30294545297215814,0.49640110090997114,0.6058909059443163,0.7446016513649567,287.15570641606917,226.5666158216375,212.69554127957346
2022-07-30,211,2022Q3,1.9828076454306043,-0.8283957292921139,-0.8832166493127127,-0.513483713581448,0.07574723125816347,0.5280658239867826,0.508242528638987,-0.03127136330962511,0.557395269621154,0.4663515485928216,0.27169928397926457,0.5247985894600858,0.5433985679585291,0.7871978841901288,284.43962519463525,230.09976839878235,205.71983677562233
2022-08-06,218,2022Q3,1.9971482872547246,-0.9380889596420647,-0.8204859638785327,-0.5275724770561792,0.06098960280741227,0.39067772503437076,0.6547477839341187,-0.014994225756040442,0.44032124788959487,0.5766468048077195,0.21667115005046927,0.6174098602494396,0.43334230010093855,0.9261147903741593,287.5028277725015,244.16859776240764,194.89134873508556
2022-08-13,225,2022Q3,2.011352993711251,-0.993634586189866,-0.7458723993404063,-0.5218520956590816,0.07343999936550083,0.5223877936268014,0.06287726001770857,0.056449720531627806,0.4965210261606639,0.3109472738692495,0.24328282359882927,0.3702252409728053,0.48656564719765855,0.5553378614592079,266.1294126606164,217.4728479408506,210.59562651469568
2022-08-20,232,2022Q3,2.0254249410473344,-0.9918264497026016,-0.6604565640279754,-0.49568490411917304,0.29667735052703614,0.6956789384022629,0.6995495319382601,-0.008940995762878661,0.6364248757876074,0.5110428928056093,0.30788970476266586,0.5640843982270092,0.6157794095253317,0.8461265973405138,327.93823985581645,266.36029890328325,243.32558012176503
2022-08-27,239,2022Q3,2.039367188404164,-0.9327689179559782,-0.5654755126737576,-0.44947332918892074,0.058393931329177376,0.5462964325463256,0.1642596482647515,-0.1247811314789815,0.5734391771837295,0.3261851745227059,0.2791127360350522,0.3865447991693026,0.5582254720701044,0.579817198753954,266.1549329889498,210.33238578193934,208.1732131135544
2022-09-03,246,2022Q3,2.0531826836728473,-0.8198708615029215,-0.46230483047981086,-0.38465270759481973,0.09912765405530181,0.48673861127430385,0.07489929700142475,0.10418059654232587,0.5132978940877408,0.18121395286430886,0.25115851810199685,0.22272112323260687,0.5023170362039937,0.3340816848489103,270.82369477285596,220.59199115245653,237.41552628796492
2022-09-10,253,2022Q3,2.066874268982606,-0.6596488896351408,-0.35243871088460327,-0.30362628015592324,0.29299825305060667,0.7852181277215936,0.4311731303121917,-0.14601325869469092,0.7051444752081263,0.3184700705980663,0.3386547600059462,0.37831144072718437,0.6773095200118924,0.5674671610907766,315.5009664285267,247.77001442733746,258.75425031944906
2022-09-17,260,2022Q3,2.080444685848964,-0.461351203990578,-0.23746831555846842,-0.20964585586471393,0.05218627135616566,0.5369441045613765,0.05798153018962097,0.06586521975535685,0.5864968394998537,0.1668402003355557,0.28512190987843616,0.2055784348477209,0.5702438197568723,0.30836765227158136,286.7461793124226,229.72179733673536,255.90941408526447
2022-09-24,267,2022Q3,2.0938965800071605,-0.23642378142121298,-0.11905873003404988,-0.10664475343657887,0.19005654736786518,0.9256512324553051,0.05674208360736779,-0.23807770177742793,0.8260734211877682,0.10820722314954895,0.391048071654956,0.13444016598983166,0.782096143309912,0.2016602489847475,292.29870644556786,214.08909211457666,272.1326815470931
2022-10-01,274,2022Q4,2.1072325059538586,0.0021503013227746654,0.001075151282798226,0.0009676357816718674,0.02647902418321108,0.7395293625871143,0.8718519838496049,-0.03631906480024944,0.7669376084563957,0.5165946930611829,0.3657161298951125,0.5687974555892518,0.731432259790225,0.8531961833838777,368.2988544292595,295.15562845023703,282.9792360908717
2022-10-08,281,2022Q4,2.120454931218258,0.2406002661322256,0.12119346147073601,0.10853811828088847,0.13368056287331,0.9883483020436096,0.4907863731883192,0.06689814416903,0.9230862473986439,0.505677641220622,0.43134106462520555,0.5594945085496966,0.8626821292504111,0.839241762824545,413.14956486164425,326.8813519366032,329.2253885791898
2022-10-15,288,2022Q4,2.1335662403819384,0.46516249913190355,0.2395565591209271,0.2114157174758492,0.19806703013695182,0.8440878060870128,0.5520462937288199,-0.10191121469442044,0.8695430646501264,0.5453307929260275,0.4093012207242082,0.592599774949868,0.8186024414484164,0.888899662424802,414.86398771735367,333.00374357251206,325.9740214748735
2022-10-22,295,2022Q4,2.1465687388651604,0.6628750027453377,0.3544502230989869,0.30519756775329737,0.3315947395108636,1.1052430449694044,0.18210048268845436,0.17015370682666664,1.035559651919044,0.36789425110994384,0.47598465940764906,0.42997646995111893,0.9519693188152981,0.6449647049266785,455.0448776697965,359.8479457882666,390.54840717712864
2022-10-29,302,2022Q4,2.1594646564959032,0.8223255775192096,0.4642104791518923,0.38596081700133056,0.0019223830951913276,0.7866453079891764,0.08511221655433675,-0.03091804251361547,0.8615889401432647,0.20027857492229803,0.4059850450836118,0.24524596518071337,0.8119700901672235,0.36786894777107004,369.62688520171037,288.42987618498796,332.83999042460334
2022-11-05,309,2022Q4,2.1722561508765823,0.9343105477678196,0.5672476988027229,0.4504674739711627,0.006552828709787726,0.8209424241772053,0.37826667224578037,0.009983878620873759,0.8321794364047663,0.28552196688595455,0.3936311257681323,0.34248272330947377,0.7872622515362646,0.5137240849642106,394.02466686788813,315.2984417142617,342.65225837146704
2022-11-12,316,2022Q4,2.184945310562219,0.9923660086146721,0.6620696215153815,0.49633068903901606,0.3617509190924383,1.0986993924852833,0.031347954993460866,0.15217787077176892,1.0201988423935389,0.14107834964852908,0.47002265948921945,0.17454233670697739,0.9400453189784389,0.2618135050604661,439.7063613504347,345.7018294525908,413.5250108443881
2022-11-19,323,2022Q4,2.1975341580627252,0.9931409302238695,0.7473029667054297,0.5221331690787897,0.16036127961785399,1.0860840424826739,0.18169926457534682,0.006731910561656331,1.066208963810808,0.16137543317483438,0.4877505945919952,0.19902707108435766,0.9755011891839904,0.2985406066265365,416.0802313131553,318.5301123947562,386.2261706505016
2022-11-26,330,2022Q4,2.210024652680984,0.936590583203982,0.821713322596059,0.5274911717400123,0.0040928026842658675,0.9761425803678772,0.45122508964008945,0.08311023346684188,1.0042457190466754,0.3185040238436537,0.4637850366080944,0.37834780748386254,0.9275700732161888,0.5675217112257938,431.9810645014087,339.2240571797898,375.2288933788293
2022-12-03,337,2022Q4,2.22241869319751,0.8259791204413983,0.8842230238742036,0.5130606432946806,0.5094253232156316,1.3330553414967015,0.3248815398172063,0.010416569610378682,1.2373398468790457,0.31991327741614417,0.5502012734260675,0.3798562044271369,1.100402546852135,0.5697843066407053,492.550808281104,382.51055359589054,435.5723776170335
2022-12-10,344,2022Q4,2.2347181204116415,0.6676911663366996,0.9339267592294762,0.4804853776698527,0.05579449228710865,0.8708050157282475,0.06136702507432211,-0.026078365987139886,0.9794627519812272,0.19164078691459518,0.45400320317026277,0.23507159001949965,0.9080064063405255,0.3526073850292495,400.5533415751238,309.7527009410712,365.29260307219886
2022-12-17,351,2022Q4,2.24692471954847,0.4708632887360563,0.9701046827361175,0.43229039144165216,0.03204707920677836,0.8305732849208735,0.08341144683339353,0.0003237817601140225,0.8737795483726064,0.13424985628259592,0.4110630686892392,0.1662546117947875,0.8221261373784784,0.24938191769218127,378.3094027027674,296.0967889649196,353.37121093354926
2022-12-24,358,2022Q4,2.259040222540022,0.2468566254334839,0.9922328391893008,0.37172683938683543,0.11325688788005722,0.8599738421793223,0.0807418664931009,-0.19351983871543968,0.863451498441452,0.09514642061628213,0.4067625330299513,0.1183754087909744,0.8135250660599026,0.1775631131864616,354.15922903378396,272.8067224277937,336.4029177151378
2022-12-31,365,2022Q4,2.2710663101885897,0.008601105865714402,0.9999907524084426,0.30257755748224713,0.7398097293900004,1.397900232752279,1.2122903248892998,0.055720041828816715,1.2379362854436249,0.6832986655885275,0.5504091812176005,0.6932174603575603,1.100818362435201,1.0398261905363404,550.9818191861195,440.89998294259954,446.99920013248556
2023-01-07,7,2023Q1,2.2830046142195117,-0.23851257519407648,0.9927586335250793,0.22627381749930087,0.05301360937057869,0.7467812311464811,0.12213456731138585,-0.13585273353720548,0.8934187900219952,0.4047422011911921,0.41919037327828684,0.4667662342373803,0.8383807465565737,0.7001493513560704,396.496940546483,312.6588658908256,326.482005410876
2023-01-14,14,2023Q1,2.2948567192302005,-0.4632579225674917,0.9711394088771653,0.1523644458929021,0.09609109474852066,0.7423205222475279,0.8661671297694332,-0.15340340689679768,0.7871455231319823,0.6615465215781807,0.3744361813379246,0.6788258160531161,0.7488723626758492,1.0182387240796742,415.70199397303486,340.81475770545,313.8781215650675
2023-01-21,21,2023Q1,2.3066241645417076,-0.6612634749656386,0.9354554315134164,0.08225758696433332,0.16178333630997513,0.8759676438860621,0.20588365072614306,0.1786208319682097,0.8494124330612669,0.43788647895992994,0.4008877447521579,0.4985375431580099,0.8017754895043158,0.7478063147370149,427.88677240255566,347.7092234521241,353.1061409288542
2023-01-28,28,2023Q1,2.318308445958688,-0.8211001178128892,0.88622350294858,0.019537015540707248,0.026674839927217947,0.6285836522071365,0.09039321559618899,0.100389642924029,0.6904346405195395,0.2267432769682891,0.3321272154477373,0.27607580769683315,0.6642544308954746,0.41411371154524973,354.3278086791366,287.9023655895891,312.91643752461164
2023-02-04,35,2023Q1,2.3299110174432043,-0.9335418911179212,0.8241566360566663,-0.03281557651837645,0.059840098448328355,0.7473333941539757,1.120766357628673,-0.10047489053085693,0.7302669243941745,0.7070425436423906,0.3497276891399678,0.7083194916531218,0.6994553782799356,1.0624792374796828,401.8395264601918,331.8939886321982,295.59160271222356
2023-02-11,42,2023Q1,2.3414332927074426,-0.992098522791769,0.7501537286959042,-0.07258343822875943,0.1237050779146498,0.6542276057487434,0.9917380426728191,0.008354073254835998,0.6765358356235017,0.8535759902543844,0.3259301875594713,0.7883169271570489,0.6518603751189426,1.1824753907355734,423.52447715026847,358.3384396383742,305.2769380767112
2023-02-18,49,2023Q1,2.3528766467300586,-0.9933900548258936,0.6652865452111116,-0.09843105288443459,0.5042060077988245,0.915781420230625,0.3373888606648539,-0.1267458605142722,0.8442353324196885,0.5998659324575761,0.39871295093483644,0.6350489632538211,0.7974259018696729,0.9525734448807317,438.1905087880581,358.44791860109075,342.93316429998487
2023-02-25,56,2023Q1,2.3642424172005585,-0.9373419384643772,0.5707841943569036,-0.10996732323224206,0.004824216497875918,0.5506891207269945,0.34687350027905456,-0.11804346065078074,0.6383077155650855,0.4819190591910775,0.3087416345589449,0.538754317326605,0.6174832691178898,0.8081314759899074,356.66705949232085,294.9187325805319,275.8539118933301
2023-03-04,63,2023Q1,2.3755319058958184,-0.8271893372462497,0.4680153284438345,-0.10775220264072455,0.3310755335024014,0.7866533268541812,0.12703714983988035,0.032174319003034864,0.742374408079218,0.2713537975891859,0.3550297111037652,0.3267560757477876,0.7100594222075304,0.49013411362168136,383.1223091589742,312.1163669382211,334.10889779680605
2023-03-11,70,2023Q1,2.386746379992573,-0.6692903895412567,0.35846832151248087,-0.09324662040863275,0.3235293686805835,0.7881827676538764,0.4699794431287908,-0.16478733719247438,0.7752059879476267,0.35327466704085403,0.36929195204122156,0.41496428283793074,0.7385839040824431,0.6224464242568961,381.3272119411389,307.4688215328946,319.0825695154492
2023-03-18,77,2023Q1,2.3978870733194606,-0.47275920928627757,0.24372971360968387,-0.06870884870297811,0.15527598850695515,0.6788184643475782,0.0643947601815518,-0.049764091835432706,0.7063801695979155,0.19973491026175955,0.3392016336351595,0.2446071517711453,0.678403267270319,0.36691072765671795,348.00041162150416,280.1600848944723,311.3093388558324
2023-03-25,84,2023Q1,2.4089551875519657,-0.24893980855376657,0.12546123335273648,-0.037043572560309025,0.19970840380227492,0.8460091359086896,0.6227596061425001,0.14003938239939334,0.8058085844226357,0.42044346173091135,0.3824312411859427,0.48197546881607745,0.7648624823718854,0.7229632032241162,419.9485086789327,343.4622604417441,347.65218835652104
2023-04-01,91,2023Q2,2.4199518933533937,-0.01075130776352193,0.005375731557583884,-0.0016126728617814135,0.05599469995704816,0.6395421009954195,0.33728879103608217,0.015469946372999532,0.6885811138221334,0.3858745144233702,0.3313024283259711,0.4481181918175568,0.6626048566519422,0.6721772877263352,382.4586011199937,316.19811545479945,315.24087234736015
2023-04-08,98,2023Q2,2.4308783314648084,0.2280577712215198,-0.11478762552212701,0.03398104370981783,0.12293168344676093,0.8248217130623804,0.4011575614576673,-0.01296314332420212,0.7841589725689293,0.39122197521814794,0.37315154958582597,0.45344420618853654,0.7463030991716519,0.6801663092828047,400.12973237516417,325.49942245799895,332.1131014468837
2023-04-15,105,2023Q2,2.4417356137466784,0.45370308603134424,-0.23328854407545518,0.06612436258676671,0.05305754125195532,0.6699411237430558,0.06645785828469705,0.12298013583031711,0.704155732830552,0.22890868668819397,0.3382170135363053,0.2785743930271359,0.6764340270726106,0.41786158954070385,377.81932700290315,310.1759242956421,336.0331680488328
2023-04-22,112,2023Q2,2.4525248241748074,0.65316012232693,-0.3484108069446808,0.09142479461467476,0.10381228351528123,0.8386287455460464,0.7429358170324973,0.04246471997096652,0.7982446531908636,0.48992812555667886,0.3791977405309216,0.5458214449695352,0.7583954810618432,0.8187321674543029,426.7354270791875,350.8958789730033,344.8622103337573
2023-04-29,119,2023Q2,2.4632470197929583,0.8149159841660791,-0.45848712914008766,0.10692865650779744,0.23483299072637293,1.0604055084467314,0.2773796971706883,0.0032645367245490507,0.9841630342273144,0.3816569415681705,0.4558669437806862,0.44389495067219564,0.9117338875613724,0.6658424260082935,438.58495173213436,347.41156297599713,372.000709131305
2023-05-06,126,2023Q2,2.4739032316244405,0.9296339319682695,-0.5619233046832195,0.110313188185515,0.4318689632085845,1.083895983839228,0.40649504081614646,-0.1175368243781239,1.055457045739911,0.39425390717077446,0.4836428482041621,0.456449691111548,0.9672856964083242,0.6846745366673219,455.0508791716062,358.3223095307738,386.583425504874
2023-05-13,133,2023Q2,2.484494465544786,0.9906923101615609,-0.6572212950663319,0.1000413045285687,0.24218483698232696,1.0623929088009882,0.07439540711253281,0.003986038793591172,1.0625555228247745,0.2345892421025815,0.4863572121463688,0.2851110074516141,0.9727144242927376,0.42766651117742116,423.10875813194315,325.8373157026694,380.3421070142011
2023-05-20,140,2023Q2,2.495021703117512,0.9945667569706337,-0.7430009249440493,0.0754697496079753,1.1521470118962471,1.4657713283771259,0.011885659864140438,-0.08830426672997665,1.3483915231411534,0.0988691124110824,0.5877330750115978,0.12296100810810183,1.1754661500231955,0.18444151216215274,499.4241860077106,381.8775710053911,480.98003479149537
2023-05-27,147,2023Q2,2.5054859023948506,0.9410336347451197,-0.8180198708443175,0.03690412917024066,0.245961669569975,0.9148063840920975,0.018214523504357587,-0.03548650668367532,1.044049637234286,0.04990297883550897,0.4792612603807686,0.06229794188319942,0.9585225207615372,0.09344691282479912,380.48346280377274,284.63121072761896,371.1387715212928
2023-06-03,154,2023Q2,2.5158879986852085,0.8331829385891785,-0.881191653407483,-0.014402614445491346,0.07363749723037231,0.6461057430720322,0.4529271174405307,0.08159695028928199,0.7629863700714392,0.2529627840254993,0.3640035112208037,0.306070065144174,0.7280070224416074,0.459105097716261,384.383195191724,311.58249294756325,338.4726854200979
2023-06-10,161,2023Q2,2.5262289052890328,0.6772399381909491,-0.9316013725767187,-0.07630843031573088,0.12385518194115379,1.01254768444608,0.3088096323418862,-0.028724051681695895,0.9373943597756955,0.28870001569133785,0.43714605976407417,0.34598454233069703,0.8742921195281483,0.5189768134960455,393.83205382569537,306.4028418728805,341.9343724760908
2023-06-17,168,2023Q2,2.536509514204629,0.4822058478963526,-0.9685189578512204,-0.14589393298646033,0.009291890284984372,0.5366610731716878,0.08995532926729209,0.06897319727819134,0.6515699842995633,0.19192999479275336,0.3147283355700339,0.23541309428402526,0.6294566711400678,0.3531196414260379,345.14569813474503,282.20003102073827,309.8337339921412
2023-06-24,175,2023Q2,2.546730696805424,0.2593382659754056,-0.9914097417023038,-0.21962144271806947,0.08595744271692819,0.796471066251515,0.53920605743877,-0.29699282463746035,0.752324301246375,0.3829344105802421,0.35936988344124565,0.44517623266764345,0.7187397668824913,0.6677643490014652,350.2577988050779,278.38382211682875,283.4813639049314
2023-07-01,182,2023Q3,2.5568933044900626,0.021501372740813793,-0.9999422030204416,-0.2935322490838883,0.06858755919028894,0.5084875630567416,0.1239030242996509,-0.21667859568673495,0.5808519174295639,0.2424512476685838,0.28252681791431855,0.2941141372256219,0.5650536358286371,0.44117120583843283,312.14948605767984,255.64412247481613,268.0323654738366
2023-07-08,189,2023Q3,2.56699816930664,-0.21757660514828173,-0.993992768446958,-0.3634708120785719,0.4482314157008,0.7482606295068613,0.17833265468604284,-0.13902992033585324,0.6965272712506392,0.20604271858878523,0.33483474861308843,0.25200572328647025,0.6696694972261769,0.37800858492970535,356.04069347488974,289.07374375227204,318.2398349819192
2023-07-15,196,2023Q3,2.57704610455232,-0.4440958041592176,-0.9736476020539838,-0.4253230218639604,0.2660583068288902,0.5874069304220999,0.10902328095799536,-0.11127800684628449,0.6204331113183175,0.15816859816308038,0.3006340931426926,0.1951742596830759,0.6012681862853853,0.29276138952461384,320.0532958480964,259.9264772195579,290.777156895635
2023-07-22,203,2023Q3,2.587037905349502,-0.6449812683237445,-0.939201357453208,-0.4752547877330857,0.04720865524503045,0.40586793366454077,0.1283385058128788,-0.01678712068486782,0.4680046814744673,0.12955796693378321,0.2298227653185055,0.16054635793719124,0.459645530637011,0.24081953690578686,284.26697197193766,238.3024189082366,260.18501828135896
2023-07-29,210,2023Q3,2.596974349199644,-0.8086376511543127,-0.8911529104063088,-0.5099371684681865,0.7423746116075242,1.0097398794926877,0.05145939021118002,-0.05664890001798198,0.8500846297295159,0.08809389076953258,0.40116979037952055,0.10967442346438039,0.8023395807590411,0.16451163519657058,373.96141082766115,293.727452751757,357.5102473080041
2023-08-05,217,2023Q3,2.606856196515781,-0.9256185127518922,-0.8301981337405212,-0.526744993947724,0.02344992149801775,0.36404634638366523,0.19070977005439688,-0.0018503973862331908,0.507661546494479,0.1398144009242432,0.24851625318064363,0.17301011233209063,0.49703250636128726,0.25951516849813594,285.82584015392644,236.12258951779773,259.87432330411286
2023-08-12,224,2023Q3,2.6166841911347305,-0.9891715794849547,-0.7572198192083127,-0.5239174196079802,0.106749917056379,0.6653795788687625,0.23320237089549764,-0.023000331380884656,0.6185098843663701,0.19064768890778716,0.29975913844341867,0.23389847235645386,0.5995182768868373,0.3508477085346808,312.6882342623762,252.7364065736925,277.60346340890817
2023-08-19,231,2023Q3,2.6264590608099168,-0.9956284932063294,-0.673274892250183,-0.5006710156369537,0.1981950783649217,0.5023783689170058,0.23753850760467188,-0.09727532210075482,0.5377695063503648,0.21773309831595597,0.2625867913696844,0.2656394959231397,0.5251735827393688,0.39845924388470955,315.03406280612086,262.516704532184,275.1881384176499
2023-08-26,238,2023Q3,2.6361815176856953,-0.9446165532223606,-0.5795791048257612,-0.4572586974144366,0.3263930738046421,0.6155188383804127,0.1668132954118609,-0.036139742089330205,0.5899405522272843,0.19611832703726445,0.28670301099727125,0.24035223386404034,0.5734060219945425,0.3605283507960605,340.31105247771734,282.9704502782631,304.2582173981113
2023-09-02,245,2023Q3,2.6458522587540174,-0.8390802290175676,-0.4774894280028391,-0.39497089710612204,0.1920274880829886,0.5486737608088131,0.7244442784725461,-0.05788034817835394,0.5621091843012872,0.47807245303551027,0.27388084846997396,0.5353328494674554,0.5477616969399479,0.8029992742011831,373.5789472693661,318.8027775753713,293.2790198492478
2023-09-09,252,2023Q3,2.6554719662942223,-0.6851112019949135,-0.3684843993077793,-0.31607868039080783,0.4840811074436626,1.0368206307718493,0.38565162728611274,0.026854161514753117,0.896530466075857,0.4369436820404987,0.4204719816725203,0.4976514298637209,0.8409439633450406,0.7464771447955814,443.77496630024524,359.6805699657412,369.12725182068715
2023-09-16,259,2023Q3,2.6650413082967157,-0.4915967464233612,-0.2541427094613622,-0.22372183676541704,0.12963911394956582,0.7059536803962871,0.06902715355866923,-0.10043496738943253,0.7642904140697996,0.2473683726647172,0.3645690069525633,0.2997186579981639,0.7291380139051266,0.4495779869972458,364.92396189938046,292.0101605088678,319.96616319965585
2023-09-23,266,2023Q3,2.6745609388712346,-0.2697067454601279,-0.13612033862266704,-0.12174812522483848,0.30236704604434317,0.7592651730440046,0.058033850874669446,0.0378135068283835,0.7615944428187686,0.14907513028512026,0.36339960887910067,0.18421658375219305,0.7267992177582013,0.27632487562828956,389.61174599056136,316.93182421474125,361.9792584277324
2023-09-30,273,2023Q3,2.6840314986403864,-0.0322489522893041,-0.016126573270657762,-0.014512657667988557,0.036935121354199074,0.6196272116943888,0.40987628046524194,-0.13896587118757436,0.6626229723882118,0.2689901054416043,0.3196987128874196,0.32411438074000504,0.6393974257748392,0.4861715711100075,369.3057088023869,305.365966224903,320.6885516913862
2023-10-07,280,2023Q4,2.693453615119092,0.20707028853384077,0.1041007489354256,0.09335131124077992,0.06399353291503215,0.6908839730943974,0.021668949357245827,0.033298162870870465,0.6804281944582738,0.13319677146846284,0.32766851853882173,0.16497436119821812,0.6553370370776435,0.24746154179732718,378.68952010207454,313.1558163943102,353.9433659223418
2023-10-14,287,2023Q4,2.7028279030805495,0.4344371874948622,0.22282040779479959,0.1971772785868985,0.22302573618686922,0.8552236237762572,0.10422756370490682,-0.07399511635928227,0.8036382670636976,0.11988551459155941,0.38150440665756097,0.14874509609439757,0.7630088133151219,0.22311764414159635,403.5162258951753,327.2153445636631,381.2044614810157
2023-10-21,294,2023Q4,2.7121549649092884,0.6367278583821979,0.3383130181923075,0.2925122629723516,0.04197238793627519,0.770626005540847,0.052702963072085884,-0.02584704869218072,0.7805946259477547,0.08611654257173652,0.3716165105844746,0.10723181166097656,0.7432330211689492,0.16084771749146484,392.4873305786149,318.16402846171997,376.4025588294684
2023-10-28,301,2023Q4,2.7214353909418687,0.8022658445149573,0.4489059314938798,0.3753515328026511,0.2038651236711725,1.0469516247885167,0.36935476473885515,0.007962201216775293,0.9694872405534104,0.2263849364644163,0.45003456431776045,0.2756619708481936,0.9000691286355209,0.41349295627229044,462.21763335402795,372.2107204904758,420.8683377267989
2023-11-04,308,2023Q4,2.7306697597957434,0.9214960976269942,0.5529974600700271,0.44234806730910636,0.5333339635808589,1.1963275260865893,0.483866479100972,-0.022824979988812964,1.1311647084430343,0.37053229210748495,0.5121075557176948,0.4326605552880348,1.0242151114353897,0.6489908329320522,535.6732755064338,433.2517643628948,470.77419221322856
2023-11-11,315,2023Q4,2.7398586386867803,0.9875365065492301,0.6490800741100398,0.4909849741977809,0.09806603403218452,0.9062803321181077,0.28768005270889346,-0.035819996840491836,0.9740375005819714,0.33522125537498876,0.4518470508180451,0.3961100521883846,0.9036941016360902,0.5941650782825769,479.0948829994921,388.72547283588307,419.6783751712344
2023-11-18,322,2023Q4,2.7490025837359147,0.996575140802686,0.7357622347736525,0.5197012126729016,0.020027366566169245,0.8638762860106347,0.24036554475261732,0.005349341914372909,0.8974576971511289,0.2940488194531541,0.4208535571082478,0.35185652592201133,0.8417071142164956,0.5277847888830169,466.3572407988871,382.1865293772375,413.5787619105854
2023-11-25,329,2023Q4,2.7581021402653816,0.9480902797323661,0.8117885474764613,0.5279636481626482,0.20247580775046112,1.119205132698403,0.32674992224714555,0.09019718720643258,1.0530939249093585,0.3089792094337595,0.4827371499209595,0.3681004246598103,0.965474299841919,0.5521506369897154,509.63637202165575,413.0889420374639,454.42130832268424
2023-12-02,336,2023Q4,2.767157843084954,0.8448805268402667,0.8760579434344281,0.5162815410824084,0.45449536577162536,1.2950518030751261,0.13726125062796263,-0.07079084677137935,1.2230287774119921,0.21156672241509406,0.5451922374742435,0.2584608775174694,1.090384474948487,0.38769131627620407,514.5219694392299,405.4835219443813,475.75283781160954
2023-12-09,343,2023Q4,2.7761702167685938,0.6929032710826029,0.9276396261490467,0.48616286916949486,0.5337785989817069,1.3376787684681866,0.33135554982897064,-0.004901487206684422,1.3057497749159264,0.272916986026035,0.5736021406643791,0.3285003192908856,1.1472042813287582,0.4927504789363284,543.1164957978197,428.3960676649439,493.8414479041869
2023-12-16,350,2023Q4,2.7851397759219045,0.5009308193361626,0.9657865518844574,0.440015211366186,0.29492051191468854,1.023550070034345,0.020388102409550756,0.03169601732238216,1.1091227250772184,0.1393199628063573,0.5039310482070952,0.17241050035604297,1.0078620964141904,0.25861575053406444,481.8249363473416,381.0387267059226,455.9633612939352
2023-12-23,357,2023Q4,2.794067025440749,0.2800440484743445,0.9899462489023779,0.38099708921301667,0.15539961243389486,0.8947663237746523,0.3138563513369238,0.05728924947200368,0.9577902841426399,0.22615837137463313,0.44535833027692795,0.2754002647779135,0.8907166605538559,0.4131003971668703,469.15700342803905,380.0853373726535,427.84696371135203
2023-12-30,364,2023Q4,2.802952460761391,0.04299280405372191,0.999768818762748,0.31282848684494097,0.4864334437275917,1.1003897531694375,0.19918558147051482,0.1254411370028627,1.0564971653871313,0.21473612078399237,0.48404116040333134,0.26215417159502913,0.9680823208066627,0.3932312573925437,508.8969106535993,412.088678572933,469.5737849143449
2024-01-06,6,2024Q1,2.8117965681024923,-0.20496611396949532,0.9946781061893646,0.23691359766596076,0.3291047882404686,0.9506739744127986,0.0321128194335214,0.0014707974714767774,0.9802086954088043,0.11344971242890858,0.4542992482183681,0.14086907970509158,0.9085984964367362,0.21130361955763738,449.9187867474771,359.05893710380354,428.7884247917134
2024-01-13,13,2024Q1,2.8205998246992805,-0.4324994021339788,0.975098513039961,0.16277973327179465,0.07498077891011039,0.8521204327857408,0.12392608820448398,-0.18633579296600064,0.8895669679864115,0.12213916650986073,0.4176016037540501,0.15149867203950917,0.8352032075081002,0.22724800805926376,393.44757594825495,309.9272551974449,370.72277514232854
2024-01-20,20,2024Q1,2.8293626990302037,-0.6350683134867438,0.9413968285264122,0.09189855451190052,0.02039961891079813,0.6587990317814869,0.1327052336038092,-0.19337811561260776,0.7266805523288185,0.12138382946573115,0.3481528407747976,0.15057603951044093,0.6963056815495952,0.2258640592656614,367.04524976555507,297.41468161059555,344.4588438389889
2024-01-27,27,2024Q1,2.838085651036354,-0.8009803309782905,0.8940611451454876,0.027924244250159148,0.05287444308081391,0.6514732362582624,0.16163926910605617,-0.06769432867461586,0.6714692886750675,0.1402600055404117,0.3236641588152982,0.1735503934061765,0.6473283176305964,0.26032559010926476,375.88439174325725,311.15155998019765,349.85183273233076
2024-02-03,34,2024Q1,2.84676913233394,-0.9206588168102428,0.8337770129585915,-0.026064541155495367,0.3943943640103255,1.1114529623327967,1.0110551167984712,0.023880068901506794,0.9803769214931715,0.6082889710816064,0.4543659988033775,0.6412896742212656,0.908731997606755,0.9619345113318984,510.96455330289297,420.0913535422176,414.77110216970317
2024-02-10,41,2024Q1,2.8554135864200756,-0.9871957872910085,0.7614175109532997,-0.06773348290131266,0.10181910673113989,0.8807976850537905,0.01617580429349451,0.053891821019659905,0.9108353838214349,0.30864071155718414,0.42634215539822556,0.36773457755354816,0.8526843107964511,0.5516018663303223,434.76772083963357,349.49928975998847,379.6075342066014
2024-02-17,48,2024Q1,2.864019448872136,-0.9967506498213929,0.6780306024735382,-0.09561601420435642,0.06691676896232804,0.602284386834785,0.9817721499183392,0.17870014702805803,0.6945266311502095,0.6735086612815794,0.33394628146542066,0.6868066289777873,0.6678925629308413,1.030209943466681,471.2122857055688,404.4230294124847,368.1912913589007
2024-02-24,55,2024Q1,2.8725871475409304,-0.9487718864399473,0.5848239578463322,-0.10918437857808451,0.1266804435263381,0.8788014176214828,0.14191850593654426,-0.04486638170620741,0.824818458228472,0.40705622483674475,0.39051641337505527,0.46902550967653384,0.7810328267501105,0.7035382645148007,432.97879220478876,354.87550952977773,362.62496575330874
2024-03-02,62,2024Q1,2.8811171027379094,-0.8460288880917339,0.4831474640149687,-0.10886442722302957,0.12142473705599181,0.6351708856132599,0.8015358983932898,-0.012378471793242175,0.6893425851879235,0.5973120876681779,0.33164133120060146,0.6331402102895894,0.6632826624012029,0.9497103154343842,449.4291918613217,383.1009256212014,354.45816031788326
2024-03-09,69,2024Q1,2.889609727416644,-0.6944521021088763,0.374473674486883,-0.09599352828659799,0.01602287422106503,0.6854595758615998,0.019895333171159876,-0.1714324060654561,0.685507867026147,0.30872769471559103,0.3299337710197391,0.3678285994654562,0.6598675420394782,0.5517428991981843,384.98171085233173,318.9949566483839,329.8074209325133
2024-03-16,76,2024Q1,2.898065427348779,-0.5027907197793043,0.2603764827344581,-0.07272427111345386,0.09447495121838012,0.6331143147427759,0.25565117896084355,0.017782156107154327,0.6490086136077835,0.2579854044729675,0.3135740425071289,0.31174921123029065,0.6271480850142578,0.46762381684543597,403.2370165420553,340.5222080406295,356.4746348575117
2024-03-23,83,2024Q1,2.9064846012946646,-0.2821076626819194,0.14250832791617088,-0.04187980042972455,0.11848338653464453,0.7852057340986762,0.17584996998122032,-0.00915430198660126,0.7438115767541361,0.21804873602858307,0.3556575604067882,0.2660061636561449,0.7113151208135764,0.39900924548421735,408.4258251710777,337.2943130897201,368.524900622656
2024-03-30,90,2024Q1,2.9148676411688634,-0.04514101777397193,0.022576263041545485,-0.006769426419727932,0.9502221261163941,1.520910606122334,0.22626338179915445,-0.036882888068222944,1.2928440530889553,0.20298030836073092,0.5692563712755396,0.24841737157979563,1.1385127425510793,0.37262605736969345,533.257625271808,419.4063510167,495.99501953483866
