Weeks,Google Search,DV360,Facebook,AMS,TV,VOD,OOH,Radio,Numeric Distribution,RSP,Promotion,target1,target2
2020-01-06,2.414281100334212,3.179335723681312,2.112388815385968,1.3264979480968495,13.974317926788231,1.5443158496872127,4.754408040475884,0.0,0.7413011757687906,3.6433041352783224,0.9696236302419952,8.126477943059093,6.840064195465405
2020-01-13,1.9538290320713072,3.7124020020700983,1.1221138246041595,0.8411848785075133,8.097841488155101,1.4583984892889637,5.5369858376273084,0.0,0.701278539540953,3.6433041352783224,0.8535079496909301,7.033357359486677,5.944537026530459
2020-01-20,1.445275120470241,6.610629586034209,3.7930222959099407,0.8856548442000226,11.670005612971634,2.7421017560104435,0.0,0.854065651219727,0.7126817997306086,3.6433041352783224,0.9748421218851604,9.26567592798101,6.553764164998685
2020-01-27,3.695155647243305,2.694911931887555,2.0166906211133617,1.1309292315536694,9.87292050889851,4.760902119745169,0.0,0.9632235307138431,0.7186568950626291,3.6433041352783224,1.0,9.445138355881545,7.8255551853470084
2020-02-03,1.9091383314795416,3.047635930847779,1.8870421489552232,1.4789246879912596,7.598347968963381,2.9268698345476234,0.0,1.4753993903338534,0.7138447559570777,3.6433041352783224,0.9374660048786256,8.671741883156365,6.847198802149891
2020-02-10,5.053019761491211,2.0523670225314774,3.832523195131529,3.373490239397595,42.77773681903567,2.1420894698491906,2.25001043726152,2.9987317775963627,0.7116489785778088,3.6433041352783224,0.9867247545987876,12.151031672470305,10.740212621048697
2020-02-17,2.1281273087436863,2.4743111292291893,1.8564980110957985,1.6454564599379502,10.857956367381156,1.0706360442465286,0.0,0.0,0.7294921182386944,3.6433041352783224,0.9052960275458036,8.687366955213427,7.6403631183311935
2020-02-24,1.7169479214465928,2.1283540313769715,1.9836378619357955,1.0602828726211877,12.580535894581232,6.849878948336675,1.8349607059390205,0.7509177160459802,0.7254357119026084,3.6433041352783224,0.9061775503755276,7.85428729884143,7.109725454002636
2020-03-02,1.3890722954128054,2.3493507940801166,1.2783068313331114,1.5129814904955494,9.92259283223159,2.228568309026522,4.915396798921181,0.6448657746406955,0.7250679889482463,3.6433041352783224,0.974393070323366,7.270158437047737,6.993550297192893
2020-03-09,2.104878638410969,6.36263689912024,1.1769762663682142,1.6136811717980002,19.981888787489968,1.2900733369819248,0.0,1.045264594839681,0.7740024929326311,3.6433041352783224,0.8536159776986888,7.446994649901742,7.592298630416803
2020-03-16,2.1161906770465544,2.789444640937897,0.7991907035510902,1.341332462090403,33.51746706465173,1.3578907290455036,15.72105296346036,0.4929965872039271,0.7741696717251475,3.5949383788112503,0.9038548698670552,6.847333523384848,7.4953910458667075
2020-03-23,2.32031480316397,2.133149871681971,1.075721157707732,0.8572302854709102,16.019085110098278,2.7109930011254444,4.774219018809905,2.020818497050817,0.7842214663416489,3.822043761490357,1.0,6.58961473269556,7.067708792620756
2020-03-30,2.428526168645974,3.6520475979338394,1.8554737799172456,1.3445165192379886,13.468727936213012,2.053148308736716,0.0,0.6713172498530648,0.7502423917840361,3.822043761490357,0.8757093056564,6.661297362344292,7.797242287155284
2020-04-06,1.6993608339843511,2.98893045864099,1.533508023560619,1.5588417013482163,10.248600941518756,1.831748587855052,0.0,0.3560854197779967,0.7423208103759174,3.822043761490357,0.8538728258938303,5.666320752924596,7.721319466868008
2020-04-13,1.6649799089911164,2.500056562777742,1.8109975906196012,1.0876278492092346,7.221321634619993,0.9712098681193982,0.0,1.1469821025780476,0.7419247313947726,3.822043761490357,0.9437049514845036,5.641250145490612,7.338650507003846
2020-04-20,1.752548550389971,2.709069185342077,1.865265006736784,3.8637859615691257,15.384227749670208,0.8935715521519157,5.289544926114762,1.419235337896222,0.754956585524419,3.822043761490357,0.8714775274204799,6.49855231361252,8.036255667500757
2020-04-27,1.831975012133733,2.0311482563822274,1.414175905967309,1.0660050367364742,7.209572749199716,0.4848288309796518,7.45783303205271,1.714761452368968,0.7333251625112462,3.822043761490357,0.8947514631441306,4.597721654901923,6.965656551878192
2020-05-04,5.807014897085332,5.384104901934261,1.4150445133509535,0.9920843880361644,7.992379361758699,0.6400433282783613,4.8919103281981275,1.0201677830038824,0.7317282990169321,3.822043761490357,0.9466605602129726,6.8807434258755915,8.517901726723416
2020-05-11,3.601955467820135,2.1493191876827917,1.1183818512338766,1.4356089461517898,4.7253922349434925,1.0969364291652934,4.160520421283753,1.3455206530529351,0.7617079818716044,3.6181780884109584,0.9002679623332314,5.3082269175477,7.943091162592122
2020-05-18,1.707784260304186,2.8222933611423757,1.7437681141703243,0.7810211121101039,7.465071676320488,4.58829667574648,7.58782088942224,1.3660009539328672,0.7387899367132803,3.6181780884109584,0.935086923512933,4.349453165438873,7.413323289789716
2020-05-25,2.847707675428736,2.6269959619428693,1.632084991895013,0.6821990622705859,7.5461600113297855,1.0440399674987872,8.813714471336558,1.3106733528014798,0.7400705021951608,3.6181780884109584,0.9574145056113812,4.091841388951373,7.217876370683591
2020-06-01,1.9158631282344756,2.5078385818783167,1.4320257019300435,0.7907978095193563,7.172909650123058,0.4204608771734284,18.472247958321105,3.1919348796291076,0.727844939670189,3.6181780884109584,0.9826756167377334,4.311902173841657,7.078845118941868
2020-06-08,1.463298840347618,5.563014376375232,1.513523783961944,0.9987570315438784,3.4361572952329897,2.9653653549878936,9.753541567066424,0.7438949370970458,0.7212667823312227,3.6181780884109584,0.9243527427260178,4.116050178160069,7.627149234207826
2020-06-15,1.630090586672258,2.5265384716200097,1.588989867220879,1.1166770188655464,3.4227236067169864,4.1936968105173635,7.09402490356624,0.3214289562759532,0.7162392025372087,3.789409954345593,1.0,3.2487387823841516,7.507298928646251
2020-06-22,4.444982428548813,4.543695571556234,1.4379621723636515,0.8558876543046815,6.4834316909466665,0.9470228662643864,8.60483882222461,1.0796781339301913,0.6958414933862122,4.057262695020476,1.0,4.501361636047374,8.752267606164342
2020-06-29,1.411850381709432,6.01965677169792,5.475924466401297,1.203164148713559,5.05399661130622,1.2433051994030269,6.853919030621637,0.349927550476327,0.7213848618931973,4.057262695020476,0.9021880477334492,4.712325566233034,9.266879157729019
2020-07-06,1.933285322791936,1.7970991710671873,1.1032168575885477,1.366831202826332,4.285745312433452,4.849433315306108,5.841725104481576,1.053250246971935,0.6966477795558524,4.057262695020476,0.9371406490306402,3.522572240120419,7.183988925833605
2020-07-13,1.703977613627055,3.5723821789344137,1.6516416522566877,1.921395336743303,6.1394997483985305,0.907652655226287,4.794276149586621,0.3853736996690444,0.6704109114642893,4.057262695020476,0.9303118403535382,3.5276667422234094,7.126704820389638
2020-07-20,2.023020865381534,3.1825249699337608,1.0531555936905683,4.484618345503714,2.5879236763254543,0.922169603774928,8.07094378867597,1.0446174186943065,0.6475902273438426,4.057262695020476,0.8286270221648325,4.445627436447765,8.883046008927707
2020-07-27,1.1477998198627493,4.037785920754544,1.6013179826205988,1.3100948304968898,7.246522959497026,0.7534219643410567,7.600476753736401,0.44585195862699,0.6461165232503643,4.057262695020476,0.7547179013355467,2.279161111887867,6.700351926721191
2020-08-03,2.662022155201409,2.9973500850583905,2.121058369464765,1.8629335346397664,0.0,3.3708922098067755,9.122037615733255,0.8199772397763508,0.6544180506850364,4.057262695020476,0.7580399833318936,3.723193739787234,7.765811596201217
2020-08-10,1.5528149304365535,2.2063358968017415,1.7048478505476834,0.6728681208121119,14.883797518444052,0.9335940522332972,5.702786880598701,0.7579491023311375,0.6646431200615838,3.8022257952992935,0.9192926033518158,3.1613874883504316,6.692792068296388
2020-08-17,1.4928517990910584,5.52382748093254,2.1006438106096463,1.108642396392693,7.547676018869031,0.9297470907794532,1.546156796996926,1.0966733590221946,0.6699503559344252,3.8022257952992935,0.8241687033899514,3.4993423216883426,6.884426224325411
2020-08-24,1.34698729204943,3.233723739582601,1.5595943487195782,1.7652328487114777,12.15384499349572,0.5549754230121515,5.066061533519932,4.7596055469418745,0.6786607766805196,3.774519524602256,0.9266470785403113,4.614518158140681,7.327936456237102
2020-08-31,1.3386105864329274,3.1758843052227324,5.665611548212621,4.076822420230843,2.725365558522083,1.3443088537668997,9.365665449449397,2.070651331830133,0.6750667525495965,4.0224163278296245,1.0,7.573019603608189,10.762809490880882
2020-09-07,1.7468706363591384,2.403589193131356,1.862901637005873,1.2614039686213403,7.18764877374706,1.1306151471060446,5.141585284069137,1.0383886436592396,0.682427345331126,4.0224163278296245,0.8800811513424127,5.077357428843781,7.699149114992127
2020-09-14,1.6029693602654729,2.7494319469217876,5.22936242792449,1.3211336968328486,14.05982408590383,1.2175406476596966,5.116610572324028,1.2773240570667317,0.6708009303250846,4.0224163278296245,0.8781810423443901,6.453333742915463,9.285966756810788
2020-09-21,2.839652399035553,8.522802550404164,1.7434596376734193,0.7595920567083045,14.646429986006702,1.2912851219052477,4.487487014881763,4.217653033655756,0.7176155978146043,4.0224163278296245,0.8874032466529893,6.019997201589242,8.431767258656294
2020-09-28,1.9669108282018737,6.776781636491771,0.944709408406021,1.7525145974763687,15.316870828489106,1.524970455704597,3.2196851173357626,3.408410444278513,0.6699563743227936,4.0224163278296245,0.9246195194721852,6.124212470519741,8.326401648430732
2020-10-05,2.090295954988894,3.893168415754465,2.1347857433258803,1.4424785570043492,15.28433079004384,0.9175918957012908,5.938535434555178,3.7377671163288086,0.6787107778656976,4.0224163278296245,0.8022082735144247,6.262062852181622,8.997414479722789
2020-10-12,1.918891150379174,2.7459978100813114,1.313156858230816,1.4080877045609053,14.538049443533891,2.2732232634186893,8.371959310654582,1.3461217283501303,0.6750201236688321,4.0224163278296245,0.9289371651206872,6.737655722341679,7.879730558364514
2020-10-19,1.5307812909109215,6.553874702126459,0.9672358847768132,1.6543280412092485,9.29076197596964,1.1505141230457074,5.367881609286783,2.995666586388373,0.6888441753497319,3.736572020509216,0.8691005349580734,6.998407906558195,8.285329821485231
2020-10-26,2.232550698651938,4.202761044629265,1.351471732370269,1.3101376193868195,6.446074287690133,5.009373283986111,7.621903141276293,3.884484826825033,0.699252291916937,3.736572020509216,0.996626349229401,8.649913746437711,8.549247591821024
2020-11-02,1.450098349137806,2.139143968290616,1.6603299763789223,1.4826380170591646,10.924266944166732,1.4677947914565284,8.104191202038098,2.118994585315752,0.6946144759732854,3.736572020509216,0.9756280175854776,7.9214953733006634,8.301820006065217
2020-11-09,1.2010180284925696,2.2748145082190985,4.305852112195227,1.5998910761895602,10.862160526760595,1.540488266213463,9.20354013275221,3.731144650605924,0.6681455299519974,3.7862994516261415,1.0,9.53047132125107,9.538749773140584
2020-11-16,1.3715980848158602,6.192966569420898,1.5508506876934984,1.6120475754436845,30.761156289933957,1.8303719104076543,5.827052992865308,3.399819370075758,0.6451427447837762,3.7862994516261415,0.962263411169095,8.784477053271575,8.266393490100153
2020-11-23,1.7041865681112556,6.48408964223501,4.527362482665503,4.322985248886744,12.698967965319232,1.120974476969698,7.240181855288699,2.0209260285791673,0.6643354779446893,3.883462749750175,1.0,12.563778225717773,11.690763167372118
2020-11-30,1.4718691061922031,3.694657999425075,2.073204605378414,1.4345282259347458,7.636230670542117,1.0585364290192627,5.632175085265887,3.841309840242028,0.6245942141995091,3.883462749750175,0.9006890807442626,9.251123282163812,8.623618265681595
2020-12-07,2.0989283825677503,3.947266646433951,0.8641682492462582,0.7185735371330011,10.202878097274064,1.3150391963068546,5.442844199807885,1.307345894298489,0.6161571709635721,3.883462749750175,0.8978990271925623,8.44842475983095,7.736224296473844
2020-12-14,2.2165213188934536,3.0332055331956576,2.040940449211982,4.051750586871579,11.803390056666284,1.5653782880766651,8.287290106679832,1.2529825226613185,0.6180145001724074,3.883462749750175,0.857199367430931,10.581139179638065,9.399568995086453
2020-12-21,1.6056749412146991,6.597189130342986,2.148896999186032,1.5246826508751583,6.44625626340651,2.8867801828451727,3.3023148212074753,1.1337232259670174,0.578981180090915,3.883462749750175,0.8685532036422111,9.398992383490771,8.71682241438489
2020-12-28,1.8565543612750168,6.322499380707263,2.1197268511372864,3.208783120448507,15.827970774525443,0.9160242972354422,5.55890407977938,1.93799962852386,0.5370443713256088,3.883462749750175,0.964522734003801,10.94624148084896,8.887163981464415
2021-01-04,1.5310112368279865,2.0185116793614934,2.288727438878902,1.402686216407636,7.627872415665995,2.0756438165245075,5.786706122501434,3.295610934507492,0.5450178422163088,3.883462749750175,0.8106169732825563,9.338572868293141,8.575580506695193
2021-01-11,3.9203409285279496,2.303467444637556,4.653576047861173,1.6375598592866438,14.921465004649349,2.2612828262351807,5.4060899840655825,1.1463844426869625,0.5434362141261206,3.7456881087909575,0.989468848613283,12.309862358317858,10.886040410771589
2021-01-18,1.8436953737467616,5.269163086127673,1.6723072269497654,1.379727472880796,8.04317102560974,1.4796486550389212,5.925751669594544,1.0069677832749442,0.5563065170679843,3.7456881087909575,0.9407371877562716,9.656921700679622,7.741298284222921
2021-01-25,1.6565433769486355,2.7915467103115184,1.7646198161309623,2.1076940658199996,15.18271515721734,1.113557474605729,4.467696551285915,1.346883139048455,0.5995799736381366,3.7456881087909575,0.8833784184101695,9.321333488467475,8.05567377584152
2021-02-01,2.828347850960933,2.8644973183231492,0.971510196461364,1.4862899940846352,6.547044493355232,0.6690369220602856,4.637524712664408,1.4159646279836078,0.6035130214933093,3.7456881087909575,0.9728581669065516,9.54124677273337,8.203359406935473
2021-02-08,1.2030566268275713,2.2459812966501818,2.3883921455775035,1.1316406496238214,37.10075033231049,1.1206461023632588,3.3983490390575373,1.8616492080099776,0.6183567271147595,3.9528359500733505,1.0,8.397661410682092,7.399636564771526
2021-02-15,3.173875268108385,3.0893863155600556,2.609043555413562,3.860387725565377,4.186628980726316,1.1748126000244647,5.063959515056197,3.8248031435558407,0.619955904969682,3.9528359500733505,0.8383693470807281,10.627372009308804,10.535459177404704
2021-02-22,2.1584386510878963,2.6430179810934056,4.2811580048698685,4.555737048054192,3.684929908303301,1.3237208021729576,4.245175769760966,1.6928806800464056,0.6186197863683401,3.9528359500733505,0.9611734410329852,11.54923226526956,10.631075390360182
2021-03-01,1.4978806980626465,2.469784447376059,4.666012034638559,1.7401113499035878,4.53676793782165,0.6468354220787895,13.81883382030422,3.843448774558804,0.6291738095658802,3.9528359500733505,0.8753832533796027,9.127858591703326,9.301547224780741
2021-03-08,1.7991331682719338,2.5428339148687047,1.6058338598249526,1.1201392137103117,3.8163155255221626,0.8193315378695228,2.282884210276095,1.3762223032710643,0.6401580297507732,3.9528359500733505,0.8030634827548266,7.2501864560730205,8.251803015744253
2021-03-15,1.768143872478963,3.672289344302317,1.3244254987477548,1.373440512739212,4.777587808868081,0.8128296209566801,5.430946943456675,3.813116075742014,0.6461292816198282,3.9528359500733505,0.9635836580973176,6.9556926213454915,7.673663496284051
2021-03-22,1.386387183376826,3.944450268562578,1.851294179106875,1.4818463434167648,8.765052083717464,1.1791296706543246,1.9573881089814735,3.5937486478880687,0.6463309836484015,3.9528359500733505,0.8155181968448922,6.089738679704243,8.45185070437194
2021-03-29,1.9570945989445867,3.0414954352471506,1.4347513043933775,1.3480558139762109,4.0946239513531655,0.92908628573047,2.1800103364914225,5.03642684801476,0.680920696250469,3.8088881246302657,0.9539390693244884,7.100586958243322,8.760432682513308
2021-04-05,3.6310023440649,3.03957929239402,1.4283573841090786,1.1652398945942264,6.6998495459437795,0.8893255153285193,5.620193350286541,1.0520167238808231,0.720086923142672,3.8088881246302657,0.9109309703001304,7.50158483441169,8.617146888103562
2021-04-12,1.4662723064307643,3.5108875835657707,3.974306706328085,1.6387684294011031,7.61377225205163,1.3611129587232855,2.579863620140147,2.006955875819199,0.7210446430584612,3.8088881246302657,0.9041646967985536,7.290821267103814,9.499932051413724
2021-04-19,3.8278884278387144,2.587053357157929,1.85466322421646,1.1003624039287216,7.060460228159102,0.4499687718429168,2.4559053742811936,1.779897164105008,0.7140028617491821,3.8088881246302657,0.8321321266998791,6.943875638600415,9.701196212018742
2021-04-26,2.0671967016197836,2.8974182542494376,2.309951967456141,3.6369432283401024,12.703906667893689,0.7885266745841542,3.198029191829754,2.9281302707544516,0.7439664066655496,3.8088881246302657,0.906351486961302,7.20952756962471,10.382877180872372
2021-05-03,1.6190562848239116,3.2321757138275005,1.551832221844425,1.681167733075675,16.344331110455677,1.4386917514269866,2.624733226147816,3.59185164331138,0.7593212655051838,3.633447192770891,0.9481119642550416,5.754857228932771,8.524794266546325
2021-05-10,2.0162838429645245,2.202306155582199,2.059602216153249,1.833369820137261,14.710733174195097,1.476617571359422,4.468578124739833,1.369384060819663,0.7872722393862711,3.633447192770891,0.9716585886827764,5.892233222281716,9.724087507691438
2021-05-17,3.999418351592237,2.997276379584532,1.9391223391655483,1.2070811042280678,10.075873995015794,3.82701445640149,5.721024898611901,3.0714449384470184,0.8042997976015246,3.5304701713811597,0.9363737279605372,6.6793543415474685,10.330120539701143
2021-05-24,1.742640199125998,3.2348308206507874,3.943299015013313,1.7252321410290954,12.277004613861092,1.1416662871725254,3.9261286567654334,1.0309456486261914,0.784215056112458,3.5304701713811597,0.8715688053385402,5.583107873458158,10.206507068656874
2021-05-31,4.3510975015081685,2.8556606096069164,1.225273166192395,4.245899005769471,7.554640037683862,6.052906283166139,2.1704943708918183,1.72909784331692,0.7554322261368125,3.5304701713811597,0.9302349920314053,8.117565457054335,11.85544738685327
2021-06-07,1.3585774573203322,5.1808764728240195,2.2055987127993992,1.510865601004823,11.220504085871069,2.4225262887238204,18.45037718369226,1.1964958456482016,0.7876510205652657,3.885155026605024,1.0,4.573807126870832,9.405568549490457
2021-06-14,1.811316161693314,5.115099014490507,2.0367835442729,1.21821651521886,11.408998596893127,0.7864073598753145,1.8233436595137391,1.6787525413722033,0.8033304348571347,3.885155026605024,0.8939923128548093,4.126558889279119,9.067058990415099
2021-06-21,3.2250203614440665,3.1281984722230316,1.4740215404448032,1.497778275708652,37.18583271551597,0.7130531869939866,5.051149289787631,0.3516522821343268,0.8148787264475392,3.93401325677824,1.0,4.372991228760532,9.536680797984973
2021-06-28,1.8462378807846247,2.8671127376227954,1.2585811760756895,1.2168734913494188,6.1208139789394345,0.7490490807030057,4.797496141736506,0.508982466624349,0.8060207165733594,3.93401325677824,0.9604879973307312,3.394296377585176,8.606315548876763
2021-07-05,2.1629200066482284,3.8790346744644206,1.73237804439917,1.037263817950814,16.625015727743584,1.440985664799202,8.66003510901588,4.182502489530701,0.8076097512951381,3.93401325677824,0.8930280229084325,3.409381051171751,8.576662497585444
2021-07-12,1.5070667884461089,2.8296655543737708,1.393441916598623,1.4411434661059326,13.37145992975482,1.205604294820526,7.396979934206999,1.5594193959287914,0.8258774022691572,3.93401325677824,0.9914424481373756,3.07156046155547,8.324591656824786
2021-07-19,1.4006230109006983,3.2341942331093856,1.6457440504834238,1.38046066724157,15.12791696852928,2.878772226586255,8.306287448429806,1.527530399813492,0.8410722412061714,3.93401325677824,0.8568871451564875,2.8036629913509072,8.799653683236784
2021-07-26,3.840025641807987,1.6961908232523315,1.6256553916961107,0.6196392403870816,17.53054613227711,5.4043192943465765,5.5839701147737255,1.228245623315502,0.8499184414650791,3.93401325677824,0.9369928524078568,4.002093418478465,9.82093417359601
2021-08-02,1.855601908094722,1.8658879988622896,1.7757717582431518,0.7280680695007115,17.971794840910295,2.990391274736968,3.914329332610353,3.938965440866375,0.8508507806391178,3.93401325677824,0.850117335694149,3.3185649625467715,8.789248283246067
2021-08-09,1.534873113425918,3.1097536381870117,3.28167342726657,1.6117801989561902,10.794771785966724,6.404392401987391,3.537076484353831,1.1923234499841535,0.834585771448482,3.900347734305108,0.9807701462956268,5.363879648104277,10.116366087016639
2021-08-16,1.7158283607233409,5.275684468718321,1.9643827349458511,4.05134555608922,12.374452073635386,2.6762915801185514,3.2771759171668213,1.7910881160998744,0.8311486937746396,3.900347734305108,0.9959583767290476,5.724332901342161,10.887596802189023
2021-08-23,1.9384939791658524,5.553320415607878,1.8120618360582872,1.4210574173725397,13.951876291439875,2.9362297743576597,5.269544325339558,1.5595068879535845,0.81866734493047,3.900347734305108,0.991643619597002,4.955633482629265,9.415980026632234
2021-08-30,2.071246028920661,2.4309887166732778,4.188629622090692,1.1937709027074557,15.706726100455946,3.041671411277271,4.670547915200857,1.6755332086570789,0.7820660934859549,3.884583998137334,0.7976326866556855,5.779971104339921,10.45514447217087
2021-09-06,4.817331501437342,3.119809262368536,2.4074790518190308,1.9383746759172045,15.570343139375144,3.2890017703694667,3.540733194501592,4.042517481887059,0.7712857539193612,3.884583998137334,0.9070508802767194,7.987626135285147,11.474700644888037
2021-09-13,1.6709743193859183,2.7990516082604575,1.6415951672656772,1.5226798358459115,25.284046292652683,5.586181855131012,5.944543655833961,1.2735917705770077,0.7788746381434324,3.884583998137334,0.8536426506807365,5.5885018731227465,9.472614175583917
2021-09-20,3.6884644217059575,2.9725216783250548,4.4439413258116165,1.8260532795754232,18.27702052324058,6.840309685149009,5.678811265595542,4.236463452688021,0.7976555094806037,3.884583998137334,0.9259405198306234,8.77520764471615,11.953931522881215
2021-09-27,1.6900176564803735,4.082984183792923,2.1194827340623528,1.624087718420202,14.612069111121183,6.5935108601414925,1.8861277624024315,1.4195864000348914,0.8098402772253563,3.884583998137334,0.9166835623129226,6.598476769317136,9.87908212823203
2021-10-04,1.7619598030088848,5.031338015872899,4.125104251698045,1.1811495451016412,25.239145030330576,4.879407821896664,5.162568280442612,3.992295675095235,0.8263073460111382,3.867754944933284,0.9470461470218592,8.013098003423327,11.27810995485003
2021-10-11,2.1204879160702386,2.2276242741999206,1.2764372717031582,0.7860463725962009,15.920139432255676,3.323404867321148,5.716929350740241,1.3355722285588132,0.8283055758462105,3.6629424182238095,0.9554310547458628,7.303226496076083,8.982538736002116
2021-10-18,2.3458538131323508,3.2912630527561024,2.0119120039861493,1.6642000340346634,11.760752628529902,1.879565407890334,1.7213256188399797,1.366796981488405,0.8459317974354065,3.6629424182238095,0.993991453629488,8.324691637656581,10.312425052927171
2021-10-25,3.1372959366360895,1.769660672105534,1.7843820969855682,1.4919805063840998,9.779183783089213,2.329086275103305,1.6663307014884752,1.459708709786793,0.8416069031501568,3.6629424182238095,0.967392895846096,8.358546235562423,10.188626485047555
2021-11-01,1.732362441790034,2.621360982065121,1.6771652685621186,1.2854877985499165,26.27475014395854,8.374885129283557,2.421776957371281,0.890064342606796,0.8276359923057082,3.6629424182238095,0.793344169884869,7.5914121665226135,9.558624937397635
2021-11-08,3.319388888257378,2.077656592884498,1.7274415639776333,1.95202933363916,15.816226766962023,2.4899533530112077,5.744865086552704,1.5200313668170502,0.8234235635475418,3.6629424182238095,0.9891459255901548,9.647858275469169,10.498293174318823
2021-11-15,3.865218048805804,2.6362334484327588,1.6598545666720377,0.7765935319271826,29.70424427211727,2.956725894068318,4.551225730477846,3.280580122485497,0.8269191386856932,3.6629424182238095,0.942119747722926,8.941593414996408,10.050761039172373
2021-11-22,1.3118695585601303,6.082095131154595,1.3625251044088198,1.290741310751902,16.13912265385634,2.8712154939018997,2.931266471820675,0.930673272500807,0.8278884473830995,3.751523220975709,1.0,8.023695580230743,8.64021685316543
2021-11-29,3.776971421632374,6.430975065415874,1.6490860509309542,1.3728215394611298,14.646861615162132,2.34863620402378,3.2595884221475284,1.317657343313943,0.8376404689366972,4.054573241025,1.0,9.36696918963453,10.707989064357378
2021-12-06,3.5643176626123503,5.727517014807457,4.3186786267147275,1.9848705709490575,17.219183781541233,2.9385015322996084,2.832836304749989,1.329520082899327,0.8168248092541915,4.054573241025,0.9492084183787556,10.954721296203079,11.95285851841637
2021-12-13,1.3718562005667043,3.5397769718129464,2.0596632402533364,1.5815345343252436,17.409528162180038,2.470956390064933,4.448186138250097,1.457752193608229,0.817683834036873,4.054573241025,0.9719341188437944,8.504430706768781,9.46759496180196
2021-12-20,1.563339999312205,2.547655020285678,1.8124889463735128,1.238491265088545,18.390979537214328,1.9867997282979544,1.6767927808586305,0.8258027338273655,0.7867357964009017,4.054573241025,0.7793347912898688,7.272606396865279,9.224607153354832
2021-12-27,1.5195670453152332,1.8210961990713352,1.4548275546451326,1.3357738021411625,21.96198259551228,5.7756028109914075,2.411184157001084,1.6996439544959634,0.7904077400564032,4.054573241025,0.8524981734470584,8.085991539721741,9.229579732684149
2022-01-03,1.8498774218039045,3.7875281105997978,3.986486623713954,1.4610284375149951,25.287735893482157,2.797490407597588,5.849249272594111,1.1645311907625782,0.7891321883864455,4.054573241025,0.7814124467323668,9.245228514210359,10.880206828084823
2022-01-10,1.4818704279956565,3.3142187503465586,0.9575364482588234,1.271436272423948,21.66992622028536,1.8962650449872185,3.6390783073539703,1.1670194095038586,0.8115181948010404,4.054573241025,0.8205988956887277,7.6904380331770374,8.686651572611305
2022-01-17,2.392902925681981,3.5346906931070663,1.930153562533256,1.161821655252708,15.711440124778512,2.6294199813495087,2.3801719638317596,1.5119483569467085,0.8127020553551866,3.940778070303261,0.8491695064577894,8.60112401799078,9.519450547923004
2022-01-24,1.7540260121340985,2.937402686138071,1.906287788103214,1.1723577303626649,32.99775288898534,3.443592545052611,4.5551162778596614,1.039373293195354,0.8108597555306452,3.940778070303261,0.8515301459957844,7.860445582018385,8.870825705970326
2022-01-31,2.324413412189996,2.670968271754123,2.239976813057066,1.0273354071772902,5.945744581772604,1.6342493984840596,3.908816033448643,2.312537306103756,0.8012562218574638,3.4565162820811324,0.9012792907666204,8.820810948828987,9.404615195165947
2022-02-07,1.863510621532032,3.5011513854814993,1.5958213415607272,1.1282449312645724,12.098880956352218,5.046971976818604,2.297206777840608,3.2376775737230066,0.7946545029876078,3.77280838963941,1.0,8.84964996579905,9.104254205647038
2022-02-14,1.708903061156262,2.9370176130397607,1.7432978013570433,1.7860684130357052,11.568495736161786,6.916710864490233,3.286536479511745,1.2696201741660558,0.8083987998788456,3.77280838963941,0.9561021167165148,8.711344327972114,9.568639988344302
2022-02-21,1.9314754865052888,5.926988295991469,2.3027329537981935,1.4741375826536507,7.359708271004157,3.336598321365189,3.049223233968076,3.4771741520839705,0.7950922129200252,3.77280838963941,0.8922206396260473,8.7516150178803,9.521778588993119
2022-02-28,2.228970087633062,5.70408063541812,1.0374718667837073,1.418598480624173,11.260020195980394,2.1118382547836503,2.881537287189654,0.7456085717548607,0.792837108113495,3.77280838963941,0.9588267933934178,8.407411421098715,9.739735245771419
2022-03-07,1.9430436360496368,3.2129297977755997,1.5968870269940507,3.638924133141366,25.61575591361731,5.32465845748753,3.5146455016666724,1.1399430052446076,0.7904168758631032,3.77280838963941,0.904828626054794,9.329980277177201,11.21811989003189
2022-03-14,2.06020205721493,2.531530493452834,1.503407066761814,1.7514577463144003,12.200242096793284,3.324123339893701,3.731718792707894,1.314416657339787,0.79873579559066,3.9684492639844016,1.0,7.953148789551491,10.177585253016607
2022-03-21,1.3757116535455944,2.69508495708107,1.907734107053335,1.5182431802740692,13.63797969714496,2.8986651282753133,5.518020896248879,1.3024963356519974,0.7846285978806176,3.9684492639844016,0.766163225659444,6.30342158977064,9.414909322525602
2022-03-28,1.0477882616967376,3.302906511547461,1.6466953823506352,1.9784817604365248,10.475832837792922,6.29307665257359,9.54731516462705,1.1605696080637151,0.7846788638694969,3.9684492639844016,0.9143802848782796,6.574796521589948,9.668964445862349
2022-04-04,2.0967576044922858,2.8097697062352327,1.1140075303468917,1.4704548146777328,13.475000412780073,2.7331142584536585,7.794511331650435,1.0241918730129858,0.7869787743117231,3.9684492639844016,0.9037606694776912,6.069395564401092,9.255446708428442
2022-04-11,1.7826925768334898,2.97779455002077,1.686223679385077,1.0612582156910553,9.173251165515504,2.001663032341975,8.640740269307766,1.4264942828707217,0.7759124561984695,3.9684492639844016,0.8414715033810265,5.661205228349131,8.654718370904051
2022-04-18,2.0073736974537937,2.093782715706555,1.5795575470845469,2.0677799643011454,12.058042637176872,5.587122025455,5.965623900674868,1.2894901368444434,0.7866464460281872,3.9684492639844016,0.910206125799528,6.017044340637202,9.53408592461095
2022-04-25,3.851276043934329,4.097322307358573,3.88942066298039,1.1212567348671445,11.943562152380531,2.248867541507579,6.0742721938834565,1.7308024768703474,0.7878421960008191,3.9684492639844016,0.8287660168620598,7.1992594036355815,11.260667736630959
2022-05-02,2.0381256379925214,2.86132216260674,6.8923986557966765,5.520982131649966,13.38102501221834,3.438383400971917,15.16361583474398,3.938729919693432,0.7949438842198868,3.628671768527056,0.8819900003764781,10.608829659076669,14.332150293668997
2022-05-09,2.2711070545630276,3.6164859812748302,2.52250012413082,0.7300614961702638,9.744933395247443,5.8234488709419026,8.196971899449073,1.8030371391833848,0.7947472146329384,3.628671768527056,0.9357075497612471,6.33457161465846,10.592102602609975
2022-05-16,2.0785462612281207,2.9515267779244816,1.852021089741823,1.223896911449556,9.876416382232108,3.0732735639571693,5.963475407324473,1.071945357658368,0.7975789943941233,3.6121068300032304,0.9892583256682208,5.744666624487614,9.940159051228655
2022-05-23,2.0559131681375535,3.747809026292152,0.9878677832643404,0.9881643285441912,13.17669766144052,2.867408228415131,19.19889864838417,1.765337606174069,0.8002110334896397,3.6121068300032304,0.9475578421944276,4.545306269050959,9.156199984505388
2022-05-30,2.119523660286725,6.0263169524274165,1.986987413456694,1.111346132690714,15.186961408351682,3.454702249174937,10.893812909538644,1.6580075360015325,0.8068537978149327,3.6121068300032304,0.8822926852641645,4.583760872028439,9.796765528517227
2022-06-06,1.8261496158212969,6.565991088492024,3.8352729348102,1.5681211730547593,14.024457291143229,3.4611356011738965,8.81667874213667,1.5820466064671728,0.823663298729886,3.5733067547837405,0.9800809473072204,6.428107964836202,11.240814339605276
2022-06-13,1.574413724695757,3.581719958867064,1.5612984194277464,1.6663830462556743,7.289161237884829,2.795077371425066,7.69714501544181,1.172316770547211,0.8448928546063137,3.9311733818451255,1.0,4.31425992299116,10.095470737749277
2022-06-20,3.334259309911922,3.196940404359097,0.9838627169747324,1.151313924411232,10.763845061890628,2.110158802960906,5.22107586939136,1.7930353871124944,0.8466208599719159,3.9311733818451255,0.8848745011625905,3.8662640601810465,10.162055880328374
2022-06-27,2.265304036845494,2.845224208198886,5.342809777952282,1.7609794433506385,16.284884265122955,5.599069376426719,4.06144801134052,1.7324957863319546,0.8571403058818631,3.9311733818451255,0.9972362341413572,6.538774332359916,11.768572672261312
2022-07-04,1.162769526034526,2.543645655707314,2.074824480757133,1.341240350349558,7.6431863979046515,3.1252314326491,5.987783593829323,3.2641184822978935,0.847040196129806,3.9311733818451255,0.855598373882543,3.4554877640571866,10.149410731417497
2022-07-11,1.6797546082335555,2.463913265711773,2.3485344316042647,3.855840401850075,8.767704697006582,2.7214144044979633,18.3154379491308,4.210073398119595,0.8427439502000805,3.9311733818451255,0.9153548659470456,5.404142656543686,11.240418643440181
2022-07-18,1.7705645222372897,3.2452784139354187,1.3782124587207512,3.681437509799637,30.46742613149627,2.8571877657178755,6.205290624320356,3.736321996669671,0.8722828411546159,3.9311733818451255,0.8103631333920067,4.893799597486203,11.362651932178366
2022-07-25,1.4474548789304806,5.905890760169782,1.9210499011573705,1.8593479215325248,9.281919739959536,2.8500394507834956,6.289840619932065,0.8126814932542813,0.8826933913934149,3.9311733818451255,0.8922699402638733,4.423000724158639,10.79450481126688
2022-08-01,2.076655760825993,3.4048367329476736,1.463597148660035,1.3234090815389756,5.6247699281054295,6.208865795112745,11.18831879949718,1.6364154613396087,0.8948558659873572,4.08102307616833,1.0,4.085441042022579,10.639604084459247
2022-08-08,1.813179543219812,6.445584692690781,1.7467995705598975,1.639164824950027,13.59566760452344,2.709428760067579,1.6589385393251057,3.3677306902978423,0.9011747676759614,4.08102307616833,0.893365367491567,4.31886234689621,10.916453526987327
2022-08-15,1.4689086043840565,2.122682130602839,2.0060573459468056,3.3674827625562105,17.933569311408746,7.147067762370376,8.157865797126767,1.9284519995523883,0.9014388369657708,4.08102307616833,0.9364466090825088,5.467024447980777,11.682918045096063
2022-08-22,1.8560145224999405,5.479604205813032,2.4689448609673974,1.29874130454922,12.86476983166011,1.6655901901812868,7.088426939800604,2.033397210255905,0.9005582207875068,4.08102307616833,0.8928638893448865,5.263166354887874,11.015459591710767
2022-08-29,2.128482625531533,3.4759908124859047,1.5536140429299028,1.7164155397368372,16.38044805551694,2.8753477067063824,5.627563627988916,0.4002044779099714,0.9010263861640864,4.08102307616833,0.8392540205241769,4.853991486708717,11.141894530761988
2022-09-05,1.6478100711773451,2.2049826857994765,1.6686096706792446,1.666456656850208,11.79973979792674,5.080605908205204,2.9216406920687596,3.8685228600042985,0.902921226803481,4.08102307616833,0.7375083408385296,4.606388982634494,10.528946006540487
2022-09-12,2.180959683911058,3.5234317195494627,1.9390446329337585,1.0542161087609534,18.47124885671844,6.256209634691615,2.666848859887117,0.955070199240612,0.902903300755507,4.08102307616833,0.8582994912410462,4.637337208429947,11.034297541457104
2022-09-19,3.738077313066749,3.1810611093921035,1.5131717461463627,3.586848377149272,9.676495525841446,6.0558422428763885,2.5605242706841,1.599017084310585,0.9054626169605564,3.821660221265302,0.9109642648502048,7.804858123680614,12.905447726376412
2022-09-26,1.776649833103187,5.611518698948382,2.0406673825486417,0.7569988016270227,12.750835384320863,3.2149440843494865,3.9567896491613417,1.4988023083528916,0.902147689877466,3.821660221265302,0.8925161703233758,5.650192098310081,10.36710780266606
2022-10-03,4.671161742995907,2.666955413187196,1.4617989994707896,1.88720432781171,15.758453630236763,8.49000113893227,2.305279478814973,1.6440400442805954,0.8836488313277719,3.643798136293889,0.9219926991632486,8.133480442806302,12.440687996775251
2022-10-10,1.8789981464480237,5.228542385150295,1.372824570946116,1.9690751579157653,9.099717126170654,5.664703861583333,2.4672206698878147,1.3613400969688083,0.8806019051833768,3.9113147904725456,1.0,7.332814090828749,10.770417625265122
2022-10-17,4.273282451740084,2.41933412806279,1.860763627437192,1.660535753126714,14.804847901464557,2.5378818565824157,2.434165195027593,3.950684257991144,0.8551923335264834,3.9113147904725456,0.9975815136374762,8.677218967063169,11.768070338195692
2022-10-24,1.478540645125545,3.1132549918225534,1.593454132960915,1.403764140138092,12.234136254859669,1.68802971439215,0.0,3.778785818549811,0.8435423367197242,3.9113147904725456,0.8501038114531696,6.8642093661262535,9.989575277123004
2022-10-31,1.248542803635165,3.212401239442499,3.9775094514992313,1.0414971029523183,7.209013487248299,2.2085771909956136,0.0,1.0564663100598717,0.8595409664395937,3.9113147904725456,0.9250134179029998,7.903543025784263,10.923903509711108
2022-11-07,1.552736270713934,4.751411567684916,2.2682717190638155,1.1342988523724202,15.650298964052888,3.51936672839842,0.0,2.9556191601445225,0.8609477797800259,3.9113147904725456,0.9617046541340364,8.073441078036996,10.311479457848389
2022-11-14,1.4218261691561769,2.0684800051514647,2.109027071702076,2.0745341939557536,14.735538172927116,2.9129116456374593,0.0,1.7817761560811736,0.8617868687458569,3.9113147904725456,0.9084261414747644,8.071783720866623,10.788573706199896
2022-11-21,1.671816423239812,2.880386161287154,2.3065896482603057,1.2587974948547411,17.36904178147573,1.7924287730631954,0.0,0.7733939139843519,0.8543111183705422,3.9113147904725456,0.8935570448461453,7.7367101785561525,10.124455853234831
2022-11-28,2.0335575005049926,1.8484275295369883,2.318011741113852,2.2040985388139895,12.40526100612981,6.9016258226427105,0.0,1.473442937935476,0.8479315248286677,3.9018553289922497,0.875577268995489,9.234890171956229,11.054797581089046
2022-12-05,2.077824466384315,2.3048763462562136,1.3105379693999948,1.1252173833281514,7.633120696451328,6.7691121114354615,0.0,1.225622821952958,0.8447786420093379,3.761529637780741,0.8769797148724984,8.785137950021857,10.204116497585826
2022-12-12,1.8066659585336,3.0129677951730973,2.653223237971942,1.5967029982653291,12.1757927018636,3.881552123079731,0.0,1.618059450995042,0.863354834664394,3.761529637780741,0.8686233058202163,9.218068458413818,10.57598517582229
2022-12-19,1.8485227590433273,2.2666950545033253,1.2165744006947996,1.3559201175057105,32.01839233584089,2.457868273440029,1.5350803277328433,1.1868870668230678,0.8597812612802753,3.761529637780741,0.9509511935361556,8.988082079303332,9.746319351420627
2022-12-26,1.4397209189167246,3.754770768424935,2.339313835296307,1.4668536599433435,7.5752957377430254,2.2470870442765927,2.8345052093771073,1.4748361467215878,0.8509179798921501,3.577031098569219,0.8960615129118052,8.893165158141725,10.557454139611956
2023-01-02,1.1541257814926404,3.477517789668705,1.1180581454841263,1.911282533032252,28.61724552686204,3.351982438050671,7.31466670250853,2.9686963754463296,0.8549925603230257,3.577031098569219,0.9514787388672384,9.246315306878945,9.81957264349142
2023-01-09,2.093048655721312,3.285353770431995,3.927885771894403,1.6378879015160606,11.89354674191125,2.686998246256521,10.141366544678167,0.8864284865966419,0.8508744900875808,3.789646999114971,1.0,10.298479933121126,10.804046530741818
2023-01-16,4.060769023425442,2.926362396269324,4.058579458673655,4.144109217612434,11.939806002684366,2.5016787599348733,7.523040248368838,0.7314723450042095,0.854808806828167,3.789646999114971,0.9482837633666704,12.859008938113703,13.992607630295984
2023-01-23,2.8532799365210977,2.6358067403735217,1.6617792033913366,1.7122982835738194,10.905261959451328,5.008049232287699,8.543723739716103,2.148525295304362,0.8540866909755574,4.0738191314222405,1.0,9.45439319775632,10.950961410937419
2023-01-30,1.451741003279161,2.914699873174804,2.351635245019568,1.094186048281387,9.952635980933442,1.8213594332670089,6.815842230434001,1.7732291856149498,0.8602073249859459,4.0738191314222405,0.9329961614020884,8.406390683918929,10.36340211653663
2023-02-06,1.7465527022678444,2.5538654503609304,1.860962884667774,0.9297932455691644,15.04171773425238,2.579756977069793,7.43313763459784,1.245580499195978,0.854714444332093,4.0738191314222405,0.8392126421612084,7.695942042889242,9.680186796730863
2023-02-13,1.4862558875086496,1.9370241053809425,1.6938242301824962,4.443863308190031,33.181785055603676,2.6099555844168414,5.295439001119878,1.722142562534308,0.8406289005535093,4.0738191314222405,0.8774254243328031,9.310154838508378,10.950664251640198
2023-02-20,1.1491107857872769,2.581296810355187,2.173692250216841,5.0970491084679805,34.506306267639204,2.472496231104457,7.230096100602021,3.5740037261460755,0.8511268289237377,4.0738191314222405,0.7899877303009666,9.050207707986987,11.933360691397954
2023-02-27,1.648622874480676,2.9915821703683294,1.5916716295743727,1.067644912753416,6.73961676823726,3.232896928004621,3.813355410580681,1.2971874684116236,0.8331909184329801,4.0738191314222405,0.786285729085656,6.546166947566524,9.903014215821683
2023-03-06,1.5507318316037677,3.2137722226917784,1.2985047808540755,3.9765461491729255,25.29625973674806,3.0519475288338507,10.021276942685292,1.1536100380167176,0.8178636449911899,4.0738191314222405,0.8500829713056101,8.187852209567206,11.092253204696604
2023-03-13,3.0240870825099093,4.413425865759533,2.0506909798746227,1.8362708191941712,9.13776995335262,3.683737974300118,3.459158633140216,1.0292952940797273,0.8379220699537863,3.9307595418088384,1.0,8.922126614092573,11.351044520471822
2023-03-20,1.522931300683927,3.028803881561214,1.362128448722416,2.021977671734607,10.847949795417426,3.1908245858560704,3.2280169901295572,3.623304988625068,0.8101595010206405,3.9307595418088384,0.787442729812902,6.767950841161871,10.199648662803934
2023-03-27,1.5047315256062674,3.257736156124075,2.5839284194688856,1.6366312086798558,10.87921730978941,3.1489910448765244,4.507035779147197,1.371509126118842,0.7994565543864917,3.9307595418088384,0.9291767957150866,6.640075919752829,10.353736535737816
2023-04-03,3.89030135843553,3.5672868955473613,1.3708654468935912,1.554879896372663,12.981252012074616,3.4551825152543745,7.715989318703242,1.4709555309076487,0.8030665179862108,3.9307595418088384,0.8085707690997699,7.490428544516714,11.314290254055814
2023-04-10,3.266716700307513,4.264831745617509,1.7384129580388692,1.7883467617287745,13.57409454077549,2.8907950421281505,4.960724377450649,1.3673171754870257,0.8035916431824901,3.9307595418088384,0.9293925291765164,7.100148997501842,11.408635056568736
2023-04-17,1.8711075793922192,7.175389570726441,1.2706351879736038,2.084458536926861,14.11421393205047,3.532092440827457,5.5132744258514315,4.18491112969681,0.8169205938204304,3.9307595418088384,0.8617428095116836,6.02623282295759,11.180445290326876
2023-04-24,1.8229171011916032,3.330326751807674,1.0929587455130965,3.213690522063387,35.58631156456236,2.35044233574818,2.938364773820526,0.8371201704069836,0.7960486392655474,3.9307595418088384,0.8764231952432522,5.964286616123926,10.905061419732522
2023-05-01,1.6394141800634143,3.4324268297662317,2.3181947543681245,1.4749378480388615,11.575847587134971,3.321612864361567,23.294979893376365,0.7846247869176722,0.8247047077122025,3.6532185521464418,0.9755067828105614,5.984606375703721,10.688666101731656
2023-05-08,1.937842133367208,2.302420768782749,1.4580221522607375,1.4541916382416178,11.176716890012672,2.8062269923238716,6.563226661614241,0.4181571365757324,0.8036038520972872,3.738504130633455,1.0,5.729264551565819,10.241947978926817
2023-05-15,4.295479862261004,4.9165168840560725,1.713840776439285,1.1257561505338622,9.082331092677093,3.819167846864844,6.980966475701518,3.1041986793877316,0.7844834729737682,3.738504130633455,0.9459660856153724,6.4774206097955425,11.401189439458715
2023-05-22,1.918451781092847,4.168953520822618,1.5985792210817509,1.2217680561627808,8.097036311363631,3.2932293740231744,8.610307604406314,1.7519206908349223,0.7900408717272286,3.738504130633455,0.9413539077290256,5.098114173403747,10.236215607988399
2023-05-29,1.6585877994335492,2.259877856024638,1.2826619858997186,1.0658659827276664,12.335777382372797,3.010501584835758,4.17744433033262,0.557982950607513,0.7937372899963093,3.803651728375915,1.0,4.008365123265257,9.631500907420321
2023-06-05,2.5590775090722966,3.632761868760443,1.4354822173225754,1.2063062742492543,16.408159040316946,2.8039637353683537,10.471043354324424,3.1347466444880667,0.8012071406306421,3.803651728375915,0.8851027150881254,4.054269904517592,10.590531378696786
2023-06-12,1.49791439216997,1.8085530020096765,4.5050179108012065,1.7016237667831606,14.985790133897634,2.4287366741458087,4.608619752846367,0.9231761094404776,0.8244015080345318,3.803651728375915,0.8910470594202214,4.961104337205982,11.616358786010853
2023-06-19,4.429925699002519,2.194800406811186,2.6095729023706205,1.3746585368675044,6.90994866213061,2.478093929166859,4.338397746868958,0.6553323481715994,0.8325834781481416,3.803651728375915,0.9234593728605348,5.130973011023801,11.988843807060345
2023-06-26,1.6536214750667984,2.8902854869512775,2.170787185382693,4.907461755894411,12.248315578454624,6.232507379907151,6.992313946768217,0.8225593020058255,0.8519496498982062,3.803651728375915,0.9420654049081004,6.185149564454811,12.39865516494184
2023-07-03,1.444807575805575,3.145545666511856,1.7361947243456073,1.0782966204883693,28.458597934731,2.6671985526218265,8.364141262234716,2.543936907509004,0.8681225687673013,4.038186608014032,1.0,3.751761664593765,10.669605539979488
2023-07-10,1.9123048595777363,3.023110870431145,2.235433000433155,1.2433665424887337,6.6683237218904114,3.211733602495658,7.00944797353889,0.6463626285280213,0.8799603251925076,4.038186608014032,0.8684816528849166,3.271961540521583,10.445322366539871
2023-07-17,1.968503045970151,2.770938109795309,1.5488174304774458,4.695031709929888,15.245996537318383,1.7602811395441575,3.629789584032108,3.138108655487295,0.8674636074207966,4.038186608014032,0.8942540395561935,5.142102011387565,11.918518671420207
2023-07-24,2.1072554241890975,2.9151175462249426,2.00208101515402,1.915296221496626,11.86016257858803,3.0855424873982997,8.635333368353788,0.951321219166611,0.8597703784867345,4.038186608014032,0.8137187179631067,3.8700370274913145,10.684733956340763
2023-07-31,1.0626536287617536,6.7837352304551395,2.063961879227245,1.8321700182515408,14.074597615234657,2.793306376442109,4.497837838991581,0.7374285122672114,0.8323527612111516,4.038186608014032,0.8205919229185349,3.1257226541595866,10.743348852287642
2023-08-07,1.696666529729591,3.706378543144031,1.5104630074589702,2.217702124482975,11.49479891056151,2.529690466328376,7.775064345807701,2.9937894198318507,0.834121266351033,4.038186608014032,0.8105193698669199,3.785299359704491,10.666811216941639
2023-08-14,1.6823434261076986,2.759915585189165,1.7791190718077303,2.8182492120388174,11.801897134572584,4.047683508181876,8.77634344811463,0.6113531943951677,0.856543594463915,4.038186608014032,0.7999581615543223,4.222651743795585,11.203377410467587
2023-08-21,2.4843431710679083,2.4107682026544546,2.397982509113199,1.420180092585724,14.337229158526492,5.757089593141733,6.870999379847564,3.0113839647168583,0.852455252950273,3.6111646866982703,0.9583023335959016,5.6861429908434244,11.58545165951749
2023-08-28,1.1336099654029286,2.124612274603892,3.831524509484084,2.9728027771009415,12.02912559411594,6.571887946535343,5.089700599964003,3.262170054370644,0.8477522872482275,3.6111646866982703,0.9122268680026157,6.601186739179808,12.412543396310515
2023-09-04,1.1797469204145627,3.2120614167401684,4.40010793119683,1.9210869708487377,18.463616379802406,3.3994592184585795,6.8620012861635455,0.7882539666730982,0.8666928862168276,3.460587546262066,0.917515092224469,6.605467827957145,12.333365272684519
2023-09-11,1.8728633707197957,2.497861300029111,1.7904241233146094,0.9831238330675504,11.040466158602856,2.64057666825331,7.794911768761324,2.9710418980462694,0.8404717520566273,3.552875593607529,1.0,6.128391339767026,10.75268917306955
2023-09-18,2.093007467885581,1.6018727762944025,2.170871538925465,1.2394447083292677,15.051744477828738,9.464256642733757,5.1705969983269675,0.6914328805136296,0.8393566732904526,3.552875593607529,0.9620327068672664,6.046370057149272,11.32735658515176
2023-09-25,1.6232610362032605,2.1027692805129385,1.5273618559636837,1.3716622193636436,6.7145332097577946,3.841609189138936,7.896909814619551,0.6922911502218141,0.8296124010165209,3.717542324769685,1.0,6.132520901130183,10.781212697273359
2023-10-02,2.1759099546467797,6.412089051282942,1.63179347798201,1.216157809425611,11.435571132633074,3.3293231464878668,6.313286089973793,1.11961089473588,0.8395725789593311,3.892535735256731,1.0,6.8199063787161815,10.702046877645502
2023-10-09,2.3150481093826816,6.457615746189763,1.7810833889683528,4.378708238584286,6.993500983872279,3.3130326188689687,5.818603263765553,0.4739519786429134,0.8241157242008937,3.892535735256731,0.9453880234999164,8.77980146660736,12.520243703954138
2023-10-16,1.0711720695891718,2.981838896168835,1.8759979585768267,1.7066033425325566,12.98614719706084,2.37400866176288,9.22757546765227,0.710304929715649,0.8193679211516407,3.892535735256731,0.8595289716389619,6.490476587771185,10.700044257121991
2023-10-23,4.051179753112308,3.148369180967286,1.7736301332014637,1.672915384323436,9.70929103107516,2.100256706336245,5.264974963482522,0.5081164707845552,0.8158726248957865,3.892535735256731,0.941241742988176,8.377660137278953,11.96720374264508
2023-10-30,1.749835458005182,5.353004122234857,1.8588908451188293,1.0496931564973249,12.6911244338221,3.709298956569039,5.77502185581191,0.5234265845940527,0.8081418569016094,3.892535735256731,0.8894457941668668,6.756831917924547,10.244585879331744
2023-11-06,3.5992747536222556,2.563678617906497,4.192295270941682,0.9878415680221272,16.82258684505467,2.2785208444329927,17.61186826483646,0.7386263596360878,0.7914983132530613,3.892535735256731,0.9765656880944806,9.449639417553078,12.278688853415995
2023-11-13,2.0842946444668815,2.082773588554312,1.5405913287234545,1.0073919460924072,13.513145367613395,4.0296211331917595,6.8460384844051525,0.8372026570304154,0.8006432178256611,3.892535735256731,0.8620861664155078,6.880907157780968,10.234924558121502
2023-11-20,1.4106465581915124,2.592360351801031,2.194505126762948,0.9028073841155556,13.16561971916996,2.5914515747789824,6.268003294365354,2.8935351666052607,0.799797837022232,3.801316838733345,0.9742613183491392,8.403716124687502,10.110777795884502
2023-11-27,2.1540355832118516,2.618683611883867,4.12517361275994,1.1518850073537656,11.054407654051737,3.0301496643123733,8.96633256600059,3.498692700224129,0.8180994983934472,3.801316838733345,0.9709056566056607,9.530194084282996,11.494781015976107
2023-12-04,1.8883519377012197,2.697415896669055,4.562843462065264,1.292072627116634,10.438561343384972,2.7799815745044074,6.929475786271403,0.9485548046305968,0.8321923102095289,3.81118654455742,1.0,9.811267797794473,12.023732408999113
2023-12-11,1.803792139884408,2.0319982763344018,1.9569388262594871,1.4280896325823351,16.308842222917676,3.463391129723123,6.136614630091322,0.8496487674574662,0.8168991287142789,3.81118654455742,0.9579983121550636,8.811387656932096,10.597457363980064
2023-12-18,1.5382457546280688,1.7713053983795757,1.940957466731566,1.132530870546297,10.795065894596958,2.0740318398049347,8.70705526094952,0.8231834175647719,0.8379212293422014,3.81118654455742,0.8124560385728937,7.902605995020549,10.48240112397679
2023-12-25,3.6594539224629985,2.963269439975343,1.4635242944322198,1.844235418343842,12.956244637523778,2.966719646276248,6.7502430500442205,0.880806442859996,0.8340666602746016,3.81118654455742,0.9591435614888628,9.792996595983773,11.523806281071973
2024-01-01,5.365175533406761,5.830414765519035,3.549471960618943,3.281429560278942,17.664179560283163,3.3254037367618015,9.936620855293512,0.5939697547386638,0.8483071266629076,3.994715806040638,1.0,12.084924701227386,14.82820090914279
2024-01-08,2.598381683276999,3.794790095241273,2.139739922416746,1.7966559026983435,15.72698619266573,5.610142992065869,6.814488181915985,0.6427457229595785,0.8692327381255126,3.994715806040638,0.8534829197324609,9.550971867888252,11.884415317786678
2024-01-15,1.5911832993616877,2.670772764270097,1.2432017694008404,1.8788003350249871,6.372252294042507,9.106314070776332,9.454670953477198,0.530265494165672,0.8809002767682976,3.994715806040638,0.8811793384018541,8.24194832005173,10.897389475475753
2024-01-22,1.4514490805566536,2.879197247473041,1.82263292857876,1.7052096805680808,37.73832004738357,6.883394472505554,5.966555348298481,1.1309276401977033,0.8858216984686359,3.994715806040638,0.9273731011957989,8.712684879064335,11.018610429427177
2024-01-29,1.9937279801732029,2.8475728618991,1.9975147790052936,1.4543708355872025,12.19223330673992,2.6658838455715106,8.91483799576314,0.6015039646997664,0.8965063348320846,3.994715806040638,0.9931397773825232,8.953366705686664,10.878253857566678
2024-02-05,3.37694307690675,2.7783984919253744,1.3465753734659096,1.3895070710643476,16.613900896692172,2.124470202711781,7.149105319470937,0.7364275671415625,0.8988873782285381,3.994715806040638,0.907342098483904,8.321905937315863,11.286092611514574
2024-02-12,2.055709016999714,2.413145868589254,0.7742386317969615,0.73164740315156,10.663670656909222,3.2892501361987017,9.234405500453937,0.4282312223487622,0.8756966362648789,3.994715806040638,0.9016397294505728,6.8909718297710825,9.877830804072095
2024-02-19,2.1353673413590015,1.625930529085695,0.8823467663533129,2.2581981532866573,11.325840358255856,4.857946177241925,6.368807521519718,0.8757742026280018,0.8647797231373052,3.9673111663176464,0.9560657617496036,7.477277031297908,10.716566356649079
2024-02-26,1.5898247296902912,3.460735871199157,1.8740582415812497,0.9165746570703766,19.404238458548075,2.572844157098959,7.172385613714315,0.7440712944413115,0.8593239759977034,3.9673111663176464,0.9698052300589312,7.072056043324657,10.126683458701404
2024-03-04,1.9624936837334883,3.486359668645499,1.703107891350596,0.852929232876319,12.00860503890111,6.724611903735978,7.68495415148355,0.622272740685067,0.8527355367379438,3.9673111663176464,0.9096829492386942,6.537602310954595,10.641563157684237
2024-03-11,1.64197266004443,2.3899072468103113,1.886729545629337,1.6264028095745724,12.896601462358529,3.5491278978214975,7.9496499618372924,2.9134035179736175,0.8641943939103487,3.9673111663176464,0.8346260473496536,7.0755033732102675,10.656503997273774
2024-03-18,2.5347661461587196,3.6422861335475782,1.876130250880095,1.478594896772058,8.882966395606143,2.646755051919351,9.400294985591502,0.5532735647011913,0.8637888709567068,3.847519118366052,0.9542210771815748,7.662216526691865,11.27042197168544
2024-03-25,3.418936259680662,3.281064508486415,2.529028969418918,1.710256498699261,9.493249427652536,2.310045538710811,6.621128800989453,0.6991775427944587,0.8633133318001677,3.847519118366052,0.8606437439385963,7.174331433493319,11.879308281545898
2024-04-01,3.0789036202860665,3.4746031469272576,2.3483806636928293,1.9434488689864755,9.845405478324771,2.8697272842099313,14.200736253162528,2.4302616252647433,0.8664405329413135,3.847519118366052,0.9525025326392632,7.782233771744288,12.252137868399345
2024-04-08,1.9849734643046693,2.4562790150794784,1.4660059190638255,6.394341102137375,28.71658460761697,3.791662391336682,8.732416438527254,0.8518413654985245,0.8595715025031321,3.847519118366052,0.983280127993654,8.791471625487096,13.097522775182826
2024-04-15,1.9905715434706115,2.6264486405802856,1.313430827343288,1.1865903205183663,11.13926785605361,1.9424938529403697,9.277768343211273,0.48370784825482,0.8555521402235338,3.783189091165002,0.9103380777646652,5.528807229342421,10.378728499147085
2024-04-22,2.54271324679484,2.7192267525588245,1.7352998304507348,1.1893929156136396,15.66567745378773,5.6771178028585325,10.568401077122784,3.521148451239798,0.8685390198133176,3.783189091165002,0.7693058405431639,5.457512314241111,11.132801615798948
2024-04-29,1.4763215173616957,2.830647323073261,1.5354670051603756,1.2045876442127323,11.256504654049778,1.3740245459561728,6.38658521561257,3.4974829462756007,0.8733817433675173,3.8543419510052126,1.0,4.8981789578990025,10.89481405530929
2024-05-06,1.9710040478066717,3.4533398182999324,1.8051402756173027,1.377117641711895,11.352055211311615,1.8225721143102196,11.15918693720381,3.1486865001870123,0.8546780625279904,3.8543419510052126,0.8255286069187581,4.830838105033955,11.37746244663957
2024-05-13,2.2148043925644703,2.5270013656885197,1.3493429608677898,1.4933637326860292,13.710897056090465,1.3851951223081185,12.8674984774837,2.9073283500964986,0.8394043444449151,3.8543419510052126,0.9040808372148396,4.340086823076343,11.382637224705826
2024-05-20,1.5077807638503722,2.886172352442979,1.5570126338208157,1.7460756985571784,9.99194877850634,1.4621247071803931,14.825634714597737,3.134788309780156,0.823192987334094,3.8543419510052126,0.8493738236628826,4.85687293413908,10.932049724100489
2024-05-27,3.9143510586624704,2.306828819661954,3.668852940539968,1.6905468633942269,12.829006699979551,2.4260596998473947,10.26355825212002,0.3156361618649475,0.8215280317876481,3.8543419510052126,0.9192508429035844,6.412045537204738,13.318176277941852
2024-06-03,2.0464172478269997,2.2596408362400235,1.7798814300897232,1.0542841675579868,15.974260300643085,5.183279435912348,11.555450582322766,0.4049984275114621,0.8363465932648111,3.8543419510052126,0.8758163717095112,4.449362683432785,11.310119604656055
2024-06-10,2.403247327745236,1.949162374231557,1.9221996010399711,2.081413680632407,16.306002685281346,1.802337636760379,9.122690284705516,0.4578575736236849,0.8138731022707522,3.8543419510052126,0.9996599867627408,5.246462956822248,11.93171427238147
2024-06-17,1.819513899563186,5.236548244168502,1.5936946390729878,1.343475414088164,15.223664603045137,2.865854442832622,10.033506737182169,0.3447777528495853,0.8117622212067306,3.8530314237209473,0.8504483768227943,3.4426553480078708,11.02172312362057
2024-06-24,1.5186471686768637,2.8916385234754833,1.82705472744743,1.4974261015552586,33.024539608835916,4.301357308541158,26.429291532808087,3.110583373658836,0.7859111163106959,3.8530314237209473,0.966900454744574,4.183440470940872,11.247601922894557
2024-07-01,2.6672090039503833,5.16326309884562,1.743187921611992,3.715377799996471,36.16390199480943,2.687861490284328,11.322632314329216,0.3725913935622095,0.7775979614257821,3.8530314237209473,0.8180489620503882,5.2394247508661955,13.015830987704648
2024-07-08,3.739059524123986,8.312273994285778,1.3698728029766851,1.7741990247770796,7.7330430528992675,2.305698398400815,11.308300985384554,0.3684097352401515,0.7282543724654779,3.8530314237209473,0.9444380385595402,5.226458890884337,12.346354971164399
2024-07-15,2.00271753165998,6.624284263719217,1.1265370838913178,0.8638637651918658,27.687724614636934,6.391943532701361,21.349361600395245,0.9931024198477936,0.6926827489886085,3.8530314237209473,0.969796915392684,4.278725004385389,10.643257346051163
2024-07-22,1.728591191282309,2.4222579737499235,1.878279028636223,0.9745982913058618,9.980681662646644,3.2277886748168103,12.02610320008714,3.2311927775844937,0.682431920048443,3.887029817526808,1.0,4.377097966176078,11.074690319332948
2024-07-29,3.643266728850793,2.7997445518980366,2.047966032510716,1.665968930883183,3.098739671623025,2.1709008498868143,13.909556855447809,0.7093554977449893,0.6845354726282503,3.887029817526808,0.9168318284030192,5.4941824864733695,11.537459633820422
2024-08-05,1.83250086125727,5.568074143337789,1.4803250144743174,1.6883040898566188,2.9484969286390794,3.29513172088034,12.266233934448618,3.8236202875237297,0.6865863388915588,3.887029817526808,0.9081930168268526,4.597482822636121,10.968518996673353
2024-08-12,1.89745661739976,3.8410688736846383,4.68726378040141,1.2737624973357182,3.722951808636606,3.6778524064795977,11.087644825351935,2.534162427571286,0.6618926906619221,3.887029817526808,0.93252413028477,5.785034919075194,11.995784839700327
2024-08-19,1.1528870732770429,5.2708273772966585,1.439446357936184,1.064749617580359,8.203173472805762,2.8907699852745736,34.23484717592676,0.712000238829445,0.6555935796571278,3.887029817526808,0.9152401109715316,4.386308672417547,10.438164898389068
2024-08-26,1.4412339237390528,2.7959890348041654,1.5399690916188165,1.6380627208574057,20.308809802732405,3.3467029913357784,12.393861021098608,0.9346967170023706,0.6393418208590687,3.887029817526808,0.8598460856977074,4.697223166911669,10.546207315597982
2024-09-02,1.7205222652401122,3.0757589016367555,1.6362586070865912,1.2891895512292388,5.760720100561418,3.532229809384528,9.96371163296314,0.9489275023243696,0.596600658993899,3.9085687464647942,1.0,5.601896068078976,10.007744763656175
2024-09-09,1.5064176447613202,3.601011889220372,4.597810479548866,1.8643856751444847,8.183574638547908,2.138554804710645,8.397508830201343,1.095899910838227,0.6173446064621925,3.9085687464647942,0.8608860866538245,6.799721348145042,11.435018078102571
2024-09-16,1.3371490371067407,2.6306433217868355,1.0205010685332796,1.36753045399171,6.109161074965179,6.841830438539972,13.690886414685323,3.126565257413935,0.6344756616876518,3.9085687464647942,0.94466180389811,5.16905500877587,9.700074959296918
2024-09-23,2.1939526795225333,2.09726609786313,1.4808555583877931,1.2631279661589192,9.335215643480554,6.09692712914984,9.916790119013427,0.4341513016081239,0.6676243526635584,3.9085687464647942,0.8172406715432551,5.896676715147026,10.868272145195442
2024-09-30,1.8728255728439849,3.570216782895183,1.5744354979312976,2.7967644575652693,9.271225822613872,5.751924169900978,7.185739933822401,2.6346507949215106,0.6516592050958738,3.9085687464647942,0.8802168239395673,6.425040161210912,11.33585163559419
2024-10-07,1.6569953484135942,2.5169383560940632,8.867833424396418,2.0084545238412077,5.4709415338758,3.1901201506027657,7.742364872882897,0.6919890792172462,0.6736335864393163,4.079450824187496,1.0,10.338106674653455,14.339239180931212
2024-10-14,1.2324658001338786,3.3418301132489945,3.927354336907566,1.88230959692677,4.306686268691443,3.0690029139587054,11.141257447483856,0.8785192776538107,0.6643229522206386,4.079450824187496,0.7142157205848414,7.294365405153656,11.548411585458998
2024-10-21,2.379041496303609,2.5473960942923393,1.7046405447174142,5.5204864064145855,6.486233930558598,2.2487086319002096,8.541620237182208,0.9845605976679952,0.6980692270863346,4.079450824187496,0.9062801726387436,9.259321940289999,12.812022500407501
2024-10-28,1.992295124512511,2.9204600490015267,4.64373266504289,1.120820435319221,8.658650729284844,2.515015755184166,8.975198749263509,0.4745531819090573,0.7142132467576394,4.079450824187496,0.8869105921082725,8.374321859178044,12.141919051355368
2024-11-04,1.5945827758862188,2.70204363069672,1.7679456007149903,4.105235683511784,6.498609738423751,5.332806019404194,14.02868849935646,2.9287635172316686,0.6989188049425326,4.079450824187496,0.9348473974076856,8.551999947293488,12.053350396465728
2024-11-11,1.8321606332095008,3.097161872261566,1.0069424441117825,2.185439321442172,7.280080738211514,3.0050842559017825,10.177176866395822,0.8144170808097965,0.70139672846124,4.079450824187496,0.8365405619966116,7.649052048738051,10.554711084710467
2024-11-18,2.142787697275792,2.0076138593078783,1.6928329514915392,3.1940692882299984,2.5743802438942733,2.576601668501103,8.850824073946267,0.6278194489421044,0.7007216804008789,4.079450824187496,0.8333150616674415,8.605770679979404,11.682592561867908
2024-11-25,3.5874213656437757,2.7212522387661116,1.378935198109729,0.7364913478708696,8.593984951969002,6.135153666092527,9.67674726146442,1.0476792717353076,0.7265836598161067,3.813663985844318,0.880454195727325,8.738499267729145,11.42215271557066
2024-12-02,1.437997323038264,6.091643041425851,1.8599074795126425,1.7882297234879116,13.187628523554448,1.8258722334980504,10.752621239481908,0.3835751358130197,0.7395966817020032,3.813663985844318,0.920218780650792,8.496802136475857,11.354254051355902
2024-12-09,1.3666830296234906,7.10786899927451,1.1324516662401338,2.008000489126921,8.447096036302206,3.479336025918383,9.022894833257643,3.0172574653398176,0.7489766266971604,3.813663985844318,0.7787289302837505,8.355328752782118,11.469836705749115
2024-12-16,2.3626274930419804,6.457726563876507,1.1861166959841778,2.037674967633438,13.746421070930968,5.885223459542195,9.3708957765329,0.7628051863110564,0.7491287720013386,3.813663985844318,0.8777650690158897,9.28642336853706,12.138283882965007
2024-12-23,1.45474203277195,3.466776892363948,1.272977180608526,2.2752929544039926,8.514815168900299,5.520132207697756,22.31851538265566,0.8104666285148864,0.7313273820526018,3.5094052228654977,0.9492590745606536,9.86176968944225,10.92357385362458
2024-12-30,3.412257318810136,2.6800379317352707,2.173589379914345,1.081255542544085,18.848096267903497,3.131292683400828,13.213649743090867,2.803788182033381,0.7447679968757653,3.5094052228654977,0.945738905104772,10.490141964282186,11.911122244934532
2025-01-06,3.3010637032864603,3.243522785730145,4.168684540788042,1.4190091966286091,13.506641847258209,2.306641489599946,9.106265253403391,0.9155664643959078,0.7448455842708295,3.5094052228654977,0.9269993605046783,11.431755413493605,12.453415214370024
2025-01-13,2.1617244223097702,2.9785023550655416,1.2791233472342622,1.8323330932773936,5.320585922932262,3.1124453261739635,8.54106676582013,0.5090818602801475,0.7163771837324548,3.811483655699172,1.0,9.374037298944529,11.288437062169345
2025-01-20,1.0667381915092244,2.0168687847066225,1.167098428497602,1.884276416084741,2.534363382650967,5.987417802289759,9.2045771484049,0.328615127131948,0.7192456123647403,3.811483655699172,0.904578026690775,8.685611630356092,10.382807156376796
2025-01-27,1.6308392119812023,2.652288233644977,1.8274957803797331,1.0104765481435931,11.407623708404998,5.677436091135413,10.67955880967446,0.9938749603323532,0.7354060932810167,3.811483655699172,0.8252299289473883,8.092242151202,10.772624096078586
2025-02-03,2.615939833910806,3.6062310085689457,1.9311024249733328,0.9234062217608988,8.872079759616112,1.751239891363345,6.690083198122758,3.348587504619492,0.7259456803593447,3.811483655699172,0.8594891942094075,8.428586721581434,11.379060087871764
2025-02-10,3.349443701028987,2.3797974630438317,3.8119480915008626,1.1294144898819745,8.241302240061996,1.926278075518476,11.925475842259164,1.0489150389579531,0.7498718193980554,3.811483655699172,0.8753583287672901,9.739993685376126,12.68522652876253
2025-02-17,2.666749147418628,6.916280680902337,4.890578014576288,1.6243561804871651,16.300749273063325,5.617661159499991,30.31029721128553,0.8156514549660777,0.7683199335319592,3.8723230766068433,1.0,10.82276417545069,13.58811411370771
2025-02-24,1.9347098658473896,1.8057734898513569,2.6335058943732825,1.4298727208830204,10.208407814053704,1.5590889702867696,9.7588006774378,0.6808721158260483,0.7877616473713163,3.8723230766068433,0.9554895942500512,8.477869047164074,11.885964562172498
2025-03-03,1.4814301458608332,6.124795507270699,3.4687147999703103,1.0404298781706138,12.521226242125325,2.7519210038057347,15.718263763151183,0.6029688790994655,0.804207134113648,3.8723230766068433,0.8922086039992999,8.071663929535406,11.798210353852314
2025-03-10,1.2303811056219385,5.964387416121612,1.290428970684043,1.1882655435279463,13.071613945913247,2.47202531228837,14.793065451650614,0.7205053842407834,0.7956091230971192,3.8723230766068433,0.931274314989138,6.904092065063335,10.902332133587045
2025-03-17,5.9245658477504985,3.939209775477113,1.6829083957843831,1.0385194784688203,10.424782576726027,1.614785020715682,7.579894332523402,2.5756709031395713,0.7863678556793189,3.8723230766068433,0.9490033771541616,8.820420754557023,13.296838831523878
2025-03-24,2.4140440512627,4.433324744417191,1.5716225149226288,1.22614492250439,14.762998960338072,1.944151174528944,10.693488973509194,3.296025868399985,0.7590082019615482,3.8723230766068433,0.9449819662623544,7.087462818186189,11.449804497553476
2025-03-31,1.4134618087126372,2.9470810833775354,1.639941780381627,0.9818183232854936,8.867211347035441,1.94559734014666,8.358701898661154,3.2481021655931284,0.7538539755947335,3.8723230766068433,0.8881981305319734,5.74136573303352,10.716730726396566
2025-04-07,4.378357579904116,2.75389059387307,1.957356841922362,1.2034664194537936,8.036246984506658,1.2896902737894589,22.43001128274426,3.1006860800746696,0.7650861821110277,3.699964405272182,0.9551638761405786,8.009661160998206,12.616382961699264
2025-04-14,1.2318500147839022,3.69958368366604,2.35263788689861,4.214788040435789,17.561439335134214,1.337818431325874,7.175721214434605,0.9968798556926994,0.7657697337489636,3.674847677131888,0.8206587687911869,6.893835667139427,12.384049372218835
2025-04-21,3.3501367636412875,4.58505207626546,1.453056132630642,1.1416682314660327,18.67491870938402,5.034834191733676,6.564794402347813,2.5759894469459597,0.7328098844123266,3.8607408437182302,1.0,6.812682367316203,12.375792542404586
2025-04-28,2.188068600403657,2.2607332461691603,2.2744291152769094,1.586091242169983,11.37857241104136,2.3964335272243704,22.425895736368,0.3738300676774453,0.7477728026151648,3.8607408437182302,0.7921534356196875,5.695564310238632,11.515193500982539
2025-05-05,2.237110971160631,3.3044399514831895,1.7123810187464628,2.0384332627384185,16.7598939705216,2.8567042614741824,6.157005078146373,0.6465634458391948,0.7671595435446766,3.8607408437182302,0.8565862000802156,5.864509635636607,11.625430132015047
2025-05-12,1.8680341691947409,5.689494990361018,2.285350218093903,1.377229225912295,12.57945853963596,1.0671164498292278,11.067337155060793,1.0186174091508011,0.7897010183955875,3.871713952017243,1.0,5.486796767137221,11.676614540278822
2025-05-19,1.22608266682135,4.058369366172795,1.3699008969952664,1.455259991903679,31.911093342027694,1.7831588489438923,16.574919016849595,0.8562372119256124,0.7876065870679421,3.871713952017243,0.9648740141089984,4.488552247498347,11.081721074726184
2025-05-26,2.15574013246459,2.0284723030185807,1.3403015928336977,3.5034920897818855,36.751418359154606,2.4328249209945865,9.74124056233726,1.1261844684163258,0.7999998550429309,3.871713952017243,0.9432232563576768,5.08058541423874,12.38354852145911
2025-06-02,4.050041656399197,3.57167675898048,2.50042784393286,1.416531272866973,11.319067924336714,1.7448807398044694,6.543762279901152,1.0638917103262286,0.8154486913400412,3.871713952017243,0.8453716048817422,5.686287600319905,12.612201692795981
2025-06-09,3.812139148367848,3.258666516471828,1.6500213576828782,1.4259301050377753,10.225717772488467,5.0254426287433605,5.798392047985987,0.3349296119497637,0.8127350254707861,3.871713952017243,0.8974489922264433,4.961947698560486,12.308521041023992
2025-06-16,3.798556452072748,2.099280545478105,2.367674998058687,1.1950000442609912,16.53644806349797,1.2622042136543117,8.316480597419392,0.4436318355985116,0.8295090569845627,3.871713952017243,0.961584725032956,4.896925903442078,12.672287719512955
2025-06-23,2.15655055069602,3.941497093078132,1.647190872742671,1.4224698378678322,14.153830752287211,5.128201775230334,6.1627154577813,1.1129877638337196,0.8253096553878326,3.871713952017243,0.9097268786138796,3.406171490980976,11.89199231346933
2025-06-30,1.3599773547052625,2.8740338235560743,1.1271334276035938,0.9063170793415556,13.93497696046314,2.7730787701033175,5.781648538069544,4.206317224619142,0.8304204188702041,3.891752655460947,1.0,2.6856282936071825,11.200442847821595
2025-07-07,1.9255890360096364,3.28539516425295,1.840137699821884,1.2543054722668636,5.554097880242694,1.5038878813298862,8.468979805745272,0.591870870651491,0.8486309710857685,3.891752655460947,0.9376529856470124,3.2083311859749113,11.340363761495011
2025-07-14,1.8697806584609424,2.333230254115931,2.185779683779158,1.3188689248738965,14.181634162631182,1.9500328423574744,10.509185286635974,0.740976267030549,0.8612192506646427,3.891752655460947,0.9389390303228642,3.354055521689489,11.933048482453763
2025-07-21,3.717952305680014,8.313286746257251,2.442361706601512,2.761463801239866,11.219289047726486,2.124171809750487,4.273342941899056,2.7570415193019713,0.8738733712822855,3.891752655460947,0.8053465799274055,5.429668092745151,13.816667880917231
2025-07-28,1.7040498233601054,3.3461786345692603,1.397395607776727,1.3042957192388451,12.599848286618831,1.501342191023294,5.769038433495247,0.6824159952779193,0.8854682890655169,3.891752655460947,0.9453569287477072,3.451784870438709,11.622259166934638
2025-08-04,2.56670716297119,2.9974284307580596,1.0503096163099728,0.9292306339931502,7.874149573434073,6.727147011058617,7.224102757811808,2.5037817032759695,0.8558586134466701,3.891752655460947,0.939485201760282,3.9286562930849485,11.546394984939758
2025-08-11,2.271289613921101,2.2647682545684424,1.941117879032619,1.3906164811937631,8.584360390134417,1.8172408420060968,7.390548677357165,0.8172926074280124,0.8679088942340831,3.891752655460947,0.8705596915123288,3.4743174219148725,11.621739794406666
2025-08-18,1.7257943678467562,3.075057384009276,1.7490536366658918,0.8512478724840074,12.830394728922784,4.697306522081712,6.186038538721069,0.3942936793415779,0.8698233557494099,3.6790953378122953,0.8939145393687361,4.0915026453562024,11.616771423978745
2025-08-25,3.1265306916801037,2.830010990749027,0.8969846346068714,3.668218831965127,7.7633954499729185,2.0799272669430646,9.21939895366658,0.4119397474815713,0.869182770534737,3.6790953378122953,0.8351371509373,6.074808531620946,12.97730838817185
2025-09-01,2.1058481858778575,5.142662289100194,3.697138312439632,1.4654817936435125,12.44513968515198,1.3792565022345742,5.995023747098424,0.3729284889801042,0.8643871051302566,3.6790953378122953,0.9257369242364708,6.49735965543039,12.678455303618074
2025-09-08,2.3862962798991063,2.725669305655794,1.2135193826543624,1.805521061873907,11.7651092331336,2.59136556860998,16.886198812870518,0.3364593301752956,0.8793718644327063,3.699592968424066,1.0,5.364846906030531,11.401639259834411
2025-09-15,1.9857582446824888,4.9104109326295164,1.0435816506335134,3.500549560389017,11.45789116863098,1.535497417463748,4.987932553181886,2.7252783752905847,0.8692097835713257,3.699592968424066,0.8873773245364013,6.087824624838495,12.434006018011166
2025-09-22,2.048778174768364,4.037433238841287,2.2440697099729334,0.9061501630598104,13.945582011780758,2.083131942065626,9.020488829436214,3.065427077485609,0.8667794834501892,3.699592968424066,0.9363800750862588,6.347588388280755,12.094940946234475
2025-09-29,1.8736745228758849,2.5947584819118994,2.1567645525176995,1.5704160391557722,13.765728114337838,2.5062309190269785,10.79598361007089,0.3760015137207534,0.8689021509726518,3.699592968424066,0.7084430002519654,5.796827190575484,12.098727764936388
2025-10-06,4.953823257484297,2.3681117089099017,5.777038670205355,1.6856181473720326,16.368057312485664,2.3861090147901187,8.961033823569771,0.4607180383296209,0.8772255480531399,3.699592968424066,0.9772341981037672,10.221184288166343,15.430793296458491
2025-10-13,1.9294645018523735,2.183446239904479,2.2334676010372516,1.5052996079562295,16.845753550191034,5.528351790422905,4.367724070233178,0.3517843012150526,0.8951969402551843,3.699592968424066,0.993234954186971,7.389727458413927,12.711402267636146
2025-10-20,3.88237955543938,4.05994938256467,1.506683099567795,1.374301262590677,17.787803880121057,2.0442462023272303,3.680269043391758,3.6185905538269254,0.8944185643424365,3.699592968424066,0.95008312924242,7.801155962784308,13.113359251364404
2025-10-27,1.564006905736154,2.734785404371409,2.5516926737247068,0.9825943420761796,18.79593395556778,2.086112647928729,4.609345527860921,3.18944086269496,0.8725819556953431,3.907354077071736,1.0,7.272748857577089,12.253851112096157
2025-11-03,3.891742911230958,2.4412212543569005,2.1366479644422407,1.213809859288713,16.66520104002225,1.9055929567249124,6.754342976699228,0.717530629737431,0.8483852003150247,3.907354077071736,0.8441030727919029,7.604827884442496,13.183570357315988
2025-11-10,2.1721401427030704,3.140898354370662,1.4112281068692816,1.291136986693283,18.789019046471285,1.7537521703756604,5.948280236725437,0.9369631509180272,0.8391448303145471,3.907354077071736,0.7859465913368817,6.6882210187430635,11.789093296255976
2025-11-17,1.5760508620489715,4.058958456521939,1.5703643671279228,1.5238868096481353,13.661049626604758,1.6487389874330696,4.289750822271271,2.711574625212737,0.8173844775009411,3.907354077071736,0.8114518107530724,7.078995063517768,12.16162586674117
2025-11-24,3.693592357605316,1.793061729129393,1.2160725076014445,1.3171088188021405,26.612610618159263,2.872414662237642,8.600379547799275,2.761862782733812,0.83641849219946,3.907354077071736,0.9436821666656414,9.249325387627465,12.171031445372757
2025-12-01,1.788304992610484,3.286856308905442,0.9576376834615096,1.1942922172013917,18.160187451999693,1.5939533256763134,4.54996387900419,0.3074516655545461,0.8536029708542476,3.907354077071736,0.837764460283823,6.714448078611523,11.58970861208279
2025-12-08,3.7961137552574566,3.483329582301812,1.7117549725823529,1.094318081594048,40.15847090116672,3.0099327273158063,6.734958978858723,0.5677630890100395,0.8563545780218247,3.907354077071736,0.8224866060193046,8.964516695090436,12.652048726248822
2025-12-15,1.958657367150602,5.835104470017037,1.53094259009551,3.5095998022652286,21.0836697569596,2.2033217957790443,5.941674587698069,3.114402722267038,0.8532550829387375,3.687300361380884,0.9888297295926582,10.273327074611446,12.85440259277069
2025-12-22,2.0083623092302387,2.5063563003061775,1.1634012155320863,1.7402639858970756,18.153479564105847,1.6784417234973814,10.167976568592447,1.0546489547483004,0.8361412343813343,3.687300361380884,0.9185299851922516,9.19262830540705,12.135748530563587
2025-12-29,1.69236396193187,2.8326141973157912,1.2692456008263338,1.43509584555298,17.568857548839567,6.053449861366676,6.475203587928078,0.9371636359778924,0.8143291086232943,3.731679768362863,1.0,9.260906941145615,11.675650438495367
2026-01-05,1.680394350867118,3.634041206732171,1.812880082663283,0.9469232148226332,20.2707941853871,1.9257031435521872,6.772667165327245,2.531007262329733,0.7807214041312153,3.731679768362863,0.886873076196423,8.279433962447445,11.433844845693857
2026-01-12,1.209742531367803,1.9339420999956944,4.35183516718062,1.4776350643082454,20.891370670987826,1.694934852073211,3.8052678982106465,0.5833074021496469,0.7789184890831563,3.867783189674225,1.0,9.412041671370137,12.675121783152868
2026-01-19,4.255002644864904,3.0516153966566057,1.6131903579623257,1.1089041118835463,13.131695388407456,3.2998404950795006,5.076411605755341,0.6452260525010496,0.7881344528403198,3.867783189674225,0.7565346089045059,8.905176673833282,12.62729730004248
2026-01-26,2.1554279513269714,3.4109604247800323,1.3767968737602354,3.307557351107661,18.807259761415953,1.9694318021531456,7.76321813410448,1.1426326665862152,0.7872413318105153,3.867783189674225,0.8944996940670407,9.040277674791502,13.084545205660733
2026-02-02,1.7689923293667031,5.67392228656233,1.7163284115297457,1.1498434982012795,24.22427293539139,3.789406539577171,8.97372386283438,1.0345156653309164,0.8069400043629006,3.867783189674225,0.8990518539096901,8.131300161331746,11.687871115236243
2026-02-09,1.7413604298117435,3.0637024560782953,1.7668752143759114,1.0426745357129203,15.766307187233368,2.96101731505704,5.667260606155254,0.6385513386277549,0.80777089165714,3.867783189674225,0.866009629491288,7.8191227265222505,11.524345028330618
2026-02-16,1.7102753535261177,3.4663198156122377,1.7542026555210852,1.483688970174616,13.16976311922955,2.4422892589442093,6.329452908594657,0.6640947485180702,0.8118643660402648,3.867783189674225,0.932506528075397,8.182286475835543,11.457970925886594
2026-02-23,1.869688420894106,2.989449311263095,1.828290811005215,1.237770881627964,35.886515992333784,3.33876958059288,8.668115515101498,3.1563149106165445,0.8025524103640279,3.867783189674225,0.8225834445869163,7.403922448228601,11.481202865114756
2026-03-02,1.996861621238606,3.3656817656660616,1.7636528002322456,1.4332044684508531,10.972401202592064,2.78297468093322,6.117689748425523,1.1289988477103503,0.7864364170376001,3.705402193573363,1.0,8.21453902131266,11.662298387544169
2026-03-09,3.89949680800417,1.699444697350083,4.356795987116886,0.92791348758946,11.861501221314798,2.9573084562416208,5.788504052149056,0.8114964780391596,0.7997577653347582,3.705402193573363,0.9866188846459604,9.531231110239874,13.526928701012526
2026-03-16,1.8216192309814263,3.947265965095103,4.143838614151913,1.683247456548017,18.053829514693533,2.1070971133051577,10.272191854020663,0.8659375716508858,0.7984295595868727,3.705402193573363,0.911347287656588,8.554099363342296,13.236566821920858
2026-03-23,1.5632271764796766,3.439429460078017,1.5040921468472848,1.4934432878004966,10.45228346561625,6.406920908956717,3.957354104547205,0.7094561714008298,0.8007594460756383,3.888493323482792,1.0,6.63402510271158,11.672901904462893
2026-03-30,2.165029455420484,2.790793000437068,1.378003613444195,1.7062509561743258,13.7848341550406,6.155967063821908,4.521008660706446,2.892535430903054,0.791676792757584,3.888493323482792,0.8072253021152599,6.65220171262722,12.11530978926675
2026-04-06,1.4040224172280085,1.8379389933957009,1.5333106799469411,2.0057872630999403,16.428117573071333,2.0443912371005313,8.078458594698052,2.514857930472765,0.7683145223571104,3.888493323482792,0.8496759135020882,6.5387455965862795,12.067368927785594
2026-04-13,4.438978372612665,1.9985175541010785,1.6269256292573298,1.438852520782145,11.7067010349005,2.949272383981244,11.339664316182644,0.6188215685104365,0.8047779043665012,3.888493323482792,0.9115015373006552,7.381241032344732,13.581104177037957
2026-04-20,1.7546579042955832,3.1644485737831687,1.6958199879264613,1.3980225961897057,14.462794768711111,3.3022471111457543,6.830726494605332,1.1579144284661762,0.7961341493404165,3.888493323482792,0.8804974698094071,5.05682824542125,12.257680789909253
2026-04-27,1.5148163077171948,3.740765405234832,1.4235915098399838,3.846441311133467,10.885561406565966,2.210865734865919,7.422511708101849,1.196519311368068,0.817361125267362,3.888493323482792,0.9206127632400926,6.032826765177306,12.943430117446002
2026-05-04,1.708251805238712,3.765282709453472,1.1903643165451074,1.088702395146482,20.673347205148794,3.991373677863331,8.274367983183135,3.3856829629452045,0.8334803541065948,4.16803793840727,1.0,4.61589520595982,11.954642803762571
2026-05-11,2.4281365172033107,3.2117876741777955,4.322223715151182,2.223068275845565,18.14377042775031,3.962631499226396,10.092546345455103,3.774153340687256,0.8546679244848371,4.16803793840727,0.8218893081513357,6.3184608477270645,14.908529709619504
2026-05-18,1.2046496370285236,2.2542582617063367,1.5145372447614207,0.9634667701320004,19.232732054559495,6.242480994321157,19.334156037660367,1.1476125034113775,0.8598285916792004,4.16803793840727,0.7660927574277155,3.2984940306922095,12.450116796146292
2026-05-25,1.6383209196077408,3.497405555737721,1.3856653869310929,1.6356301694238768,21.560389541964614,2.7451873320369717,4.300363824207238,0.3546900167231956,0.851657101430211,4.16803793840727,0.8037676822038416,3.8323634825146464,12.190783923072562
2026-06-01,2.3977175921887093,3.412816306626691,1.4748580058630552,1.0060156931905555,15.26471658953958,2.1854971051146355,5.926461636787575,3.4595863207745263,0.8603685531751923,4.16803793840727,0.8394992362375852,3.8010467075536956,13.14962110814409
2026-06-08,3.45133539136081,3.2114464524800628,1.406394041857049,0.9138572519006348,29.478357476912525,5.692874000448758,6.605725630558745,0.3473399232214215,0.865800365430756,4.16803793840727,0.8822661099064643,3.977324978547533,13.491719846362844
2026-06-15,1.5701239372969844,6.363132679953746,1.691568734070121,0.9048127085275502,20.115316772209173,3.2711058282011787,5.0389919978196245,0.7054528435374322,0.8714888930719048,4.16803793840727,0.849973695613733,3.069323082296528,12.371628399011412
2026-06-22,1.56678004144955,1.9993010063332433,1.2311127233202066,1.260818223976191,14.639967106222148,2.047592056471077,10.334131295817542,0.3634423868268446,0.8794063433348771,3.694241664190023,1.0,3.4014693834066554,12.459971492185938
2026-06-29,2.1407321817690246,2.790891969713364,0.8463368046980411,1.926774465495511,21.802295451345376,1.566953296671958,6.749453543035966,0.3820834051727292,0.8886562536281789,3.694241664190023,0.974992610840202,4.081850980331508,12.491494113213864
2026-07-06,3.965635542923759,1.8555004386022136,1.92152675128057,1.3569379379376758,7.549143867273402,6.220271529054357,3.838071878647755,0.38528841615864,0.9012844605955754,3.694241664190023,0.9765572359050602,4.804919304456444,13.657907424006261
2026-07-13,1.673829138199054,3.5364079516355975,1.6514829416436825,1.323647982406813,10.381376080355158,2.0222261321899007,5.669827757987687,3.723292555261353,0.9026272206273436,3.694241664190023,0.9377106726103314,3.7971531103770393,12.479080576132555
2026-07-20,2.193892834293097,4.455521469069171,1.088988837851277,1.528665397519,14.668160375842929,1.8241738064918884,2.3061428761619203,0.7451103336076045,0.9042000703085624,3.694241664190023,0.931559804994136,3.488925860508364,11.978077837456231
2026-07-27,2.1779869416187436,3.4241778258567663,1.3657202244340738,0.8064493812739179,26.752941402512135,2.0928922960254384,2.372569572794237,0.8051688520130459,0.912048176992354,3.694241664190023,0.9139037910540776,3.2074313188809738,11.938937126983035
2026-08-03,4.082993725995108,5.7641608819897066,1.419795929692323,1.10662994959164,8.57325060375876,4.204862300432333,2.0466019680274257,0.0,0.9221602401001604,3.807293763681277,1.0,5.266929955485227,13.382120750678016
2026-08-10,1.6544648468270804,3.078580781270247,2.350757615790612,1.5390820738135915,8.637224109516282,3.3599282529236136,5.585637886195725,0.0,0.9149754696982874,3.807293763681277,0.9307221721164742,3.9678331904778705,12.546290021000456
2026-08-17,1.3480613089573203,2.782448131028634,3.7538624450260234,1.016541118142933,36.216828062902565,4.73635732904737,7.618034319364993,0.8130384774414331,0.9172223001725174,3.807293763681277,0.9704056996647296,5.010184889870035,13.102802630899353
2026-08-24,1.7359208486352982,2.23766588470276,1.4498094036564362,1.8725199388085272,20.67056050355303,1.8619815387946776,0.0,0.3020187162609535,0.9108728987648594,3.807293763681277,0.9044665729662408,4.184140279604375,12.522818987213885
2026-08-31,3.408999888927386,6.123253325139515,2.2953822014564262,1.9960246708295424,22.43006886035505,2.040742032760058,7.2158541909623795,0.0,0.912231298734844,3.807293763681277,0.9024510765208404,5.6628007556263205,13.914774407292617
2026-09-07,2.1303965983595283,2.7790561242428127,4.352411456764427,1.524792731114364,13.041343551789751,2.4639640185761773,2.602125399750152,0.9736032910151012,0.9130847667562332,3.807293763681277,0.9797063266756584,6.201897061267307,14.357025944539188
2026-09-14,2.1940416704983963,3.1425696427568015,2.1479369650935296,1.4420062929021231,15.143379211561228,1.9568197557853704,3.7108551576531865,1.0657400266545085,0.9207576078270135,3.807293763681277,0.96351822411368,5.065992103127029,12.99003747705092
2026-09-21,1.8526369097236328,2.9744670867023,1.919111196108783,0.7558982488865064,16.447619276057633,1.6245111094908262,3.287411480266232,1.0875351937849171,0.9264318026781664,3.7300297877913264,0.9555871832267614,4.824022290014265,11.666566368924641
2026-09-28,1.4431256154919287,2.2769162933050757,4.2195816626217155,1.5315909782189867,34.38977093603064,4.481509547759582,3.9902794821853673,0.3437490992400646,0.9248610756364825,3.7300297877913264,0.8338628939858864,5.791230842980285,13.35587281219184
2026-10-05,3.6930462575821714,5.915050817111712,2.374867695379048,1.1845905455842984,16.94382393968992,0.8187433386517076,4.26018769252696,0.974785091861714,0.9325209035092236,3.7300297877913264,0.7800696110437062,6.522072333706227,13.825367737389335
2026-10-12,1.934213683133613,2.9295034552590553,1.9801544181552564,1.514485258041066,20.363403216265112,2.4058740148085507,3.4232522568829196,0.4088033699624078,0.9402652615369864,3.840758265350339,1.0,6.366944681403028,12.796679012351486
2026-10-19,4.143002213422878,5.697685298274897,3.5647806552498995,0.8730403424226844,35.39217672312113,1.6316471374116372,5.286420297365091,0.3621197906894045,0.94026447023678,3.840758265350339,0.832913009364603,7.917742599084814,14.471408183652025
2026-10-26,2.355601207393289,1.9860865632808236,1.5136990945250273,1.4547892448899788,17.077766271628725,4.662292562861073,6.88981072158923,1.157902738077992,0.9265885503713543,3.840758265350339,0.9516828306931108,6.91053518578543,12.59688606429498
2026-11-02,2.352889535515767,6.042234500251088,2.2078794031369435,3.5750670626950387,17.028788570232628,1.987122330595554,7.770244996263616,0.0,0.9202996162655872,3.9448573957985342,1.0,8.833160493645144,14.654314029263316
2026-11-09,3.684904223815372,2.8428353329494516,4.900437300634396,1.0870630821027036,14.955563137175083,1.5865589682584678,7.34941372668521,0.0,0.9272675747304464,3.9448573957985342,0.7693994656949664,8.624399645493577,15.146263318294507
2026-11-16,4.2179127593787955,2.5800660601969088,1.021285572244248,2.2140617976528474,17.846326373851042,1.5297934948504996,8.001726375145783,0.0,0.9318308054431444,3.9448573957985342,0.8722878618672281,8.286097934859473,13.898900609375318
2026-11-23,1.3528397207114398,6.06066289069296,2.511203561789661,1.0517552832235888,19.25447661210894,2.391765571378555,21.591143299081622,0.0,0.921147381185216,3.9448573957985342,0.8966780806643632,7.067499089544478,12.81049248471647
2026-11-30,1.4265444003121748,2.649254363458195,1.402025220614273,1.747081630959162,12.820094914558382,2.7529174360736515,17.538628172656733,0.0,0.9209582904689902,3.9448573957985342,0.9517289568376432,7.234659700072215,12.259354575349416
2026-12-07,1.9580682026971752,2.523041781251488,4.159316225027293,2.1037068065607434,21.914002979357367,2.2653735746088643,6.181942189922308,0.0,0.9208107051488597,3.9448573957985342,0.9073916750590753,8.839731056506574,14.186012187129974
2026-12-14,2.1690322885065365,3.461411818999986,2.1989040666343618,1.451915924219804,17.783540951444476,1.77349838217476,22.68954787739123,0.0,0.9328015322464112,3.9448573957985342,0.9349755856623742,8.142764296513205,12.990300746683548
2026-12-21,1.752738869509002,2.253333525021772,2.3387571214834253,3.841284488741104,17.516775076773527,1.9414091609727997,6.255462033008924,0.0,0.9246799174725502,3.7544350141766007,0.9968277723245916,10.065299095658638,14.2008926730183
2026-12-28,4.5612782263644815,2.008828249322556,1.340301831454333,1.1664392754250374,11.95490453205001,1.7128724904566288,6.895498090134252,0.0,0.9254339336732452,3.7544350141766007,0.8363698219240465,8.36491826128337,13.629142966737549
